case_id,question_id,distractor,construct,subject,question,correct_answer,student_wrong_answer,ground_truth_id,ground_truth_name,label_frequency,frequency_bucket,candidate_01_id,candidate_01_name,candidate_02_id,candidate_02_name,candidate_03_id,candidate_03_name,candidate_04_id,candidate_04_name,candidate_05_id,candidate_05_name,candidate_06_id,candidate_06_name,candidate_07_id,candidate_07_name,candidate_08_id,candidate_08_name,candidate_09_id,candidate_09_name,candidate_10_id,candidate_10_name,candidate_11_id,candidate_11_name,candidate_12_id,candidate_12_name,candidate_13_id,candidate_13_name,candidate_14_id,candidate_14_name,candidate_15_id,candidate_15_name,candidate_16_id,candidate_16_name,candidate_17_id,candidate_17_name,candidate_18_id,candidate_18_name,candidate_19_id,candidate_19_name,candidate_20_id,candidate_20_name,candidate_21_id,candidate_21_name,candidate_22_id,candidate_22_name,candidate_23_id,candidate_23_name,candidate_24_id,candidate_24_name,candidate_25_id,candidate_25_name
EEDI-001,0,D,Use the order of operations to carry out calculations involving powers,BIDMAS,"\[
3 \times 2+4-5
\]
Where do the brackets need to go to make the answer equal \( 13 \) ?",\( 3 \times(2+4)-5 \),Does not need brackets,1672,"Confuses the order of operations, believes addition comes before multiplication ",1,1 occurrence,656,Reverses the order of operations but does not apply the inverse operations when finding the input of a function machine,516,Thinks the inverse of multiplication is addition,1119,Does not interpret the correct order of operations in a fraction when there is an addition on the numerator,1026,Does not reverse the order of operations when finding the input of a function machine,1679,Uses addition instead of the associative property of multiplication,2586,Misunderstands order of operations in algebraic expressions,638,Believes multiplication is not commutative,1866,Confuses additive and multiplicative relationships,2488,Answers order of operations questions with brackets as if the brackets are not there,1672,"Confuses the order of operations, believes addition comes before multiplication ",1170,Confuses the order of the digits in stick multiplication,1971,Confuses the inverse operations of addition and subtraction when rearranging equations,414,Divides by the order of the root,1429,Believes equivalent fractions are formed with addition not multiplication,1205,Thinks a variable next to a number means addition rather than multiplication,328,Performs addition ahead of multiplication,2518,May have made a calculation error using the order of operations,1941,"Confuses the order of operations, believes subtraction comes before multiplication ",520,Thinks the inverse of addition is multiplication,2532,Believes order of operations does not affect the answer to a calculation,1999,Does not interpret the correct order of operations from a worded problem,256,Does not reverse the order of operations when solving an equation,1856,Thinks multiplication and addition are the same,158,"Believes addition comes before indices, in orders of operation",15,"Confuses the order of operations, believes addition comes before division"
EEDI-002,100,D,Interpret a pie chart,Pie Chart,This pie chart shows the colour of hats that Tom owns. ![Pie chart showing the colour of Tom's hats. Blue is 90 degrees. Yellow is approximately 195 degrees. Red is approximately 40 degrees and green approximately 35 degrees.]() What fraction of Tom's hats are not blue?,\( \frac{3}{4} \),Impossible to say,1326,Does not know the meaning of square sign for right angle,1,1 occurrence,222,Does not know the meaning of absolute value,114,Does not know the meaning of the word parallel,1327,Does not know the meaning of attribute data,1693,"Does not know the meaning of common, eg. common factor",1528,Does not know the meaning of alternate,478,Does not know what a square number is,366,Does not know the meaning of the identity symbol,1513,Does not know the meaning of perpendicular,423,Does not know the meaning of equilateral,1351,Does not know the meaning of congruent,219,Does not know that a right angle is 90 degrees,2467,Does not know the meaning of the word equidistant ,137,Does not know the meaning of the word identity ,933,Does not know the meaning of corresponding,2494,Does not know the meaning of consecutive,255,Does not know the meaning of the word regular ,1083,Does not know the meaning of uniform cross section,1470,"Does not know the meaning of the word ""product""",1428,"Does not understand the meaning of ""value""",2321,does not know the meaning of the word digit,701,Does not know the meaning of vertically opposite,465,Does not know the diagonals of a square bisect at right angles,2130,"Does not know the meaning of the word ""sum""",1009,Does not know the meaning of bisect,1326,Does not know the meaning of square sign for right angle
EEDI-003,1000,D,Simplify an algebraic fraction by factorising the numerator,Simplifying Algebraic Fractions,"Simplify the following, if possible: \( \frac{1-t}{t-1} \)",\( -1 \),Does not simplify,353,Does not recognise when one part of a fraction is the negative of the other,1,1 occurrence,1133,Does not recognise a quadratic graph,1469,Does not recognise when simplifying a fraction may be helpful,2215,Does not recognise when to find a factor from a worded question,1348,Does not recognise a parallelogram,748,"When finding the negative power of a negative power, assumes they can ignore one of the negatives",1226,Does not recognise the distributive property,441,Does not recognise a unit of volume,2340,Does not recognise when to find a multiple from a worded question,113,Does not recognise difference of two squares,865,Does not recognise a unit of mass,941,Does not recognise that subtracting a larger number from a smaller number will give a negative answer,136,Does not recognise a reciprocal equation,353,Does not recognise when one part of a fraction is the negative of the other,1740,Does not recognise the properties of a kite,1806,Only recognises the negative form of a quadratic graph,1373,Does not recognise a unit of time,899,Does not recognise parallel lines angle rules,2050,Does not recognise a unit of length,1480,Does not recognise the notation for parallel sides,2021,Does not recognise when a fraction can be simplified,257,Uses numerator as whole part of a fraction,578,Does not recognise when a surd can be simplified,167,Does not recognise factorising a quadratic,1361,Does not recognise that addition is the inverse operation of subtraction,1892,Does not recognise the sin graph
EEDI-004,1006,D,"Given the area of a trapezium, calculate a missing dimension",Area of Simple Shapes,"The area of this trapezium is
\(
30 \mathrm{~cm}^{2}
\)
What measurement should replace the star? ![A trapezium with 8cm and a star on the parallel sides, and the perpendicular height is 5cm.]()",\( 4 \mathrm{~cm} \),Not enough information,305,Does not know the formula for area of a trapezium,1,1 occurrence,1883,Uses only the base and perpendicular height when calculating the area of a trapezium,402,Does not know the definition of a cone,2197,Thinks you multiply parallel sides to find the area of a trapezium,2072,Confuses formulae for area of triangle and area of rectangle,1252,Doesn't know the area of a triangle formula,2511,Does not know the properties of a linear graph,295,Does not know the word and/or does not know the function of a compass,653,Does not have when calculating the area of a triangle,2195,Does not know the definition of a prime number,2353,Does not divide by 2 when calculating the area of a trapezium,680,Does not know the term transversal,2332,Uses slant height instead of perpendicular height to find area of a trapezium,305,Does not know the formula for area of a trapezium,1180,Does not know the properties of a rectangle,634,Does not know the term numerator,1788,Uses slant heights instead of parallel sides to find area of a trapezium,2450,Does not half sum of parallel sides when finding area of a trapezium,1927,Does not know the definition of a prism,1059,Does not know the definition of the range,2388,Uses formula for area of a parallelogram when finding the area of a trapezium,1528,Does not know the meaning of alternate,2115,Believes any of the angles can be used in the trigonometric formula for area of a triangle,396,Does not recognise the height of a trapezium as the perpendicular length between the parallel sides,1175,Uses base instead of height as h in area of a trapezium formula,2103,Believes h in the formula for area of a trapezium stands for half the sum of the parallel sides
EEDI-005,1012,B,"Multiply algebraic terms, involving non-linear versions of the same letter (e.g. 4a2 x 2a)",Multiplying Terms,"Which of the following expressions is equivalent to:
\(
\left(2 p^{2}\right)^{3}
\)",\( 8 p^{6} \),\( 8 p^{2} \),1443,"Thinks that when raising a variable with a coefficient to a power, only the coefficient is affected by the power",1,1 occurrence,1113,"When substituting a value into a non-linear term with a coefficient, multiplies by the coefficient then calculates the power.",1137,"When squaring a variable with a power, thinks that the power is squared rather than doubled. ",1233,"Believes that when eliminating a variable, if the signs of the terms with matching coefficients are the same, we add the equations.",2441,Thinks multiplying by a number is the same as raising to the power of that number,1885,Thinks a power raised to a power leads to addition of the powers,1443,"Thinks that when raising a variable with a coefficient to a power, only the coefficient is affected by the power",32,"When squaring a variable, believes they also need to square the coefficient",593,Thinks multiplying by a variable is the same as raising to the power of that variable,2274,"When dividing variables, thinks they subtract coefficients as well as powers",1092,Cannot spot a coefficient within a written scenario,196,Confuses a variable with an equation,298,Confuses a constant with a variable,400,Thinks multiplying a variable by a number is the same as raising that variable to the power of that number,199,"Believes that when multiplying a number with a power, the multiplier is added onto the power",2114,"When completing the square, believes a coefficient of x^2 does not affect the value of the constant inside the bracket",2077,"Believes that when eliminating a variable, if the signs of the terms with matching coefficients are different, we subtract the equations.",341,Believes the second term in a 2 term quadratic equation is always a coefficient and the variable,452,"When a variable in an expression has a power, thinks the power applies to the whole expression",2008,"When substiting into an algebraic term, raises the coefficient to the power of the variable rather than multiplying the coefficient and the variable..",267,Writes the variable before the coefficient in an algebraic term,2372,"Believes that when factorising a quadratic with a coefficient of x squared, the two constants in the brackets still add to give the coefficient of x",1091,Confuses a variable with a formula,528,Does not think that a variable with no coefficient has a coefficient of 1.,1420,"Believes that when eliminating a variable, regardless of the signs of the terms with matching coefficients, we subtract the equations",2088,"When multiplying variables, thinks they add coefficients as well as powers"
EEDI-006,1017,A,Solve one-step linear inequalities in one variable where the variable appears on one side of the equation,Solving Linear Inequalities,"Solve the inequality:
\(-3>p-1\)",\( p<-2 \),\( p<-4 \),2217,Thinks subtracting a negative makes your answer smaller,1,1 occurrence,1400,Believes dividing a negative by a negative gives a negative answer,2225,Thinks signs are interchangeable when adding or subtracting positive and negative numbers,1648,Believes dividing two positives will give a negative answer,433,Believes a negative power results in a negative answer,479,Thinks a divide and a negative sign next to each other makes a plus,160,Believes that adding a positive to a negative makes your answer more negative,2217,Thinks subtracting a negative makes your answer smaller,1558,Believes dividing a positive by a negative gives a positive answer,947,Makes the number negative when asked to find the reciprocal,1805,Does not realise that subtracting a negative is the same as adding it's additive inverse,1937,Believes subtracting a positive number from a negative number makes the answer less negative,2566,"When subtracting a negative number, subtracts the absolute value rather than adding it",2018,Thinks a divide and a negative sign next to each other makes a minus,774,"When subtracting mixed numbers, does not realise that a negative fractional answer needs to be taken away from their integer answer",974,Believes multiplying a positive by a negative gives a positive answer,152,"Believes that the smaller a divisor is, the smaller the answer will be",2019,"When there's a negative sign in the question, thinks the answer must be negative",1435,When subtracting from a negative thinks the answer must be positive,1282,When subtracting a negative thinks the answer must be negative ,2408,Does not realise that subtracting a larger number will give a smaller answer,1597,Believes multiplying two negatives gives a negative answer,1800,Believes multiplying two positives gives a negative answer,34,Believes dividing a negative by a positive gives a positive answer,1135,"When subtracting a negative number, adds the absolute values and then writes the answer with a negative sign",941,Does not recognise that subtracting a larger number from a smaller number will give a negative answer
EEDI-007,1020,C,Solve length problems involving similar shapes where the missing length is the shorter one,Length Scale Factors in Similar Shapes,"Rectangle \( \mathrm{P} \) has been enlarged by a scale factor of \( 1.5 \) to give rectangle \( \mathrm{Q} \).

What length should replace the star? ![Two rectangles, the smaller labelled P and the larger labelled Q. Q has width 9cm and length 12cm. The length of P is marked with a star.]()",\( 8 \mathrm{~cm} \),\( 9 \mathrm{~cm} \),637,Does not recognise the corresponding sides in similar shapes or enlargements,1,1 occurrence,167,Does not recognise factorising a quadratic,293,Does not understand that similar shapes sides must all have the same scale factor,637,Does not recognise the corresponding sides in similar shapes or enlargements,1226,Does not recognise the distributive property,1740,Does not recognise the properties of a kite,1892,Does not recognise the sin graph,912,Thinks adding the same value to each side makes shapes similar,1509,Does not realise that all regular shapes of a certain type will be similar,1480,Does not recognise the notation for parallel sides,2050,Does not recognise a unit of length,2188,"Does not understand that enlargements can make shapes make shapes bigger, smaller and the same size",396,Does not recognise the height of a trapezium as the perpendicular length between the parallel sides,2360,Thinks the scale factor is found by adding the lengths of two corresponding sides together,1373,Does not recognise a unit of time,1242,Does not recognise the similar shape as the shape has been rotated and the scale factor is less than 1,1348,Does not recognise a parallelogram,865,Does not recognise a unit of mass,136,Does not recognise a reciprocal equation,1133,Does not recognise a quadratic graph,1117,"When finding a missing length on similar shapes, just find the scale factor",1281,Does not understand that similar shapes and enlarged shapes will have the same size angles as the original,1583,Does not recognise the origin as the starting point for coordinates,36,Enlarges by the wrong centre of enlargement,933,Does not know the meaning of corresponding,2021,Does not recognise when a fraction can be simplified
EEDI-008,1025,A,Read the graphical solution to a pair of linear simultaneous equations from a diagram,Graphical Solution of Simultaneous Equations,"According to the graph, what are the solutions to the simultaneous equations? ![The image is of a set of axes with two straight lines drawn on. The red line goes through the points (0,6) and (3,0). The blue line goes through the points (0,3) and (6,0)and the two lines cross at (2,2).]()","\( x=2, \quad y=2 \)","\( x=3, \quad y=6 \)",1464,"When solving simultaneous equations graphically, they think the solutions are the y-intercepts",1,1 occurrence,1454,Believes they can eliminate a variable without making the coefficients the same in simultaneous equations,930,When solving simultaneous equations thinks that identical terms in given equations can be eliminated by either adding or subtracting.,2324,Believes the y-intercept of a line is the root of its equation,94,"When solving simultaneous equations, thinks they can add variables to one of the equations to make terms across the 2 equations identical",1728,"When solving a pair of simultaneous equations, thinks they need to make the coefficients of both variables the same",2060,"When solving simultaneous equations graphically, they think the solutions are the x or y intercepts",1768,Believes the y-intercept of a line is the solution to its equation,1729,"When solving simultaneous equations, finds the correct numbers to transform the equations, but uses them the wrong way around.",614,"When solving simultaneous equations, thinks you only transform the term that is being eliminated, rather than the whole equation.",2291,"When solving simultaneous equations, thinks they can't multiply each equation by a different number",379,Finds the y intercept when asked to read the solution to a quadratic equation from a graph,1266,"When solving simultaneous equations, thinks they can ignore one of the variables",200,"When solving simultaneous equations, thinks they multiply both equations by the LCM of the coefficients of the term being eliminated",1020,Believes it's not possible to solve simultaneous equations graphically,569,Believes the solutions to an equation have opposite signs from its x intercepts,967,"When solving simultaneous equations graphically, only gives one of two solutions",370,"When solving simultaneous equations, believes the terms must have the same sign in order to be eliminated.",1439,"When solving simultaneous equations, assumes every variable has equal value.",1146,"When solving simultaneous equations, believes the terms must be of opposite signs in order to be eliminated.",1274,Subtracts simultaneous equations when addition is required,384,"When solving simultaneous equations graphically, they think the solutions are the x-intercepts",1464,"When solving simultaneous equations graphically, they think the solutions are the y-intercepts",512,"When asked to solve simultaneous equations, believes they can just find values that work in one equation",1506,Believes transforming some terms in simultaneous equations is sufficient,1268,"When solving simultaneous equations, thinks you only transform the algebraic terms, rather than the whole equation."
EEDI-009,1033,B,"Solve basic introduction simultaneous equation problems, often involving shapes and symbols",Simultaneous Equations,"Chris orders \( 3 \) cups of tea and a cake, and his bill comes to £3.10

Amy orders \( 5 \) cups of tea and a cake, and her bill comes to \( £ 4.50 \).
How much does one cup of tea cost?",\( 70 p \),\( 90 p \),1266,"When solving simultaneous equations, thinks they can ignore one of the variables",1,1 occurrence,512,"When asked to solve simultaneous equations, believes they can just find values that work in one equation",748,"When finding the negative power of a negative power, assumes they can ignore one of the negatives",2060,"When solving simultaneous equations graphically, they think the solutions are the x or y intercepts",1729,"When solving simultaneous equations, finds the correct numbers to transform the equations, but uses them the wrong way around.",1268,"When solving simultaneous equations, thinks you only transform the algebraic terms, rather than the whole equation.",930,When solving simultaneous equations thinks that identical terms in given equations can be eliminated by either adding or subtracting.,775,"When adding variables with powers, thinks they can add the powers",370,"When solving simultaneous equations, believes the terms must have the same sign in order to be eliminated.",80,Thinks you can ignore the variable when simplifying algebraic fractions,1439,"When solving simultaneous equations, assumes every variable has equal value.",1196,"When solving an equation where there is a negative sign in front of the variable at the final stage, believes they can ignore it and treat it as if it's positive",1146,"When solving simultaneous equations, believes the terms must be of opposite signs in order to be eliminated.",94,"When solving simultaneous equations, thinks they can add variables to one of the equations to make terms across the 2 equations identical",384,"When solving simultaneous equations graphically, they think the solutions are the x-intercepts",614,"When solving simultaneous equations, thinks you only transform the term that is being eliminated, rather than the whole equation.",1728,"When solving a pair of simultaneous equations, thinks they need to make the coefficients of both variables the same",1020,Believes it's not possible to solve simultaneous equations graphically,967,"When solving simultaneous equations graphically, only gives one of two solutions",1464,"When solving simultaneous equations graphically, they think the solutions are the y-intercepts",1219,Gives the value for the wrong variable when answering a simultaneous equation question,1266,"When solving simultaneous equations, thinks they can ignore one of the variables",1274,Subtracts simultaneous equations when addition is required,200,"When solving simultaneous equations, thinks they multiply both equations by the LCM of the coefficients of the term being eliminated",2291,"When solving simultaneous equations, thinks they can't multiply each equation by a different number",1454,Believes they can eliminate a variable without making the coefficients the same in simultaneous equations
EEDI-010,1034,A,Place or identify the location of an integer between 100 and 1000 on a number line,Estimation,Which number line shows a good estimate for the position of the number shown?,"![A number line from 1000 to 2000 with the value 1250 correctly labelled, with an arrow, between 1000 and the midpoint]()","![A number line from 0 to 10000 with the value 857 incorrectly labelled, with an arrow, between the midpoint and 10000]()",1957,"Reads 10,000 as 1000",1,1 occurrence,526,Thinks there are 10000mm in a km,508,Thinks there are 1000 seconds in an hour,1398,Divided by 100 rather than 1000,861,Reads a power as a normal digit,1476,Thinks 1 square metre = 1000 square centimetres,962,Thinks 1 cubic metre = 1000 cubic centimetres,1484,Thinks 1l = 10 000 cubic centimetres,39,Multiplies by 1000 instead of 100 when converting a decimal to a percentage,474,Thinks 1l = 100 cubic centimetres,1870,Thinks there are 10000mm in a metre,2067,Thinks there are 10000ml in a litre,2123,Divided by 100 rather than 10,1320,Multiplied by 10 rather than 100,395,"Thinks there are 10,000kg in a tonne",308,Believes that dividing by 100 gives 10%,854,Divided by 100 rather than multiplied by 100,67,Divides by 1000 instead of 100 when converting a decimal to a percentage,1204,Multiplied by 100 rather than divided by 100,2244,"Thinks there are 10,000g in a kilogram",1957,"Reads 10,000 as 1000",1253,"Thinks 1 cubic metre = 100,000 cubic centimetres",619,Divided by 10 rather than 100,1673,Multiplied by 1000 instead of 100,938,"Thinks 1 square metre = 100,000 cubic centimetres",1622,Divides by 1000 instead of 100 when converting a percentage to a decimal
EEDI-011,1041,C,Convert from seconds to hours,Time,How many hours is \( 3600 \) seconds?,\( 1 \),\( 3.6 \),508,Thinks there are 1000 seconds in an hour,1,1 occurrence,1718,Thinks there are 100 seconds in an hour,846,Thinks there are 1000ml in a centilitre,526,Thinks there are 10000mm in a km,508,Thinks there are 1000 seconds in an hour,574,Thinks there are 100mm in a km,963,Thinks there are 50 minutes in 1 hour,2067,Thinks there are 10000ml in a litre,737,Thinks there are 30 minutes in a hour,1491,Thinks there are 100kg in a tonne,1652,Thinks there are 100mm in a centimetre,1120,Thinks there are 100 ml in a litre,387,Thinks there are 100 seconds in a minute,852,Thinks there are 100 mg in a gram,427,Answers as if there are 100 minutes in an hour when writing minutes as decimals,844,Thinks there are 100mm in a metre,2477,Thinks there are 30 seconds in a minute,205,Thinks there are 1000mm in a km,767,Thinks there are 10 minutes in an hour,1870,Thinks there are 10000mm in a metre,2246,Answers as if there are 10 seconds in a minute when changing from seconds to minutes,629,Thinks there are 1000mm in a centimetre,1080,Believes there are 20 minutes in an hour,1013,Answers as if there are 100 minutes in an hour,161,Answers as if there are 100 minutes in an hour when changing from hours to minutes,1466,Thinks there are 100kg in a ton
EEDI-012,1042,C,Solve quadratic equations using factorisation in the form (px + a)(qx + b) ,Quadratic Equations,"Tom and Katie are discussing how to solve this quadratic equation:
\(
(5 x+2)(2 x-5)=0
\)

Tom says one solution is: \( x=\frac{2}{5} \)

Katie says one solution is: \( x=-\frac{5}{2} \)

Who is correct?",Neither is correct,Both Tom and Katie,471,Believes that the solution to ax + b = 0 is x = -a/b,1,1 occurrence,471,Believes that the solution to ax + b = 0 is x = -a/b,1598,Believes the solution to an equation with matching coefficients of variables on both sides will always be 0,1691,Believes the solution of mx + c = 0 is x =0,1994,"When completing the square in the form (x - a)^2 + b, believes b = -a^2 regardless of the original constant",1494,Believes 0 is not a real solution to an equation,771,Believes that the solutions to x<b or x>b also satisfy ax<b or ax>b,130,"Believes that for a line written in the form ax + by = c, a is the gradient",1810,Thinks x = 1 at the x axis,1826,Believes the solution of a quadratic is its turning point,1987,"When completing the square in the form (x - a)^2 + b, believes b = the original constant",994,"When completing the square in the form (x - a)^2 + b, believes b = a^2 + the original constant",244,Believes the solution of mx + c = 0 is x = m,866,Believes that the y intercept is where y = 0,1324,"When solving an equation, believes that when they get to ax = b, b is the solution",2573,Believes the solution to mx + c = a is the y intercept of y = mx +c,1896,"When finding the gradient from the equation of a line in the form ax + by = c, believes b/a is the gradient",898,Thinks x = 0 is the x axis,379,Finds the y intercept when asked to read the solution to a quadratic equation from a graph,1768,Believes the y-intercept of a line is the solution to its equation,57,Believes the solution to mx + c = a is the x intercept of y = mx +c,422,Thinks x = y is an axis,337,Believes the solution of mx + c = a is x =a,2027,Believes that an + b is still a multiple of a,2508,Thinks x = ? is the y axis,1776,Believes they solve mx + c = 0 by substituting in x = 0
EEDI-013,1044,D,Work out the sum of the interior angles in polygons,Angles in Polygons,What do all the interior angles of this shape add up to? ![Irregular hexagon](),\( 720^{\degree} \),Not enough information to work it out,464,Believes that you are unable to calculate the sum of the interior angles of an irregular polygon given the number of sides,1,1 occurrence,2499,Thinks the interior angles of any polygon add up to 180 degrees,654,Believes an interior angle in a regular polygon can be found using 180(n+2)/n,28,Thinks the interior angles of any polygon add up to 360,405,Believes the only way to find the interior angle of a regular polygon is to subtract the exterior angle from 180.,294,Thinks that only the sides need to be equal for a polygon to be regular,841,Does not subtract 2 from the number of sides when finding the sum of interior angles,35,Believes you add 2 instead of subtracting 2 to the numbers of sides when finding total interior angles,464,Believes that you are unable to calculate the sum of the interior angles of an irregular polygon given the number of sides,1106,Divides 360 degrees by sum of sides rather than given amount of angles,873,Believes that we cannot calculate the mean of negative numbers,2343,Believes total frequency in a table is given by the sum of the categories given,2104,Thinks that only the angles need to be the same for a polygon to be regular,1907,Believes an interior angle in a regular polygon can be found using 360 subtract (180 over number of sides),455,Subtracts 1 rather than 2 from the number of sides when finding the sum of interior angles,1550,Believes interior angles are outside a shape,1426,Thinks rule for calculating interior angles only applies to regular polygons,491,Does not know how to calculate the mean,773,Does not understand to find each interior angle of a regular polygon you divide the sum by the number of sides,2341,Does not know how to calculate the sum of interior angles,355,Thinks the interior angle of a regular polygon is 10n,1087,Thinks the interior angles of a polygon add up to 100n,545,"When given the perimeter of a regular polygon, multiplies instead of divides to find each side length",1815,"When given the perimeter of a regular polygon, subtracts instead of divides to find each side length",431,Finds interior angle rather than given angle,1879,Believes midpoint of an interval is used rather than total frequency to calculate the sector angle for a pie chart
EEDI-014,1045,A,Identify questions involving a 2D right-angled triangle that require the use of the Cosine (cos) ratio,Right-angled Triangles (SOHCAHTOA),Which ratio would you use to find the value of \( \theta \) ? ![A right angled triangle with the longest side labelled 10cm. The base of the triangle is 6cm. The angle made between the 6cm and 10cm sides is labelled as θ.](),Cos,Sin,1738,Uses sin when cos is required,1,1 occurrence,822,"When rounding, believes that if the number, after the required degree of accuracy, is a 5 or below you round down",463,Reads the complement of what is required from a pie chart,1302,"In ratio question where the difference between the sides is given, uses that as one part without dividing",1910,Confuses relative frequency and expected frequency,809,Uses cos when tan is required,312,"In ratio question where the difference between the sides is given, uses that as the total for one side instead",1314,Only uses the closest angle to the unknown when using the angles in a straight line relationship,404,Uses cos when sin is required,27,Believes squaring a fraction requires you to double both parts,1274,Subtracts simultaneous equations when addition is required,568,"When solving a problem that requires an inverse operation (e.g. missing number problems), does subtraction when division is required",501,Uses tan when cos is required,533,Does not consider the variable when evaluating an expression that requires substitution.,1738,Uses sin when cos is required,514,Believes 0.5absin(c) requires only three sides (potentially confused with cosine rule),1307,Finds the degrees for 1 person rather than the required number of people for a pie chart sector,1613,Believes constructing a triangle with given SAS requires a compass,1401,Believes the sin graph relates to the cos function,1892,Does not recognise the sin graph,372,"In ratio question where the difference between the sides is given, uses that as the total",1721,Does not recall the steps required to draw an angle,2466,Uses tan when sin is required,1392,Does not include brackets when required,2065,Believes when calculating a probability the denominator will be the total of one of the criteria rather than the overall total that is required (gives a given that answer),718,Uses sin when tan is required
EEDI-015,1046,A,Carry out the first stage in an iteration solution,Trial and Improvement and Iterative Methods,"\(
x_{n+1}=5-\frac{1}{x_{n}}
\)

Using a starting value of \( x_{1}=2 \), what is the value of \( x_{2} \) ?
",\( 4.5 \),\( 2 \),1394,Identifies the first term rather than the next term in a sequence,1,1 occurrence,2317,"When asked for the next term in the sequence subtracts one from the last term given, despite the sequence not going down in ones.",936,Thinks the first term in a sequence is the term before the sequence begins (0th term),2220,Mixes up term in a sequence and position of a term,2376,"When finding the nth term of a linear sequence, thinks the the first term is the coefficient in front of n.",1394,Identifies the first term rather than the next term in a sequence,440,Thinks n=0 for the first term in a sequence,108,Uses only the first two terms of a sequence to work out a term-to-term rule,1631,When asked for a specific term in a sequence gives the term after,713,"When asked for a specific term in a sequence gives a different term, which is not the next",1240,Thinks the first term of a sequence must be 1,834,"When asked for the next term in the sequence adds one to the last term given, despite the sequence not going up in ones.",2284,When asked for a specific term in a sequence just gives the next term,1354,Does not know how to calculate the position of a term in a sequence,672,When asked for a specific term in a sequence gives the next term,52,When asked for a specific term in a sequence gives the term before,1115,Identifies the term-to-term rule rather than the next term in a sequence,215,"When asked for a specific term in a sequence, just gives the position number",1716,Goes the wrong direction in the sequence when identifying term-to-term rule,2475,"When finding the nth term rule for a quadratic sequence, believes they only need to use the first term to calculate the coefficient of n ",210,Thinks the term in a sequence is double the position value,1720,Identifies the term-to-term rule rather than the next term,2472,Does not know how to find the next term in a sequence,845,Believes they can find the nth term based on the first term only,81,Thinks you subtract rather than add when finding the previous term in a descending linear sequence,220,Only multiplies the first term in the expansion of a bracket
EEDI-016,1050,B,Factorise a single bracket containing a linear expression by taking out a single numeric common factor (e.g. 6),Factorising into a Single Bracket,Factorise fully \( 18 a-12 \),\( 6(3 a-2) \),\( 18(a-6) \),1666,"When factorising into single brackets, factorises the first term correctly but subtracts the number outside the bracket with the second term in the expression to find the second term in the bracket",1,1 occurrence,483,"Thinks that the square root of an expression square roots each term in the expression, rather than square rooting the whole expression",341,Believes the second term in a 2 term quadratic equation is always a coefficient and the variable,2549,Believes only the first term needs to be divided when factorising an expression,1394,Identifies the first term rather than the next term in a sequence,1191,Believes that the sign changes when factorising an expression into single brackets,320,"When factorising into double brackets, finds the two values which sum to give the constant rather than the coefficient of x",1421,"When factorising into double brackets, finds the sum of two values which give the non variable term in the expression rather than the product",628,"When factorising, finds a factor that goes into only the first term of the expression",2567,Believes they only need to multiply the first pair of terms when expanding a double bracket.,1666,"When factorising into single brackets, factorises the first term correctly but subtracts the number outside the bracket with the second term in the expression to find the second term in the bracket",1871,"Thinks factorising a quadratic means factorising the variable terms into a single bracket, and leaving out the constant",547,Factorises difference of two squares with the same sign in both brackets,220,Only multiplies the first term in the expansion of a bracket,871,Does not include brackets when attempting to multiply an expression,1911,Only multiplies second term in the expansion of a bracket,2479,"When factorising into double brackets, believes the product of the constants in the brackets is of the opposite sign to the constant in the expanded equation.",1432,"When factorising into double brackets, believes the sum of the two values in the brackets equals bx rather than b",107,"When expanding brackets, multiplies out the first term correctly but adds together the number outside the bracket with the second term inside the bracket.",845,Believes they can find the nth term based on the first term only,2277,"When factorising into double brackets, finds the correct values for the non variable terms but swops the plus and minus sign",812,When dividing numbers with the same base correctly subtracts the powers but divides the base numbers.,1433,"When factorising into single brackets, only factors out the numerical values and forgets to factorise possible variables",1444,Does not understand that the negative outside the bracket means answer will be negative,661,Confuses an expression with a term,838,"When factorising a quadratic without a non variable term, tries to double bracket factorise"
EEDI-017,1054,B,Assign probabilities to single events using percentages,Probability of Single Events,"This four-sided spinner is fair.
What is the probability of spinning a \( 2 \) ?
Give your answer as a percentage ![A four sided spinner labelled with 1, 2, 3 and 4]()",\( 25 \% \),\( 40 \% \),1914,Converts fraction to percentage by multiplying the denominator by 10,1,1 occurrence,1955,Thinks that a percentage can be converted to a fraction using a denominator of 10 ,78,"When multiplying a fraction by an integer, multiplies the denominator instead of the numerator",1374,"When multiplying fractions, multiplies the denominator",1479,Thinks you multiply by the numerator and add the denominator when converting a mixed number to an improper fraction,2463,"When multiplying an integer by a fraction, believes the numerator of the fraction will become the denominator",1976,"When multiplying a fraction by an integer, multiplies both numerator and denominator by the integer",292,Converts fraction to percentage by putting % sign after the denominator,122,Thinks they can convert percentages to fractions by writing the percentage value as both the numerator and the denominator,1542,Believes that a fraction means dividing the denominator by the numerator,1914,Converts fraction to percentage by multiplying the denominator by 10,1008,"When dividing an integer by a fraction, thinks they multiply numerator and denominator by the integer",1341,Multiplies instead of divides by 100 when converting a percentage to a decimal,61,Multiplies by 10 instead of 100 when converting decimal to percentage,2429,Believes finding a fraction of an amount means multiplying by the denominator,2368,Converts a fraction to a percentage by placing a decimal point between the numerator and denominator,1786,Converts a fraction to a percentage by writing the numerator followed by the denominator,419,"When converting a fraction to a decimal, divides the denominator by the numerator",760,Converts a fraction to a decimal by using the denominator after the decimal point,2242,Converts a fraction to a decimal by placing the denominator after the decimal point,2308,Converts a fraction to a decimal by placing a decimal point between the numerator and denominator,2399,"when dividing a fraction by an integer, both multiplies the denominator and divides the denominator",1710,"When finding a percentage of an amount, assumes they divide the percentage by 10, but not the amount, before multiplying",1280,"When multiplying fractions, multiplies the numerator and adds the denominator",1822,Thinks they multiply the numerator and denominator together to convert a fraction to a percentage ,1270,Divides by 10 instead of 100 when converting a percentage to a decimal 
EEDI-018,1058,B,"Reflect an object or a point in a diagonal line with the line of reflection given as an equation, where the line of reflection lies on the edge or outside the object",Reflection,"A point, \( Q \), has coordinates \( (-3,3) \)
The point is reflected in the line \( y=-x \)
What are the new coordinates of point \( Q \) ?","\( (-3,3) \)","\( (-3,-3) \)",1541,Believes reflection in y = -x changes sign of y coordinate only,1,1 occurrence,2268,Thinks the x coordinate of a point on the y axis is 1,1662,Does not know the y intercept is where the x coordinate is 0,7,Believes gradient = change in y,1949,"Believes reflection in y=-x switches the signs of the coordinates, but not their numbers",1584,Believes if a point is reflected in the line y=b then the y coordinate of the point will become 'b',1654,Believes y=f(-x) is a reflection in y=-x,439,Believes gradient = change in y multiplied by change in x,2014,Believes if a point is reflected in the line x=a then the x coordinate of the point will become 'a',594,Believes y=-f(x) is a reflection in the y-axis,1848,Thinks the y coordinate of a point on the x axis is 1,1412,Believes y=f(-x) is a reflection in y=x,47,Believes y=-f(x) is a reflection in y=x,563,Counts the squares rather than the diagonals when reflecting in y=x or y=-x ,311,Believes gradient is the sum of y the coordinates divided by the sum of the x co-ordinates ,1475,Believes y=f(-x) is reflection in the x-axis,1108,"Believes  c, in y=mx+c, will be the y value of the coordinate given despite the x coordinate not being 0.",1704,Believes gradient = change in x/change in y,1099,Believes gradient at a point = y coordinate/x coordinate,2465,Believes reflection in y = -x changes sign of x coordinate only,1276,"Believes that the y intercept is (0, y) where y is any y coordinate on the line",1541,Believes reflection in y = -x changes sign of y coordinate only,1303,Believes y=-f(x) is a reflection in y=-x,101,Believes that reflection always switches the x and y coordinates,283,Believes reflection in y = -x switches x and y coordinates,876,Believes squaring a negative number just changes the sign
EEDI-019,1059,C,Round numbers greater than 1 to one significant figure,Rounding to Significant Figures,"\(
20.4593
\)

What is the first significant figure in the number above?",\( 2 \),\( 4 \),409,Identifies first decimal place value when asked for first significant figure,1,1 occurrence,409,Identifies first decimal place value when asked for first significant figure,2553,Gives the second significant figure when asked for the first,399,Confuses place value when rounding to estimate,2305,Ignores place value when adding a whole number and a decimal,380,Does not understand the first significant value is the first non-zero digit number,1359,Does not know how to round up when a decimal place value column contains a 9,794,Rounds up rather than to one significant figure,2136,"When finding the square root of a decimal, ignores place value",1317,Identifies wrong place value column after decimal point,1876,Counts leading zero as a significant figure,90,Does not understand place value after the decimal point,679,Gives a fraction when asked for a decimal,1394,Identifies the first term rather than the next term in a sequence,2390,"Believes rounding to 1 significant figure means rounding to the nearest integer, regardless of the value of the number",1165,Rounds to the nearest integer rather than one significant figure,1632,"Believes a decimal with one significant figure is a multiple of 10 when converted to a percentage, regardless of place value",663,Forgotten placeholders when rounding to significant figures,1460,Identifies second decimal place value when asked for the second significant figure,1591,"Rounds to the nearest hundredth, rather than one significant figure",2235,Gives the first significant figure when asked for the second,1441,"Thinks decimal place value works the same as integer place value, ones will follow tenths",1177,Identifies the biggest value for the range,739,Rounds to wrong degree of accuracy (decimal places rather than significant figures),1529,Rounds to the wrong degree of accuracy (significant figures rather than decimal places),1195,Gives the change in value when asked for the percentage change
EEDI-020,1061,C,Find the nth term rule for ascending quadratic sequences in the form x² + bx + c,Quadratic Sequences,"\(10,21,34,49,66, \ldots\)

When calculating the nth-term rule of this sequence, 
what should replace the triangle?

nth-term rule: \( n^{2} \)\( \color{red}\triangle \)  \(n\) \( \color{purple}\square \)",\( +8 \),"\[
+1
\]
(or just a + sign)",2139,"When finding the nth term rule for a quadratic sequence, believes that the coefficient of n is half the second difference",1,1 occurrence,2513,"When finding the nth term rule for a quadratic sequence, believes that the coefficient of n squared is determined by first differences",2058,Assumes there are only 2 terms in the nth term formula for a quadratic sequence,1821,"When finding the nth term rule for a quadratic sequence, believes that the coefficient of n squared is the second difference",2475,"When finding the nth term rule for a quadratic sequence, believes they only need to use the first term to calculate the coefficient of n ",849,Thinks the nth term is when the value of the term is n,1058,"Believes that in the nth term of a descending sequence, b is the difference between the term and the positive multiple of n",713,"When asked for a specific term in a sequence gives a different term, which is not the next",1569,Uses term-to-term rule as numerical part of nth term rule,1724,"When completing the square, believes that a is always half the x-coefficient. ",418,"Believes that when factorising a quadratic, they can choose any two numbers that add to give the coefficient of x",2016,Believes the nth term of a descending sequence will have a positive coefficient of n,2376,"When finding the nth term of a linear sequence, thinks the the first term is the coefficient in front of n.",978,"When completing the square, believes the constant in the bracket is the coefficient of x",341,Believes the second term in a 2 term quadratic equation is always a coefficient and the variable,162,Uses first term as numerical part of nth term rule,1625,Uses difference as index instead of coefficient in nth term rule,1213,"When finding the differences between terms in a sequence, believes they can do so from right to left ",2372,"Believes that when factorising a quadratic with a coefficient of x squared, the two constants in the brackets still add to give the coefficient of x",1636,Believes nth term rule can be given in words,2240,"When factorising a quadratic with a non-unit coefficient of x squared, believes that coefficient will be in front of both x terms in the factorised form",1115,Identifies the term-to-term rule rather than the next term in a sequence,2407,Believes an arithmetic sequence can have a common second difference rather than first difference,2139,"When finding the nth term rule for a quadratic sequence, believes that the coefficient of n is half the second difference",2142,"Does not know that to factorise a quadratic expression, to find two numbers that add to give the coefficient of the x term, and multiply to give the non variable term
",2068,"Does not know that to factorise a quadratic expression, to find two numbers that add to give the coefficient of the x term, and multiply to give the non variable term

"
EEDI-021,1062,B,Interpret and carry out mental division using a bar model,Written Division,"Find the value of \( P \). ![Horizontal green bar divided into 5 equal sections. Each section is labelled with a ""P"". Curly bracket shows that 3 of the sections sum to 615.]()",\( 205 \),\( 123 \),717,Believes the amount given is for the whole rather than a part,1,1 occurrence,2563,Believes to complete a part whole model you select a value already given in the model,1106,Divides 360 degrees by sum of sides rather than given amount of angles,1894,Confuses the part and the whole in missing number subtraction problems,504,"Given the mean and the amount of numbers, adds to find the total",2276,Has considered the percentage rather than the percentage of the amount,1243,Believes when given a fraction and an amount the question must be to find the fraction of the amount. ,2344,"When counting partial symbols on pictogram, uses the fraction rather than the amount it represents",914,Finds 10% of an amount rather than the percentage being asked,973,Finds area of whole circle rather than area of sector,410,Believes the size of an angle can be given as a word rather than a number,181,Assumes a ratio is part to part instead of part to whole,1847,Confuses the part and the whole in fraction of an amount problems,475,Believes the total of a part whole model is always 1 (or equivalent) instead of the given total,1490,Writes fraction rather than fraction of amount,1184,Identifies the wrong part of a fraction model as the whole,1260,Gives number of sections of pie chart rather than the amount it represents,2129,Increases by the given percentage rather than finding the percentage of an amount,1039,Believes finding a percentage of an amount involves adding the percentage to 10% of the amount,717,Believes the amount given is for the whole rather than a part,946,Believes a proportion of a whole is whole/part not part/whole,20,Believes the number of wholes in a mixed number multiplies by the fraction part,431,Finds interior angle rather than given angle,1538,Does not take into account the whole amount when using a bar model to find a fraction,257,Uses numerator as whole part of a fraction,1142,"When converting from an improper fraction to a mixed number, adds on the part left to make the whole, rather than subtracting it"
EEDI-022,1065,C,Recognise the equations of horizontal lines from a diagram,Horizontal and Vertical Lines,"What is the equation of this line? ![The diagram shows a pair of axes, x and y ranging from -6 to 5 horizontally and -3 to 4 vertically. There is a horizontal line that passes through the y axis at -2. ]()",\( y=-2 \),\( x y=-2 \),1144,"Believes the equation for a horizontal line is in the form xy = a, where a is the y intercept",1,1 occurrence,1662,Does not know the y intercept is where the x coordinate is 0,130,"Believes that for a line written in the form ax + by = c, a is the gradient",866,Believes that the y intercept is where y = 0,2324,Believes the y-intercept of a line is the root of its equation,2282,"Believes that in y=mx+c, m is the y-intercept",2573,Believes the solution to mx + c = a is the y intercept of y = mx +c,2113,Confuses the equations of vertical and horizontal lines,900,Believes the constant gives the y-intercept even when a line is not written in the form y = mx + c,1768,Believes the y-intercept of a line is the solution to its equation,2371,Believes a direct proportion graph is a horizontal line,2214,"Thinks that in the equation y=a, a is the gradient",1390,Believes having the gradient and y-intercept is not enough information to write an equation for a straight line,780,Believes the constant only gives the y-intercept for linear graphs,1144,"Believes the equation for a horizontal line is in the form xy = a, where a is the y intercept",665,Believes that the gradient of a horizontal line is undefined,2500,Believes the gradient of a line is given by an intercept,2301,"Believes the equation of a horizontal line is in the form x = ay, where a is the y intercept",1896,"When finding the gradient from the equation of a line in the form ax + by = c, believes b/a is the gradient",1784,Believes a horizontal line can show a constant rate of change,57,Believes the solution to mx + c = a is the x intercept of y = mx +c,1003,"Believes the equation of a vertical line is in the form y = ax, where a is the x intercept",1849,Believes the gradient of a line is given by the x intercept,642,Thinks x = ? is a horizontal line through ? ,1568,Includes the x variable when giving the equation of a horizontal line,1276,"Believes that the y intercept is (0, y) where y is any y coordinate on the line"
EEDI-023,1066,B,Recognise and name an identity,Writing Expressions,"Which of the following is the most appropriate name for this:
\(p-3 \equiv-(3-p)\)",Identity,Expression,2022,"
Has incorrect belief about the meaning of ""expression""",1,1 occurrence,1557,Has an incorrect assumption about the definition of a reciprocal,423,Does not know the meaning of equilateral,1311,"
Has incorrect belief about the meaning of ""formula""",452,"When a variable in an expression has a power, thinks the power applies to the whole expression",1513,Does not know the meaning of perpendicular,2022,"
Has incorrect belief about the meaning of ""expression""",186,Does not understand the meaning of the word commutative ,2467,Does not know the meaning of the word equidistant ,1917,Confuses the meaning of parallel and perpendicular,366,Does not know the meaning of the identity symbol,255,Does not know the meaning of the word regular ,701,Does not know the meaning of vertically opposite,137,Does not know the meaning of the word identity ,1528,Does not know the meaning of alternate,2321,does not know the meaning of the word digit,1009,Does not know the meaning of bisect,1707,Misinterprets the meaning of angles on a straight line angle fact,2130,"Does not know the meaning of the word ""sum""",2494,Does not know the meaning of consecutive,933,Does not know the meaning of corresponding,1327,Does not know the meaning of attribute data,114,Does not know the meaning of the word parallel,1428,"Does not understand the meaning of ""value""",222,Does not know the meaning of absolute value,1351,Does not know the meaning of congruent
EEDI-024,107,B,Divide proper fractions in the form: Integer ÷ Fraction,Dividing Fractions,How many times does \( \frac{3}{5} \) go into \( 15 \) ?,\( 25 \),\( 75 \),839,"When dividing by a non unit fraction, thinks you multiply by the reciprocal of the corresponding unit fraction rather than the fraction given. ",1,1 occurrence,839,"When dividing by a non unit fraction, thinks you multiply by the reciprocal of the corresponding unit fraction rather than the fraction given. ",1551,Does the reciprocal of both fractions when dividing fractions,301,Thinks you can multiply by a decimal to find a multiple of a number,579,Thinks you cannot multiply by a decimal to get equivalent fractions,916,Thinks the fraction bar means multiply rather than divide,1152,"When dividing fractions, does the reciprocal of the first fraction instead of the second",1749,"When dividing fractions, does the reciprocal of both fractions",1008,"When dividing an integer by a fraction, thinks they multiply numerator and denominator by the integer",2233,Thinks the reciprocal of a fraction is what number adds to that fraction to make one whole.,744,"When dividing a fraction by an integer, thinks they can just multiply instead",133,Believes dividing by a unit fraction is equivalent to dividing by its reciprocal,722,Thinks the fraction button finds the reciprocal,1057,Finds the unit fraction when asked to find a non-unit fraction of an amount,1479,Thinks you multiply by the numerator and add the denominator when converting a mixed number to an improper fraction,50,"When given a non-unit fraction of an amount and asked to find the total, answers as if it had been the unit fraction",1548,Thinks that a unit fraction can be simplified further,69,"When given a non-unit fraction of an amount, treats it like a unit fraction",733,"When dividing an integer by a fraction, thinks they can just multiply instead.",371,"When dividing fractions, divides by the reciprocal, instead of multiplies",232,"When dividing by a fraction, switches to multiplication without also using the reciprocal",2134,when multiplying fractions multiplies by the reciprocal of the 2nd fraction instead,2542,Believes that dividing by a decimal is the same as dividing by its reciprocal,2066,Does not know multiplying by a unit fraction is equivalent to: dividing by its denominator value,1297,Believes you keep the divisor unchanged when dividing by a fraction,609,"when dividing a fraction by an integer, multiplies the numerator by the integer"
EEDI-025,1072,D,Use a protractor to measure angles between 90° and 180°,Measuring Angles,What is the size of this angle? ![An image of a protractor. There is a red line going from the middle to 0/180 and another line from the middle to in between 160/20 and 170/10. ](),\( 165^{\circ} \),This is not an angle,872,Thinks angles can only be measured when one line is horizontal,1,1 occurrence,268,Believes lines of reflection must be vertical or horizontal,1397,Believes point will move diagonally when reflecting in a horizontal or vertical line,642,Thinks x = ? is a horizontal line through ? ,1144,"Believes the equation for a horizontal line is in the form xy = a, where a is the y intercept",872,Thinks angles can only be measured when one line is horizontal,1284,Thinks only like terms can be multiplied,490,"Believes that when constructing triangles, all sides should be measured from the same point",2113,Confuses the equations of vertical and horizontal lines,1833,"When drawing a histogram, thinks you plot frequency on the horizontal axis",2464,"Believes the sides of a rectangle must be horizontal and vertical, not diagonal",665,Believes that the gradient of a horizontal line is undefined,2301,"Believes the equation of a horizontal line is in the form x = ay, where a is the y intercept",1813,Estimates the length of diagonal lines rather than working out based on horizontal and vertical measurements,972,Does not realise that if the horizontal and vertical measurements of a diagonal line segment switch it remains the same size,2038,Believes a common denominator can only be the lowest common multiple,1836,Believes lines of symmetry must be vertical or horizontal,591,Does not believe the length of a diagonal line can be worked out based on horizontal and vertical measurements,1784,Believes a horizontal line can show a constant rate of change,1811,Believes that the compensation strategy for the multiplication of 2 numbers can only be used one way round.,375,Believes you can only have one mode,600,Thinks a horizontal line on a distance time graph means a distance of 0,1568,Includes the x variable when giving the equation of a horizontal line,97,Believes there is only one orientation for the isosceles triangle base angles,2371,Believes a direct proportion graph is a horizontal line,1588,Thinks only angles on parallel lines can be alternate
EEDI-026,1078,C,Convert between kg and tonne,Weight Units,\( 3000 \mathrm{~kg} \) is the same as \( ___ \) tonnes,\( 3 \),\( 300 \),765,Thinks there are 10kg in a tonne,1,1 occurrence,850,Thinks there are 10mm in a metre,395,"Thinks there are 10,000kg in a tonne",1652,Thinks there are 100mm in a centimetre,765,Thinks there are 10kg in a tonne,846,Thinks there are 1000ml in a centilitre,1050,Thinks there are 10g in a kilogram,1096,Thinks there are 10cl in a millilitre,2067,Thinks there are 10000ml in a litre,1120,Thinks there are 100 ml in a litre,187,Thinks there are 10cl in a litre,852,Thinks there are 100 mg in a gram,1645,Thinks there are 10ml in a litre,1466,Thinks there are 100kg in a ton,629,Thinks there are 1000mm in a centimetre,1491,Thinks there are 100kg in a tonne,844,Thinks there are 100mm in a metre,205,Thinks there are 1000mm in a km,784,Thinks there are 100g in a kilogram,574,Thinks there are 100mm in a km,213,Thinks there are 10 mg in a gram,526,Thinks there are 10000mm in a km,387,Thinks there are 100 seconds in a minute,1870,Thinks there are 10000mm in a metre,704,Thinks there are 10cm in a metre,2550,Thinks there are 10m in a km
EEDI-027,1082,C,"Given a negative x value, find the corresponding y value for the curve y = x3 + c",Cubics and Reciprocals,"Tom and Katie are discussing the table of values for \( \boldsymbol{y}=\boldsymbol{x}^{\mathbf{3}} \) \begin{tabular}{|l|l|}
\hline\( x \) & \(\color{gold}\bigstar\) \\
\hline\( y \) & \( 27 \) \\
\hline
\end{tabular} Tom says the star could be \( 3 \).

Katie says the star could be \( -3 \).

Who is correct?",Only Tom,Both Tom and Katie,602,"Thinks multiplying two or more negative numbers together always gives a positive answer, regardless of how many negative numbers there are in the sum",1,1 occurrence,1435,When subtracting from a negative thinks the answer must be positive,1400,Believes dividing a negative by a negative gives a negative answer,1937,Believes subtracting a positive number from a negative number makes the answer less negative,2504,"Does not realise that two letters together, or a number and letter together, are multiplying",2225,Thinks signs are interchangeable when adding or subtracting positive and negative numbers,868,Believes a number raised to a power will always give a positive answer,1031,Believes raising a negative number to an odd power will give a positive answer,2019,"When there's a negative sign in the question, thinks the answer must be negative",602,"Thinks multiplying two or more negative numbers together always gives a positive answer, regardless of how many negative numbers there are in the sum",626,Thinks the difference between a positive number and a negative number is equal to the positive number,1958,"Believes the smaller number is always subtracted from the larger, regardless of the order of the calculation",34,Believes dividing a negative by a positive gives a positive answer,621,Believes the negative of a positive squared (where there are no brackets) gives a positive answer,1558,Believes dividing a positive by a negative gives a positive answer,1800,Believes multiplying two positives gives a negative answer,314,"When calculating the power of a negative number, thinks they can ignore the sign when multiplying and then put a negative sign back on at the end, regardless of the power ",1639,Believes adding two negatives gives a positive answer,974,Believes multiplying a positive by a negative gives a positive answer,1282,When subtracting a negative thinks the answer must be negative ,1648,Believes dividing two positives will give a negative answer,2167,"When a subtraction of one positive number from another, results in a negative answer, they believe the answer is the sum of those 2 numbers with a negative sign put in front.",160,Believes that adding a positive to a negative makes your answer more negative,795,Ignores the negative signs when adding positive and negative numbers,1082,"When multiplying with negative numbers, assumes any negative sign can be ignored",1597,Believes multiplying two negatives gives a negative answer
EEDI-028,1085,D,Divide two decimals with a different number of decimal places,Multiplying and Dividing with Decimals,\( 50.09 \div 0.1= \),\( 500.9 \),\( 5.009 \),447,Believes dividing by 0.1 is the same as dividing by 10,1,1 occurrence,1542,Believes that a fraction means dividing the denominator by the numerator,2542,Believes that dividing by a decimal is the same as dividing by its reciprocal,619,Divided by 10 rather than 100,2000,Believes multiplying by 0.1 is the same as multiplying by 10,133,Believes dividing by a unit fraction is equivalent to dividing by its reciprocal,909,Mixes up squaring with dividing by 2,1558,Believes dividing a positive by a negative gives a positive answer,2512,"Believes when dividing numbers with the same base you divide the powers, rather than subtracting",203,Thinks that dividing both numbers in a multiplication sum by the same power of 10 results in equal answers,447,Believes dividing by 0.1 is the same as dividing by 10,1297,Believes you keep the divisor unchanged when dividing by a fraction,308,Believes that dividing by 100 gives 10%,2066,Does not know multiplying by a unit fraction is equivalent to: dividing by its denominator value,1629,writes the remainder as the divisor divided by 10,170,Does not understand that when dividing both sides of an equation by an amount every term must be divided by the same amount,34,Believes dividing a negative by a positive gives a positive answer,1070,Believes that dividing by 10 gives 1%,948,Believes squaring is the same as adding two,2441,Thinks multiplying by a number is the same as raising to the power of that number,1663,Thinks halving is the same as multiplying by 2,2482,Has written something to the power of 1 as 0.1,2415,Thinks that square root is found by dividing by 4,2405,Arithmetic error when dividing by 8,506,Believes that multiplying variables is the same as adding them together,1400,Believes dividing a negative by a negative gives a negative answer
EEDI-029,1094,B,Multiply 2 digit integers by 2 digit integers using long multiplication,Written Multiplication,\( \begin{array}{r}\quad58 \\ \times 22 \\ \hline\end{array} \) What number will be in the ones/units column of the final answer?,\( 6 \),\( 0 \),345,Has treated this like an addition problem and added the ones column.,1,1 occurrence,436,Does not understand when like terms can be collected,345,Has treated this like an addition problem and added the ones column.,1085,Multiplied the powers rather than added them,1695,Thinks you add all the bricks in a row in an addition pyramid.,1336,Does not realise addition is commutative,2469,Believes a negative number can be replaced with its positive equivalent when answering an addition problem from a numberline,2009,"Assumes they add all values in a worded problem, thereby not interpreting the problem correctly",2173,Does not realise that division can be used to find the missing value in a multiplication problem,2524,Has added the powers rather than multiplying them,2206,Added the values together instead of finding the percentage,1785,Added the base numbers,1641,"When collecting like terms, only simplifies when there is an addition",674,Thinks the inverse of addition is division,60,"Has written the value of the 'ones' column as the answer, withiut using the numbers in the question.",2445,Mixes up squaring and addition,1383,"When two digits sum to 10 or more during an addition problem, does not add one to the preceding digit",1116,Multiplies coefficients and letters separately and writes as an addition,1644,Confuses collecting like terms with multiplication,641,Does not add on the constant in a worded substitution problem,2548,Does not increase the denominator when an item is added in a probability question,1856,Thinks multiplication and addition are the same,242,Thinks the hundred thousands column is the ten thousands column,2046,"When collecting like terms, treats subtractions as if they are additions",1284,Thinks only like terms can be multiplied,636,Mixes up constant and coefficient in a worded substitution problem
EEDI-030,1095,C,Write numbers greater than 1 in standard form,Standard Form,"\[
300200
\]
Write this number using standard form",\( 3.002 \times 10^{5} \),\( 3.002 \times 10^{6} \),1571,When writing standard form does not give the correct power of ten,1,1 occurrence,178,Thinks that the 10 becomes a 20 when adding in standard form ,1571,When writing standard form does not give the correct power of ten,2258,Believes when writing a number in standard form as an ordinary number you write any digits in the base (omitting the decimal point) and do not account for the power of 10,752,Thinks that when dividing numbers in standard form you subtract the number and divide the power,2099,Believes negative powers in standard form have the same impact as positive powers ,2010,Does not understand power notation,1124,When ordering numbers in standard form just looks at the decimal without multiplying by a power of 10,466,"When calculating with numbers in standard form, just applies the operation to the number and the power separately",2028,"When writing a number between zero and one in standard form, thinks the power is the negative of the number of decimal places",2534,When converting between non standard form and standard form assumes changes to the base will not affect the power,173,"Believes that if more than one number in a multiplication is divided by the same power of ten, the answer will be divided by the same power of ten. ",1790,Does not know the correct notation for labelling a side length,1781,Does not think we can have negative powers in standard form,1999,Does not interpret the correct order of operations from a worded problem,2263,Does not understand the root power of 4,702,When changing a number to standard form omits zero's of significance ,1337,Does not understand the phrase to the power of,1925,Believes nth term rules for patterns must be given in standard an + b form,1245,Believes a number written in standard form with a negative power creates a larger number than that with a positive power,1119,Does not interpret the correct order of operations in a fraction when there is an addition on the numerator,1042,"When dividing a number written in standard form by an integer, thinks you divide the power on the ten rather than the number component.",2164,Believes a number written in standard form is smaller than another number written in standard form if the number between 1 and 10 is smaller,1579,Does not realise that in standard form the decimal we use must be between 1 and 10,2144,Believes a number written in standard form cannot have a lot of decimal places,2052,Believes all numbers written in standard form must be smaller than any numbers written in ordinary form
EEDI-031,1003,A,Interpret a pictogram involving fractions of symbols,Pictogram,"This pictogram shows the different types of music Bob has in his music collection.

How many Blues CDs does Bob have? ![A pictogram showing the number of CDs Bob has in his musical collection. Pop has 3 and a half symbols, rock has 2 symbols, blues has 2 and a quarter symbols, jazz has 3 and a quarter symbols and classical has 1 and three-quarter symbols. Each symbol represents 4 CDs.]()",\( 9 \),\( 8.25 \),2344,"When counting partial symbols on pictogram, uses the fraction rather than the amount it represents",2,2 occurrences,2279,Adds rather than multiplies when using the product rule for counting,1490,Writes fraction rather than fraction of amount,668,Writes four symbols after rather than one before in Roman numerals,2154,Thinks finding a fraction of an amount means subtracting from that amount,1793,Does not count end number when counting,1243,Believes when given a fraction and an amount the question must be to find the fraction of the amount. ,1824,Counts the starting number when counting backwards,2171,Uses the total as the numerator of the fraction rather than the denominator.,1932,Counts partial symbols as if they were whole on pictograms,670,Counts the starting number when counting on,914,Finds 10% of an amount rather than the percentage being asked,2276,Has considered the percentage rather than the percentage of the amount,1214,"When solving an equation, uses the same operation rather than the inverse.",1556,Writes digits in the order of the pictorial representation rather than using place value columns,1310,"When interpreting a pictogram, thinks each symbol stands for 1",1260,Gives number of sections of pie chart rather than the amount it represents,1462,Believes height represents frequency on a histogram,1880,Mixes up greater than and less than symbols,717,Believes the amount given is for the whole rather than a part,503,Ignores partial symbols on pictograms,1820,"Uses the denominator when converting from fractions to ratio, rather than numerator.",2520,Believes the fraction line represents addition,1232,"Thinks the longest bar has the highest frequency on a pictogram, even if the symbols aren't evenly spaced",2344,"When counting partial symbols on pictogram, uses the fraction rather than the amount it represents",86,Assumes value of symbols in a pictogram without checking the key
EEDI-032,1007,D,"Given information about one part, work out other parts",Sharing in a Ratio,"The ratio of adults to children at a party is \( 1\;: 4 \)
There are \( 20 \) adults.
How many children are there?",\( 80 \),\( 20 \),2071,Shares equally instead of in given ratio,2,2 occurrences,234,Subtracts instead of adds,1416,Adds instead of multiplies,1319,Adds instead of multiples,21,Estimates shares of a ratio instead of calculating,772,Rotates instead of reflects,1272,Gives a rounded whole number instead of a decimal,1306,Finds the median instead of the range,604,Gives probability as an integer instead of a fraction,1379,Rounds down instead of up,997,Subtracts instead of multiplies,1190,"When solving an equation, subtracts instead of dividing",732,Finds the mean instead of the median,1098,Finds the mean instead of the range,2314,Multiplies instead of divides to find one part given the total,2155,"Reflects in an axis, instead of the given mirror line",2273,Subtracts instead of divides,975,"When solving an equation, multiplies instead of dividing ",2001,"When solving an equation,  subtracts instead of multiplying",1514,Adds instead of subtracts,1360,"When solving an equation, multiplies instead of adding",1966,Finds the median instead of the mean,312,"In ratio question where the difference between the sides is given, uses that as the total for one side instead",2026,Reflects instead of rotates,2071,Shares equally instead of in given ratio,1134,"When solving an equation, adds instead of dividing"
EEDI-033,1008,C,"Solve two-step linear equations, with the variable on one side, with all positive integers",Linear Equations,"Tom and Katie are discussing how to solve:
\(
\frac{24}{x}=6
\)

Tom says a correct next line of working could be: \( 24=6 x \) 

Katie says a correct next line of working could be: \( 24=\frac{x}{6} \)

Who is correct?",Only Tom,Both Tom and Katie,334,"When solving an equation with x in the denominator, thinks the inverse operation is to make it the numerator on the other side",2,2 occurrences,1024,When solving an equation thinks they add when in fact they need to multiply,78,"When multiplying a fraction by an integer, multiplies the denominator instead of the numerator",195,"When solving an equation, thinks the divisor and dividend are the opposite way around",256,Does not reverse the order of operations when solving an equation,1361,Does not recognise that addition is the inverse operation of subtraction,1799,"When converting fraction to ratio, thinks you just use the numerator and denominator as the numbers in the ratio ",419,"When converting a fraction to a decimal, divides the denominator by the numerator",1566,Adds or subtracts from numerator first when solving an equation with a fraction,1928,Mixes up the numerator and denominator,403,"When rationalising the denominator, confuses the numerator with the denominator",347,"When solving an equation with a fraction, thinks you don't need to multiply every term on both sides when multiplying by the denominator ",1214,"When solving an equation, uses the same operation rather than the inverse.",326,"When converting fractions to ratios, puts the other side of the ratio as the total of the numerator and denominator",1134,"When solving an equation, adds instead of dividing",334,"When solving an equation with x in the denominator, thinks the inverse operation is to make it the numerator on the other side",495,Thinks converting an integer to a fraction means both the numerator and denominator are equal,623,Assumes the denominator is divided by the numerator,1185,"When rationalising the denominator, believes only the numerator or the denominator needs to be multiplied by the surd",1452,"When converting ratio to fractions, puts the other side of the ratio as the denominator rather than the total",1181,When solving an equation thinks they divide when in fact they need to multiply,2171,Uses the total as the numerator of the fraction rather than the denominator.,458,When finding an input of a function machine thinks you apply the operations given rather than the inverse operation.,1360,"When solving an equation, multiplies instead of adding",1479,Thinks you multiply by the numerator and add the denominator when converting a mixed number to an improper fraction,879,Thinks you apply one inverse operation to one term and the other inverse operation to the other term
EEDI-034,102,D,"Calculate missing lengths of shapes by geometrical inference, where the lengths given are in the same units",Missing Lengths,"What is value of \( p \) in this compound shape made with rectangles? ![Compound shape made of two rectangles with the sides labelled p (in red) cm, 15 cm, 12 cm, 7 cm and 7 cm. One side is unlabelled]()",\( 5 \mathrm{~cm} \),Not enough information,398,Does not know that we can use the conservation of perimeter to find missing lengths,2,2 occurrences,2494,Does not know the meaning of consecutive,110,Does not know how to find the length of a line segment from coordinates,2173,Does not realise that division can be used to find the missing value in a multiplication problem,793,Forgets to subtract sum of angles we know from 180 to find missing angle in a triangle,867,When finding the area of a parallelogram does not understand which lengths to use,449,"Does not realise we can scale the perimeter as a whole, rather than finding individual side lengths",2355,Does not know how to find order of rotational symmetry,1543,Does not realise that a pair of coordinates can be used to find missing parts of an equation,910,Cannot identify the correct side lengths to use when asked to find the area of a face,2283,"When finding the missing length on similar shapes, just finds the difference between the given lengths",2472,Does not know how to find the next term in a sequence,2397,Does not realise we can find a missing length if we know the base of a parallelogram and its area. ,1553,Thinks that we can use O as zero for place value in Roman numerals,402,Does not know the definition of a cone,398,Does not know that we can use the conservation of perimeter to find missing lengths,700,"When calculating missing side length from perimeter, gives the total missing length instead of dividing for one side.",1527,Does not know how to find missing lengths in a composite shape,721,Does not know what the symbol for equal lengths means,1033,Does not know that you can have a decimal percentage,304,Believes knowing the perimeter of squares does not give you enough information to find the perimeter of combines shapes using those squares,1059,Does not know the definition of the range,1706,"When calculating perimeter, only adds the marked lengths",935,Fails to use the properties of simple shapes to work out missing lengths,1513,Does not know the meaning of perpendicular,2195,Does not know the definition of a prime number
EEDI-035,1020,B,Solve length problems involving similar shapes where the missing length is the shorter one,Length Scale Factors in Similar Shapes,"Rectangle \( \mathrm{P} \) has been enlarged by a scale factor of \( 1.5 \) to give rectangle \( \mathrm{Q} \).

What length should replace the star? ![Two rectangles, the smaller labelled P and the larger labelled Q. Q has width 9cm and length 12cm. The length of P is marked with a star.]()",\( 8 \mathrm{~cm} \),\( 10.5 \mathrm{~cm} \),264,Subtracted rather than divided by a scale factor,2,2 occurrences,854,Divided by 100 rather than multiplied by 100,1934,Multiplied by the scale factor rather than divided in direct proportion problems,1258,"When calculating a scale factor, thinks they need to subtract rather than divide.",565,Divides rather than multiplies ,2093,Thinks the fraction bar means subtract rather than divide,1477,"When using a scale factor greater than 1, thinks you multiply by the scale factor to go from the larger to the smaller shape.",1935,"Divides length of original by length of image to find scale factor, rather than image by original.",306,Added rather than multiplied by a scale factor,1398,Divided by 100 rather than 1000,827,Believes when frequencies multiply by a scale factor in a table the mode also multiplies by that scale factor,1573,When scaling the perimeter multiplies the number of sides by the scale factor,1204,Multiplied by 100 rather than divided by 100,619,Divided by 10 rather than 100,1665,Believes when frequencies multiply by a scale factor in a table the median also multiplies by that scale factor,2123,Divided by 100 rather than 10,2278,Subtracts rather than divides when answering worded problems,258,"When finding a missing number in a factor tree, multiplies by the factor given rather than dividing.",2320,Subtracts rather than divides when scaling down in direct proportion problems,2555,Does not understand how to find a scale factor,1094,Believes when frequencies multiply by a scale factor in a table the mean also multiplies by that scale factor,1074,Multiplies rather than divides,1500,"When calculating a scale factor, thinks the division is the other way around.",2442,"When calculating a scale factor, multiplies instead of dividing.",264,Subtracted rather than divided by a scale factor,612,"Believes that when a shape is enlarged, the area rather than the scale factor is squared"
EEDI-036,1022,B,Identify the regions on a double Venn diagram given in words,Venn Diagrams,"\( 60 \) people completed an online survey about the car they own.
The results are shown in the Venn Diagram.

How many people own a \( 4 \times 4 \) ? ![A Venn diagram with two circles labelled Owns a 4x4 and Owns a Black Car. The number 27 is in the Owns a 4x4 only region, 15 is in the intersection, and 8 is in the Owns a Black Car only region]()",\( 42 \),\( 15 \),1288,Believes the intersection on a Venn diagram represents the total of one set,2,2 occurrences,1025,Forgets to include the intersection value when asked for total value of a set in a Venn diagram,2196,Believes the number of bars gives the total on a bar chart,1462,Believes height represents frequency on a histogram,2564,Gives the intersect value of a Venn diagram when asked to find the value of a set only,1998,"When finding which term represents the median, thinks you divide the total number of terms by 2",1034,believes the complement of a set consists of elements which only belong to one set,2520,Believes the fraction line represents addition,1288,Believes the intersection on a Venn diagram represents the total of one set,2054,Believes the number of jumps between two numbers on a numberline represents the sum of those 2 numbers ,667,Only considers elements in one set when asked to find the intersection of multiple sets,2543,"Believes the frequency represented by a pie chart sector can be judged visually, without considering the total it represents",2509,Mixes up the sets in a Venn diagram,810,Believes the number outside the circles in a Venn represents the intersection,444,Confuses the value outside of a Venn diagram as the total number of entries in the diagram,2522,Believes the total of the circle in a Venn should be included when intersections should be omitted,1023,Believes that the complement of a set in a triple Venn consists of the elements that only belong to one other set,1430,Does not recognise that the intersection of a Venn diagram represents those belonging to both sets,1943,Includes the intersection of a Venn diagram when asked to find the value of a set only,1532,Forgets to include values outside of the Venn diagram when finding the total,416,Believes the intersection of two complements can be found using the complement of the intersection,2003,Believes multiply all numbers in a prime factor venn diagram gives the value of one sets number,2428,"When drawing bar diagram for ratio, shows the total amount as the total of one side",262,Believes the intersection in a prime factor venn diagram does not contribute to the size of the number represented by a circle ,826,Confuses intersection and universal set,1842,Confuses the number of regions in a Venn diagram as the total number of entries in the diagram
EEDI-037,1023,B,Use brackets to write function machines as calculations,BIDMAS,"Here is a function machine ![Input \( \rightarrow-2 \rightarrow\times 5 \rightarrow \) Output]() The input is \( 7 \).
Which calculation gives the correct output?",\( 5(7-2) \),\( 7(5-2) \),2270,"In a function machine, confuses an operation with the input",2,2 occurrences,2285,"In a function machine, confuses the first operation and the input",462,Thinks that they can combine functions in a function machine before applying them to the input,403,"When rationalising the denominator, confuses the numerator with the denominator",2389,"When using a function machine, confuses the input and the output.",940,When writing a function as a function machine confuses the input and the output.,1834,Confuses an equation with an expression,2209,Confuses an expression with a variable,73,Confuses a function with an expression,487,Believes a composite function multiplies the functions together,575,Thinks that when you put an input into a function machine you apply the inverse operation rather than the operation given.,759,Confuses a formula with an expression,1026,Does not reverse the order of operations when finding the input of a function machine,1685,Confuses angle of a sector with the diameter,77,"Does not follow the arrows through a function machine, changes the order of the operations asked.",553,Confuses an equation with an identity,656,Reverses the order of operations but does not apply the inverse operations when finding the input of a function machine,196,Confuses a variable with an equation,168,Believes composite function notation means to substitute the outer function into the inner function,458,When finding an input of a function machine thinks you apply the operations given rather than the inverse operation.,68,Confuses a term with an equation,274,Confuses angle of a sector with the radius,835,Confuses a formula with an equation,2270,"In a function machine, confuses an operation with the input",931,Does not understand where to place inputs/ operations/ outputs when drawing a function machine,661,Confuses an expression with a term
EEDI-038,1024,C,Identify the total number of combinations in a given scenario by using the product rule for counting where duplicates are considered different,Systematic Listing Strategies,"Jumbo Restaurant has \( 34 \) choices of starters, \( 92 \) choices of main course, and \( 27 \) choices of dessert.
Sally wants a starter, main course and dessert.

Which of the following calculations would correctly work out the total possible combinations of available to Sally?",\( 34 \times 92 \times 27 \),\( 34+92+27 \),2279,Adds rather than multiplies when using the product rule for counting,2,2 occurrences,2525,"When dividing decimals, divides rather than multiplies when reinserting the decimal.",1773,Adds rather than subtracts when answering worded problems,1592,Thinks the number of items give the number of different possible arrangements rather than using the product rule for counting,505,Believes finding the product of two numbers gives their lowest common multiple,2100,Divides rather than multiplies when answering worded problems,126,Multiplies rather than adds when given the command word 'more',1125,Multiplies rather than adds when answering worded problems,1577,Adds instead of multiplies when using grid method,757,Adds rather than multiplies when asked for a product,1145,"When adding column vectors, multiplies rather than adds",1255,Adds rather than multiplies for combined probabilities,1972,Subtracts rather than multiplies when answering worded problems,615,Adds rather than subtracts when using Pythagoras to find a shorter side,565,Divides rather than multiplies ,1129,"When finding a missing part in a ratio, divides rather than multiplies",529,Believes cumulative frequency is the product rather than sum of frequencies,2238,Divides rather than multiplies when scaling up in direct proportion problems,1063,Adds rather than multiplies when asked for a total,191,Believes that product means add rather than multiply,276,Adds rather than multiplies when scaling up in direct proportion problems,1599,Adds rather than divides when answering worded problems,2279,Adds rather than multiplies when using the product rule for counting,2326,Multiplies rather than adds ,2501,Subtracts rather than multiplies when calculating total frequency,1074,Multiplies rather than divides
EEDI-039,1028,B,Solve coordinate geometry questions involving quadrilaterals,Distance Between Two Co-ordinates,"What is the height of the rectangle as indicated by the arrow? ![A pair of axes with no labels. 4 points are marked and joined with straight lines to make a rectangle. The top left corner of the rectangle is labelled with co-ordinate (-4,7).  The bottom right corner of the rectangle is labelled with co-ordinate (2,-12). A double-ended vertical arrow spans the height of the rectangle, starting level with (2,-12) and ending level with the corner of the rectangle directly above (2,-12).]()",\( 19 \),\( 6 \),1968,Mixes up width and height of a rectangle,2,2 occurrences,105,Mixes up sides of a ratio,1180,Does not know the properties of a rectangle,551,Believes a rectangle has four equal sides,64,Mixes up squaring and multiplying by 4,421,Mixes up odd and even numbers,2576,Mixes up square numbers and cube numbers,560,Confuses class width and upper bound of the class,1969,Mixes up square numbers and even numbers,2220,Mixes up term in a sequence and position of a term,2204,Believes the area of a rectangle is calculated by length add width,327,Mixes up total and part in ratio,586,Mixes up square numbers and prime numbers,1985,Has multiplied base by slant height and perpendicular height to find area of a triangle,2332,Uses slant height instead of perpendicular height to find area of a trapezium,1143,Mixes up the terms for the parts of a fraction,1968,Mixes up width and height of a rectangle,590,Has used slant height and base to find area of a triangle rather than perpendicular height and base,2557,Mixes up cubing and squaring,2105,Has used slant height and base to find area rather than perpendicular height and base,1618,Mixes up cubing and multiplying by 3,1928,Mixes up the numerator and denominator,144,Mixes up the x and y values of the coordinates,1664,Mixes up squaring and halving,2445,Mixes up squaring and addition,1217,Assumes the perpendicular height of a triangle bisects the base
EEDI-040,103,B,Calculate the area of a parallelogram where the dimensions are given in the same units,Area of Simple Shapes,"What is the area of the parallelogram? ![A parallelogram with the length labelled 10cm, the slanted height labelled 4cm, and the perpendicular height (marked with a right angle) labelled 3cm]()",\( 30 \mathrm{~cm}^{2} \),\( 40 \mathrm{~cm}^{2} \),669,Has used slant height and base to find area of a parallelogram rather than perpendicular height and base,2,2 occurrences,2105,Has used slant height and base to find area rather than perpendicular height and base,1835,When finding the area of a parallelogram finds base x perpendicular height but divides the answer by 2 ,2452,Believes a parallelogram has one pair of equal sides,396,Does not recognise the height of a trapezium as the perpendicular length between the parallel sides,1217,Assumes the perpendicular height of a triangle bisects the base,1883,Uses only the base and perpendicular height when calculating the area of a trapezium,2388,Uses formula for area of a parallelogram when finding the area of a trapezium,2397,Does not realise we can find a missing length if we know the base of a parallelogram and its area. ,1175,Uses base instead of height as h in area of a trapezium formula,1149,Believes perpendicular is the term used to describe two lines that are parallel,2174,Believes a parallelogram cannot have right angles,695,Has found the area of a triangle rather than an area of a parallelogram,2332,Uses slant height instead of perpendicular height to find area of a trapezium,1348,Does not recognise a parallelogram,590,Has used slant height and base to find area of a triangle rather than perpendicular height and base,1985,Has multiplied base by slant height and perpendicular height to find area of a triangle,1917,Confuses the meaning of parallel and perpendicular,1926,"Believes you use the half of the base length to find the area of an isosceles triangle, following using it to find the perpendicular height",2432,Does not know the properties of a parallelogram,867,When finding the area of a parallelogram does not understand which lengths to use,1788,Uses slant heights instead of parallel sides to find area of a trapezium,124,Believes perpendicular bisectors is the term used to describe two lines that are parallel,307,"When using Pythagoras to find the height of an isosceles triangle, uses the whole base instead of half",669,Has used slant height and base to find area of a parallelogram rather than perpendicular height and base,88,Believes parallelogram is the term used to describe two lines at right angles
EEDI-041,1037,C,Calculate percentage of an amount mentally where the percent is an integer,Percentages of an Amount,What is \( 4 \% \) of \( 200 ? \),\( 8 \),\( 80 \),1070,Believes that dividing by 10 gives 1%,2,2 occurrences,1400,Believes dividing a negative by a negative gives a negative answer,2542,Believes that dividing by a decimal is the same as dividing by its reciprocal,34,Believes dividing a negative by a positive gives a positive answer,447,Believes dividing by 0.1 is the same as dividing by 10,619,Divided by 10 rather than 100,1629,writes the remainder as the divisor divided by 10,2123,Divided by 100 rather than 10,308,Believes that dividing by 100 gives 10%,1297,Believes you keep the divisor unchanged when dividing by a fraction,1983,"When dividing involving a multiple of 10, gives an answer 10 times smaller than it should be ",2272,"When dividing involving a multiple of 10, gives an answer 10 times bigger than it should be ",2000,Believes multiplying by 0.1 is the same as multiplying by 10,1558,Believes dividing a positive by a negative gives a positive answer,1542,Believes that a fraction means dividing the denominator by the numerator,944,"When dividing involving a power of 10, gives an answer 10 times bigger than it should be",133,Believes dividing by a unit fraction is equivalent to dividing by its reciprocal,909,Mixes up squaring with dividing by 2,1070,Believes that dividing by 10 gives 1%,964,"When dividing involving a power of 10, gives an answer 10 times smaller than it should be",1362,Believes that the angle on a pie chart is the frequency multiplied by 10,2222,Out by 10 when subtracting,2415,Thinks that square root is found by dividing by 4,2200,Believes that when dividing an integer by a power of 10 you add zeroes after the decimal point,1320,Multiplied by 10 rather than 100,203,Thinks that dividing both numbers in a multiplication sum by the same power of 10 results in equal answers
EEDI-042,1038,A,Convert from weeks to hours,Time,Which one of the following calculations would work out the number of hours in \( 10 \) weeks?,\( 10 \times 7 \times 24 \),\( 10 \times 5 \times 24 \),950,Thinks there are 5 days in a week,2,2 occurrences,1491,Thinks there are 100kg in a tonne,213,Thinks there are 10 mg in a gram,2067,Thinks there are 10000ml in a litre,963,Thinks there are 50 minutes in 1 hour,765,Thinks there are 10kg in a tonne,950,Thinks there are 5 days in a week,2550,Thinks there are 10m in a km,443,Thinks there are 12 hours in 1 day,844,Thinks there are 100mm in a metre,526,Thinks there are 10000mm in a km,205,Thinks there are 1000mm in a km,387,Thinks there are 100 seconds in a minute,629,Thinks there are 1000mm in a centimetre,1645,Thinks there are 10ml in a litre,1652,Thinks there are 100mm in a centimetre,2081,Thinks there are 7 hours in 1 day,2239,Thinks there are 50 weeks in a year,850,Thinks there are 10mm in a metre,1120,Thinks there are 100 ml in a litre,1870,Thinks there are 10000mm in a metre,187,Thinks there are 10cl in a litre,574,Thinks there are 100mm in a km,704,Thinks there are 10cm in a metre,1466,Thinks there are 100kg in a ton,852,Thinks there are 100 mg in a gram
EEDI-043,104,C,Solve quadratic equations using balancing,Quadratic Equations,"A student wishes to solve the equation below.

Which of the following is a correct next step?
\(
(d-6)^{2}-16=0
\)

Step \( 1 \)
\(
(d-6)^{2}=16
\)",\( d-6= \pm 4 \),\( d-6=4 \),132,Only considers the positive solution when calculating a square root,2,2 occurrences,2345,Counts half-squares as full squares when calculating area on a square grid,2442,"When calculating a scale factor, multiplies instead of dividing.",1706,"When calculating perimeter, only adds the marked lengths",1446,"When calculating perimeter, only adds two sides",2136,"When finding the square root of a decimal, ignores place value",653,Does not have when calculating the area of a triangle,2248,Halves when asked to find the square root,1487,Believes you can square root a negative number,881,adds all given dimensions when calculating area,1451,Assumes that the square root is the only type of root,2577,Does not think a square root can be negative,922,Believes we can only take the square root of a perfect square,667,Only considers elements in one set when asked to find the intersection of multiple sets,1012,Squares when asked to find the square root,132,Only considers the positive solution when calculating a square root,2086,"When calculating volume expressed in cubes, counts only the squares on one face",502,Believes multiplying a number by its square root gives the square root,2042,Can not square root a negative number,524,Does not understand square root,951,Only recognises the positive form of a quadratic graph,1714,"When completing the square, believes the constant in the bracket is the square root of the coefficient of x",882,Believes 0 has no square root,799,Only considers elements in one set when asked to find the union of multiple sets,1349,Does not include negative numbers when calculating a range,71,Multiplies all given dimensions when calculating an area
EEDI-044,1047,A,"Given a line segment, calculate the gradient where the gradient is a positive integer",Gradient as change in y over change in x,"What is the gradient of this line? ![A set of axes with a graph drawn on. The graph passes through the points (0,0) and (1,2)]()",\( 2 \),\( 0 \),2500,Believes the gradient of a line is given by an intercept,2,2 occurrences,2037,Believes switching the gradient and y-intercept gives a parallel line,919,Believes the gradient of a speed-time graph is the distance,2127,Thinks the gradient of a line includes the variable x,1974,Believes the gradient of a line is the root of its equation,1381,Believes the gradient is where the line intersects the y axis,1893,"Believes the y intercept is given by the difference between the x and y coordinates of any point on the line, not just the point (0, c) ",1743,Believes that the coefficient of x represents the gradient even when a line is not in the form y = mx+c,2500,Believes the gradient of a line is given by an intercept,900,Believes the constant gives the y-intercept even when a line is not written in the form y = mx + c,284,Believes the gradient of a speed-time graph is the speed,130,"Believes that for a line written in the form ax + by = c, a is the gradient",2032,Believes the gradient of a distance-time graph is the acceleration,1390,Believes having the gradient and y-intercept is not enough information to write an equation for a straight line,1386,Confuses the method for finding the gradient and length of a line segment,1896,"When finding the gradient from the equation of a line in the form ax + by = c, believes b/a is the gradient",780,Believes the constant only gives the y-intercept for linear graphs,665,Believes that the gradient of a horizontal line is undefined,622,Thinks the gradient of a line is found from 2 points by finding the length of that line between those points,2343,Believes total frequency in a table is given by the sum of the categories given,2280,"Believes change in y for gradient is always calculated from the origin, regardless of the y-intercept of the line",1003,"Believes the equation of a vertical line is in the form y = ax, where a is the x intercept",1768,Believes the y-intercept of a line is the solution to its equation,585,Believes lines can be parallel by having the same y intercept OR gradient,1849,Believes the gradient of a line is given by the x intercept,2324,Believes the y-intercept of a line is the root of its equation
EEDI-045,1049,A,Expand products of three binomials in the form (x + a)(x + b)(x + c),Expanding Triple Brackets and more,"When Aneesa expands these brackets, how many terms should she get after she simplifies? \( (p+3)(p+4)(p+5) \)",\( 4 \),\( 3 \),2585,Believes a cubic expression should have three terms,2,2 occurrences,452,"When a variable in an expression has a power, thinks the power applies to the whole expression",2209,Confuses an expression with a variable,2522,Believes the total of the circle in a Venn should be included when intersections should be omitted,759,Confuses a formula with an expression,1614,Believes factors of algebraic terms/expressions will only be numbers,617,Does not apply the inverse function to every term in an expression,1772,Believes a reciprocal graph comes from a cubic equation,1335,Believes volume of a cuboid is the area of the three unique faces multiplied together,73,Confuses a function with an expression,2549,Believes only the first term needs to be divided when factorising an expression,661,Confuses an expression with a term,1239,Believes a cubic equation will have a quadratic graph,1253,"Thinks 1 cubic metre = 100,000 cubic centimetres",2585,Believes a cubic expression should have three terms,519,"When asked for factors of an algebraic expression, thinks a term will be a factor",91,"When asked for factors of an algebraic expression, thinks any part of a term will be a factor",1436,Confuses cubic and exponential graphs,1834,Confuses an equation with an expression,2098,Multiplies all terms together when simplifying an expression,962,Thinks 1 cubic metre = 1000 cubic centimetres,139,Thinks triple means add three,1857,Believes a cubic equation will have a linear graph,483,"Thinks that the square root of an expression square roots each term in the expression, rather than square rooting the whole expression",2541,"When finding the square root of a decimal, believes the answer should have the same number of decimal places",66,Repeats the digits three times when cubing a number
EEDI-046,1051,C,Round numbers to an appropriate degree to estimate the answer to a calculation,Estimation,"When estimating the answer to a complicated problem involving \( 0.0584 \), you should instead use...",\( 0.06 \),\( 0.058 \),1809,Rounds too little when estimating,2,2 occurrences,2448,Cannot evaluate if an estimate is an underestimate or overestimate,399,Confuses place value when rounding to estimate,829,Estimates angle rather than calculating,2495,Compares sizes of angles on a grid by estimating rather than using the gradient of the lines,1705,Rounds to the nearest integer when estimating,1248,Rounds to the wrong degree of accuracy (rounds too little),716,Rounds a decimal instead of using a fraction in division,1905,Believes that when finding bounds you round to the nearest whole number,123,Rounds incorrectly when the nearest 10 is a multiple of 100,1105,Rounds every number to the same degree instead of rounding to significant figures when estimating ,1775,Stops iteration too early when solving equations,1764,Estimated when not appropriate,1988,Rounds up instead of down,2402,"When asked for the value of a digit, gives an answer 10 times too small",1575,Includes too many possibilities when calculating a combined event in probability,2515,Rounds too early in calculation ,1817,Rounds every number down when estimating,21,Estimates shares of a ratio instead of calculating,2392,Rounds to the wrong degree of accuracy (rounds too much),741,Includes too many possibilites when given an 'at least' question in probability,1727,Rounds the wrong way when interpreting a real-life context,1809,Rounds too little when estimating,1379,Rounds down instead of up,1157,Rounds every number up when estimating,1861,Rounds to nearest 50 not 20
EEDI-047,1052,C,Continue a sequence involving triangle numbers,Other Sequences,"Here are two consecutive triangle numbers: \( 120,136, \ldots \) What is the next triangle number in the sequence?",\( 153 \),\( 151 \),2446,Believes the difference between triangle numbers decreases by 1 each time,2,2 occurrences,312,"In ratio question where the difference between the sides is given, uses that as the total for one side instead",2329,Thinks the remainder is the difference between the dividend and the next biggest multiple,903,"Has increased by the value of the first value, rather than the difference",2446,Believes the difference between triangle numbers decreases by 1 each time,378,"When finding the difference between two points on a time series graph, only uses one of the points. ",112,Thinks the difference between the numerator and denominator determines how close the fraction is to 1,2250,Believes the difference between triangle numbers remains the same,2061,"Believes that when converting ratio to fractions, the denominator is the difference between the parts of the ratio",179,Does not understand the difference between a value on a graph and the gradient of a graph,271,Believes triangle numbers are formed differently to the correct way,254,Believes all triangle numbers are odd,1302,"In ratio question where the difference between the sides is given, uses that as one part without dividing",1102,Believes that addition should be used when finding the difference between two values on a time series graph,1882,Believes square numbers are triangle numbers,188,Believes interquartile range is the difference between one of the quartiles and the minimum value,1635,Believes gradient is the difference between the change in x and the change in y,626,Thinks the difference between a positive number and a negative number is equal to the positive number,756,Believes unit fractions with a difference of 1 in the denominator have no other fractions between them,1893,"Believes the y intercept is given by the difference between the x and y coordinates of any point on the line, not just the point (0, c) ",1371,"When drawing bar diagram for ratio, shows the total as the difference between parts",1058,"Believes that in the nth term of a descending sequence, b is the difference between the term and the positive multiple of n",2296,Believes Fibonacci numbers are triangle numbers,372,"In ratio question where the difference between the sides is given, uses that as the total",1684,"When finding the difference between two marks on a scale, counts lines instead of gaps",2048,Has not noticed the difference between 'subtract' and 'subtract from'
EEDI-048,1055,B,Add proper fractions with different denominators which do not share a common factor,Adding and Subtracting Fractions,"The fractions in the two circles below add to give the fraction in the circle above.

What should replace the question mark? ![Fractions 3/5 and 1/4 in two separate circles, both linked to a third circle above.]()",\( \frac{17}{20} \),\( \frac{4}{20} \),1655,"When adding fractions, changes to common denominator but leaves numerators the same",2,2 occurrences,907,Does not find a common denominator when adding/subtracting fractions,684,Does not find a common denominator when comparing fractions,1131,"When adding fractions, multiplies the numerators",1812,"When multiplying fractions, adds the denominators and multiplies the numerators",1081,"When subtracting fractions, divides the numerators",1048,"When adding/subtracting fractions, adds/subtracts the denominators and multiplies the numerators",715,Removes the common denominator when making equivalent algebraic fractions,1374,"When multiplying fractions, multiplies the denominator",1463,"When adding fractions, adds the numerators and multiplies the denominators",707,Believes that fractions with the same denominator are equal,317,"When multiplying fractions, adds the numerators and multiplies the denominators",1280,"When multiplying fractions, multiplies the numerator and adds the denominator",1916,"When subtracting fractions, subtracts the numerators and multiplies the denominators",1980,"When multiplying fractions, adds the numerators and the denominators",1655,"When adding fractions, changes to common denominator but leaves numerators the same",1431,"Believes you add the whole to the numerators, ignoring denominators, when adding a mixed number to a proper fraction with the same denominator.",2170,Subtracts numerators when dividing fractions with a common denominator,408,"When multiplying fractions, multiplies both the numerator and denominator",1246,"When adding fractions, uses addition of the denominators as a common denominator",2078,Simplifies a fraction by adding or subtracting the same amount from the numerator  and denominator,172,"When subtracting fractions, subtracts the numerators and denominators",217,"When adding fractions, adds the numerators and denominators",1804,"When dividing fractions, multiplies the numerators and multiplies the denominators",1218,Multiplies the numerators when adding fractions with a common denominator,896,"When adding fractions with identical numerators, leaves the numerator and adds the denominators"
EEDI-049,1058,D,"Reflect an object or a point in a diagonal line with the line of reflection given as an equation, where the line of reflection lies on the edge or outside the object",Reflection,"A point, \( Q \), has coordinates \( (-3,3) \)
The point is reflected in the line \( y=-x \)
What are the new coordinates of point \( Q \) ?","\( (-3,3) \)","\( (3,-3) \)",283,Believes reflection in y = -x switches x and y coordinates,2,2 occurrences,1412,Believes y=f(-x) is a reflection in y=x,1654,Believes y=f(-x) is a reflection in y=-x,2079,Believes that points on an axis have equal x and y coordinates,1949,"Believes reflection in y=-x switches the signs of the coordinates, but not their numbers",645,Believes enlargement by scale factor -1 exchanges the x and y coordinates,1139,Confuses the lines y=x and y=-x,101,Believes that reflection always switches the x and y coordinates,1303,Believes y=-f(x) is a reflection in y=-x,1848,Thinks the y coordinate of a point on the x axis is 1,311,Believes gradient is the sum of y the coordinates divided by the sum of the x co-ordinates ,283,Believes reflection in y = -x switches x and y coordinates,918,Confuses x and y axes,594,Believes y=-f(x) is a reflection in the y-axis,708,Believes switching the x and y variables in a linear equation gives a perpendicular line,128,Does not understand how to read both x and y coordinates,1475,Believes y=f(-x) is reflection in the x-axis,141,"In completed square form, confuses the x and y coordinates of the turning point",26,Thinks x = ? or y = ? is y = x,2465,Believes reflection in y = -x changes sign of x coordinate only,144,Mixes up the x and y values of the coordinates,1893,"Believes the y intercept is given by the difference between the x and y coordinates of any point on the line, not just the point (0, c) ",1099,Believes gradient at a point = y coordinate/x coordinate,1541,Believes reflection in y = -x changes sign of y coordinate only,563,Counts the squares rather than the diagonals when reflecting in y=x or y=-x ,47,Believes y=-f(x) is a reflection in y=x
EEDI-050,106,C,Calculate the sector angle on a pie chart for a given group,Pie Chart,"A class of students were surveyed about how many siblings they have.

A selection of results are shown in the table. \begin{tabular}{|c|c|c|}
\hline Number of siblings & Frequency & Angle on a pie chart \\
\hline  0  & \( 7 \) & \(  \) \\
\hline 1  & \(  \) & \( 144 \degree \) \\
\hline 2  & \(  \) & \(  \) \\
\hline 3  & \( 4 \) & \( \bigstar \) \\
\hline 4 or more  & \(  \) & \(  \) \\
\hline  TOTAL  & 30  & \(  \) \\
\end{tabular} Jenny wants to draw a pie chart of the information.
What should replace the star?",\( 48^{\circ} \),\( 120^{\circ} \),1445,Believes you find the angle for a pie chart sector by doing its frequency multiplied by total frequency,2,2 occurrences,1561,Believes the mean is total frequency divided by something,953,Believes you cannot find the modal category from a pie chart unless given the total frequency,2501,Subtracts rather than multiplies when calculating total frequency,321,Believes class width multiplied by frequency gives frequency density,1445,Believes you find the angle for a pie chart sector by doing its frequency multiplied by total frequency,635,Believes you cannot find the angle size in a pie chart when given its percentage value,1594,Believes the proportion for a pie chart sector is equal to the frequency,932,Adds instead of multiplies when calculating total frequency,924,Believes to find the proportion of a pie chart sector you do frequency/sum of other frequencies rather than frequency/overall total,1560,Mistakes the number of rows for the total frequency in a frequency table,1362,Believes that the angle on a pie chart is the frequency multiplied by 10,1770,Believes the proportion for a pie chart sector is 1 divided by the number of degrees,2331,Believes the angle in a pie chart sector is equal to the frequency,678,Believes you cannot find the mode from a pie chart,1203,Believes that to find an angle for a pie chart sector you divide the total frequency by 360 and multiply by its frequency,468,Believes you find the frequency for a pie chart sector by calculating its angle divided by the total frequency,343,Estimates the frequency shown on a pie chart rather than calculating,2294,Believes that Mid point multiplied by the Frequency in a grouped frequency table gives the frequency for that group.,1307,Finds the degrees for 1 person rather than the required number of people for a pie chart sector,2351,Believes to find the angle for a pie chart sector you calculate 360 divided by the frequency of that sector,2543,"Believes the frequency represented by a pie chart sector can be judged visually, without considering the total it represents",1879,Believes midpoint of an interval is used rather than total frequency to calculate the sector angle for a pie chart,40,Believes midpoint multiplied by frequency is equivalent to frequency density,1329,Believes it is not possible to calculate the frequency for a pie chart sector despite being given enough information to do so,2180,Divides instead of multiplies when calculating total frequency
EEDI-051,1061,B,Find the nth term rule for ascending quadratic sequences in the form x² + bx + c,Quadratic Sequences,"\(10,21,34,49,66, \ldots\)

When calculating the nth-term rule of this sequence, 
what should replace the triangle?

nth-term rule: \( n^{2} \)\( \color{red}\triangle \)  \(n\) \( \color{purple}\square \)",\( +8 \),\( -8 \),1213,"When finding the differences between terms in a sequence, believes they can do so from right to left ",2,2 occurrences,683,"When factorising, believes they can choose different factors for each term",378,"When finding the difference between two points on a time series graph, only uses one of the points. ",2250,Believes the difference between triangle numbers remains the same,1213,"When finding the differences between terms in a sequence, believes they can do so from right to left ",138,"When solving a problem using written division (bus-stop method), does the calculation from right to left",1684,"When finding the difference between two marks on a scale, counts lines instead of gaps",2513,"When finding the nth term rule for a quadratic sequence, believes that the coefficient of n squared is determined by first differences",2475,"When finding the nth term rule for a quadratic sequence, believes they only need to use the first term to calculate the coefficient of n ",2472,Does not know how to find the next term in a sequence,2376,"When finding the nth term of a linear sequence, thinks the the first term is the coefficient in front of n.",269,"When finding the distance between 2 points, believes the distance is the coordinate of the furthest point from origin",358,Believes digits of a number are read/written from right to left,1737,Only looks at the difference between one pair of terms when discerning the pattern,2407,Believes an arithmetic sequence can have a common second difference rather than first difference,1963,Performs subtraction right to left if priority order means doing a calculation to the right first,2283,"When finding the missing length on similar shapes, just finds the difference between the given lengths",1394,Identifies the first term rather than the next term in a sequence,706,Carries out operations from right to left regardless of priority order,2139,"When finding the nth term rule for a quadratic sequence, believes that the coefficient of n is half the second difference",1269,Confuses left and right,2061,"Believes that when converting ratio to fractions, the denominator is the difference between the parts of the ratio",1058,"Believes that in the nth term of a descending sequence, b is the difference between the term and the positive multiple of n",1102,Believes that addition should be used when finding the difference between two values on a time series graph,1821,"When finding the nth term rule for a quadratic sequence, believes that the coefficient of n squared is the second difference",713,"When asked for a specific term in a sequence gives a different term, which is not the next"
EEDI-052,1066,A,Recognise and name an identity,Writing Expressions,"Which of the following is the most appropriate name for this:
\(p-3 \equiv-(3-p)\)",Identity,Equation,553,Confuses an equation with an identity,2,2 occurrences,156,Confuses the graph of a linear equation with a quadratic equation,2209,Confuses an expression with a variable,68,Confuses a term with an equation,1682,Confuses inequality symbols with equality,196,Confuses a variable with an equation,73,Confuses a function with an expression,1091,Confuses a variable with a formula,1944,Confuses the radius with the radius squared in the equation of a circle,1834,Confuses an equation with an expression,366,Does not know the meaning of the identity symbol,553,Confuses an equation with an identity,1197,Confuses frequency and frequency density,835,Confuses a formula with an equation,1598,Believes the solution to an equation with matching coefficients of variables on both sides will always be 0,1566,Adds or subtracts from numerator first when solving an equation with a fraction,661,Confuses an expression with a term,2070,"Believes that when factorising a quadratic equation with a coefficient of x squared, the two constants in the brackets are still the solutions of the equation with opposite signs",759,Confuses a formula with an expression,137,Does not know the meaning of the word identity ,347,"When solving an equation with a fraction, thinks you don't need to multiply every term on both sides when multiplying by the denominator ",2519,Confuses a term with a variable,2462,Confuses the position of the median with its value,2270,"In a function machine, confuses an operation with the input",298,Confuses a constant with a variable,334,"When solving an equation with x in the denominator, thinks the inverse operation is to make it the numerator on the other side"
EEDI-053,1067,C,Identify the outcomes of a single event,Probability of Single Events,"This is a fair spinner.

How many possible outcomes are there if it is spun once? ![A hexagonal shaped spinner with 6 equal sections labelled 1, 3, 3, 5, 5 and 5.]()",\( 6 \),\( 1 \),1616,Fails to consider all possible outcomes,2,2 occurrences,1616,Fails to consider all possible outcomes,437,Does not recognise that probabilities of all possible outcomes will sum to 1,1960,Does not realise that the sum of the two shorter sides must be greater than the third side for it to be a possible triangle,1757,Lists outcomes rather than counts how many outcomes,2430,Does not consider fractional parts when solving proportion problems,2047,Believes infinite gradient is not possible in real life. ,1465,Uses outcome as numerator in probability ,1399,Fails to identify any rotational symmetry ,1961,Fails to identify mirror line,2064,"Finds the range of possible values of the variable, rather than the range of recorded values",2110,Identifies a common multiple of two numbers when asked to consider a common multiple of three numbers,111,Does not work out all possibilites when given an 'at least' question in probability,573,Thinks numbers are divisible by all multiples of their factors,2041,Fails to reflect across reflection line without a diagram,2561,"Believes a sample space should show repeated outcomes, not just unique possible outcomes.",1329,Believes it is not possible to calculate the frequency for a pie chart sector despite being given enough information to do so,2364,Believes all possible outcomes must have equal probability,1539,Does not consider that all three angles in a triangle sum to 180 degrees,935,Fails to use the properties of simple shapes to work out missing lengths,1020,Believes it's not possible to solve simultaneous equations graphically,1990,Fails to reflect across mirror line,2094,Confuses all possible outcomes with options available,1414,Believes instant change of velocity is possible. ,1433,"When factorising into single brackets, only factors out the numerical values and forgets to factorise possible variables",1254,"Believes that if there are two unknowns in an equation, all integers must be possible solutions"
EEDI-054,1069,C,"For a given algebraic input, find the output of a function machine",Function Machines,"Tom and Katie are discussing the output of this 2-step function machine ![A two step function machine with x as the input. The first functions is x5 and the second function says 'subtracted from 8'. The output is blank.]() Tom says the output is \( \mathbf{5} \boldsymbol{x}-\mathbf{8} \)

Katie says the output is \( \mathbf{8}-\mathbf{5} \boldsymbol{x} \)

Who is correct?","Only
Katie",Both Tom and Katie,2048,Has not noticed the difference between 'subtract' and 'subtract from',2,2 occurrences,2283,"When finding the missing length on similar shapes, just finds the difference between the given lengths",2061,"Believes that when converting ratio to fractions, the denominator is the difference between the parts of the ratio",1102,Believes that addition should be used when finding the difference between two values on a time series graph,372,"In ratio question where the difference between the sides is given, uses that as the total",1737,Only looks at the difference between one pair of terms when discerning the pattern,2250,Believes the difference between triangle numbers remains the same,1235,"When completing the square in the form (x - a)^2 + b, believes b is the difference between a and the constant of the original quadratic",2446,Believes the difference between triangle numbers decreases by 1 each time,2048,Has not noticed the difference between 'subtract' and 'subtract from',756,Believes unit fractions with a difference of 1 in the denominator have no other fractions between them,23,Does not understand the command word 'difference',378,"When finding the difference between two points on a time series graph, only uses one of the points. ",1684,"When finding the difference between two marks on a scale, counts lines instead of gaps",1371,"When drawing bar diagram for ratio, shows the total as the difference between parts",1058,"Believes that in the nth term of a descending sequence, b is the difference between the term and the positive multiple of n",2329,Thinks the remainder is the difference between the dividend and the next biggest multiple,1635,Believes gradient is the difference between the change in x and the change in y,626,Thinks the difference between a positive number and a negative number is equal to the positive number,312,"In ratio question where the difference between the sides is given, uses that as the total for one side instead",112,Thinks the difference between the numerator and denominator determines how close the fraction is to 1,1887,Adds instead of subtracts when asked to find the difference,961,Does not spot the difference between a gradual change of gradient and 2 distinct line segments with different constant gradients,179,Does not understand the difference between a value on a graph and the gradient of a graph,188,Believes interquartile range is the difference between one of the quartiles and the minimum value,1302,"In ratio question where the difference between the sides is given, uses that as one part without dividing"
EEDI-055,1078,B,Convert between kg and tonne,Weight Units,\( 3000 \mathrm{~kg} \) is the same as \( ___ \) tonnes,\( 3 \),\( 30 \),1491,Thinks there are 100kg in a tonne,2,2 occurrences,1870,Thinks there are 10000mm in a metre,574,Thinks there are 100mm in a km,526,Thinks there are 10000mm in a km,1120,Thinks there are 100 ml in a litre,2550,Thinks there are 10m in a km,629,Thinks there are 1000mm in a centimetre,213,Thinks there are 10 mg in a gram,1652,Thinks there are 100mm in a centimetre,852,Thinks there are 100 mg in a gram,2067,Thinks there are 10000ml in a litre,850,Thinks there are 10mm in a metre,1645,Thinks there are 10ml in a litre,704,Thinks there are 10cm in a metre,1466,Thinks there are 100kg in a ton,187,Thinks there are 10cl in a litre,1718,Thinks there are 100 seconds in an hour,784,Thinks there are 100g in a kilogram,205,Thinks there are 1000mm in a km,765,Thinks there are 10kg in a tonne,1050,Thinks there are 10g in a kilogram,387,Thinks there are 100 seconds in a minute,846,Thinks there are 1000ml in a centilitre,1491,Thinks there are 100kg in a tonne,395,"Thinks there are 10,000kg in a tonne",844,Thinks there are 100mm in a metre
EEDI-056,1081,C,Given a situation sketch an appropriate real life graph,Real Life Graphs,A taxi company has a \( £ 1.50 \) fixed charge and then charges \( 60 p \) per mile. Sam correctly sketches a graph to show the cost of different length journeys with the company. Which of the following graphs would best match Sam's sketch?,![A graph with distance on the horizontal axis and cost on the vertical axis. The graph starts at a point on the positive vertical axis and travels horizontally right and upwards in a straight line.](),![A graph with distance on the horizontal axis and cost on the vertical axis. The graph starts at the origin and travels in a straight line right and upwards.](),1519,Assumes that a graph always starts at the origin,2,2 occurrences,323,"When measuring a line segment with a ruler, assumes the line starts at 0",1583,Does not recognise the origin as the starting point for coordinates,2218,Assumes that opposite angles are equal in a quadrilateral,300,Believes a direct proportion graph does not have to start at the origin,1519,Assumes that a graph always starts at the origin,2179,Assumes that an arrow on a number line starts at zero,480,Believes that angles that look like they are a right-angle are always 90 degrees,179,Does not understand the difference between a value on a graph and the gradient of a graph,425,Assumes the third column of a grouped frequency table is always cumulative frequency,275,"When finding a point on a line, assumes the point is always the midpoint",1365,"When ordering integers, orders from the digits at the end of the number instead of the digits at the start",1724,"When completing the square, believes that a is always half the x-coefficient. ",101,Believes that reflection always switches the x and y coordinates,2156,Thinks alternate angles are always equal,1155,Starts at the wrong end of the dividend when dividing,1126,Believes the mean is always representative,1640,Believes the centre of rotation is always the origin,2280,"Believes change in y for gradient is always calculated from the origin, regardless of the y-intercept of the line",1797,Assumes the range of a set of data starts at zero,655,Assumes that a list is given in size order,1237,Believes that 1 part of a bar model will always have a value of 1,664,"Believes -a is always smaller than a, ignoring the possibility that a is negative",118,"Given a line segment with a midpoint that is not the origin, assumes that the two end points will still have the same absolute value",412,Assumes that an enlargement is always from the smaller object to the bigger one,1451,Assumes that the square root is the only type of root
EEDI-057,1093,D,Identify the mode from a frequency table,Averages and Range from Frequency Table,"This table shows the ages of people on a university running team.

What is the modal age? \begin{tabular}{|c|c|l|}
\hline Age & Frequency & \\
\hline \( 18 \) & \( 7 \) & \\
\hline \( 19 \) & \( 3 \) & \\
\hline \( 20 \) & \( 1 \) & \\
\hline \( 21 \) & \( 2 \) & \\
\hline
\end{tabular}",\( 18 \),\( 21 \),1186,"Believes when identifying the mode you look at all values, not just frequencies, for the highest number",2,2 occurrences,869,Believes multiplying together prime factors that are not shared gives the highest common factor,390,Believes you find the mode by calculating the mean,2152,Believes every number is the mode when you have data with no mode,2287,Believes multiplying together all prime factors gives the highest common factor,1364,Believes the mode is the frequency rather than the value/group,848,Believes when simplifying a fraction you can divide the numerator and denominator by different values,2470,Believes the mode is the most common frequency rather than the highest frequency,678,Believes you cannot find the mode from a pie chart,827,Believes when frequencies multiply by a scale factor in a table the mode also multiplies by that scale factor,1474,Forgets to add on the starting value when identifying a position on a number line,1992,Believes extreme values can affect the mode,392,"Believes you divide 1 by the number of values, rather than the total, when finding the mean",1186,"Believes when identifying the mode you look at all values, not just frequencies, for the highest number",92,"When identifying the center of rotation, writes down the origin",411,"When identifying the center of rotation, chooses a point with the wrong y-value",1010,Believes the largest number in a set of numbers is always their highest common factor,2293,Thinks the orientation of the side view does not matter when identifying the direction of view,2307,Thinks you can divide the variables and the numerical values by different numbers when simplifying an algebraic fraction,243,Identifies a common factor but not the highest common factor,1823,"When there are two modes, finds the mean of these values and gives that as the mode",216,Believes the smallest number in a set of numbers is always their highest common factor,377,"When asked for the mean of a list of data, gives the mode",1177,Identifies the biggest value for the range,817,Believes adding numbers together gives the highest common factor,2319,subtracts the highest from the lowest when calculating the range
EEDI-058,1098,B,Divide algebraic fractions involving non-linear expressions,Multiplying and Dividing Algebraic Fractions,"STEP \( 3 \)

Which of the options is the final answer, expressed as simply as possible?
\(
\begin{aligned}
& \frac{3 x+1}{3} \div \frac{9 x^{2}-1}{12} \\
= & \frac{3 x+1}{3} \times \frac{12}{9 x^{2}-1} \\
= & \frac{3 x+1}{3} \times \frac{12}{(3 x-1)(3 x+1)}
\end{aligned}
\)",\( \frac{4}{3 x-1} \),\( \frac{4(3 x+1)}{(3 x-1)(3 x+1)} \),1593,"When simplifying an algebraic fraction, only looks for number factors",2,2 occurrences,1469,Does not recognise when simplifying a fraction may be helpful,848,Believes when simplifying a fraction you can divide the numerator and denominator by different values,2398,Thinks you can divide terms by different factors when simplifying an algebraic fraction,1540,Does not know how to simplify algebraic fractions,885,Thinks they can simplify algebraic fractions by cancelling unlike variables,715,Removes the common denominator when making equivalent algebraic fractions,1554,Does not know how to identify common factors from algebraic terms,1343,"When substituting into an algebraic term, replaces variables with numbers without multiplying.",633,Does not understand how to subtract algebraic fractions,1247,Assumes you cannot use the fact that multiplication is commutative when simplifying an algebraic term. ,979,Thinks can combine the numerator and denominator after simplifying an algebraic fraction,1593,"When simplifying an algebraic fraction, only looks for number factors",2307,Thinks you can divide the variables and the numerical values by different numbers when simplifying an algebraic fraction,1104,Simplifies integers when simplifying a mixed number,519,"When asked for factors of an algebraic expression, thinks a term will be a factor",891,Incorrectly cancels what they believe is a factor in algebraic fractions,1737,Only looks at the difference between one pair of terms when discerning the pattern,363,Only applies a division to one of multiple terms in a numerator when simplifying an algebraic fraction,2020,"When simplifying surds, does not use the largest square number to simplify",59,Cannot identify a common factor when simplifying algebraic fractions,91,"When asked for factors of an algebraic expression, thinks any part of a term will be a factor",1614,Believes factors of algebraic terms/expressions will only be numbers,2098,Multiplies all terms together when simplifying an expression,80,Thinks you can ignore the variable when simplifying algebraic fractions,2085,Adds instead of multiplies when multiplying algebraic terms
EEDI-059,1107,C,Recognise whether you need to add or subtract linear equations in order to eliminate a variable,Simultaneous Equations,"Tom and Katie are discussing this pair of simultaneous equations: \( \begin{array}{l}3 x-2 y=15 \\ x+2 y=20\end{array} \) Tom says if you add the two equations together you will eliminate a variable

Katie says if you subtract the two equations together you will eliminate a variable

Who is correct?","Only
Tom",Both Tom and Katie,930,When solving simultaneous equations thinks that identical terms in given equations can be eliminated by either adding or subtracting.,2,2 occurrences,2060,"When solving simultaneous equations graphically, they think the solutions are the x or y intercepts",1439,"When solving simultaneous equations, assumes every variable has equal value.",614,"When solving simultaneous equations, thinks you only transform the term that is being eliminated, rather than the whole equation.",930,When solving simultaneous equations thinks that identical terms in given equations can be eliminated by either adding or subtracting.,1146,"When solving simultaneous equations, believes the terms must be of opposite signs in order to be eliminated.",384,"When solving simultaneous equations graphically, they think the solutions are the x-intercepts",1728,"When solving a pair of simultaneous equations, thinks they need to make the coefficients of both variables the same",1506,Believes transforming some terms in simultaneous equations is sufficient,512,"When asked to solve simultaneous equations, believes they can just find values that work in one equation",1266,"When solving simultaneous equations, thinks they can ignore one of the variables",1190,"When solving an equation, subtracts instead of dividing",2078,Simplifies a fraction by adding or subtracting the same amount from the numerator  and denominator,1360,"When solving an equation, multiplies instead of adding",1274,Subtracts simultaneous equations when addition is required,1268,"When solving simultaneous equations, thinks you only transform the algebraic terms, rather than the whole equation.",370,"When solving simultaneous equations, believes the terms must have the same sign in order to be eliminated.",1020,Believes it's not possible to solve simultaneous equations graphically,2001,"When solving an equation,  subtracts instead of multiplying",967,"When solving simultaneous equations graphically, only gives one of two solutions",1464,"When solving simultaneous equations graphically, they think the solutions are the y-intercepts",2291,"When solving simultaneous equations, thinks they can't multiply each equation by a different number",200,"When solving simultaneous equations, thinks they multiply both equations by the LCM of the coefficients of the term being eliminated",94,"When solving simultaneous equations, thinks they can add variables to one of the equations to make terms across the 2 equations identical",1454,Believes they can eliminate a variable without making the coefficients the same in simultaneous equations,1729,"When solving simultaneous equations, finds the correct numbers to transform the equations, but uses them the wrong way around."
EEDI-060,1119,A,Convert between cm and m,Length Units,How should you write \( 5 \) kilometres and \( 7 \) centimetres in metres?,\( 5000.07 \mathrm{~m} \),\( 5070 \mathrm{~m} \),549,Incorrectly converted cm to m,2,2 occurrences,2226,Incorrect use of scale on a diagram,1955,Thinks that a percentage can be converted to a fraction using a denominator of 10 ,488,Does not correctly apply the distributive property of multiplication,2203,Lines up the digits incorrectly when doing a subtraction involving two numbers with a different amount of digits,1547,Has forgotten to convert cm to m,2149,Converted seconds to minutes instead of seconds to hours,549,Incorrectly converted cm to m,2051,Does not correctly apply the commutative property of multiplication,2346,"When subtracting decimals with a different number of decimal places, lines up the digits incorrectly",1424,Thinks numbers greater than 1 cannot be converted into fractions,1649,Believes that all recurring decimals can be converted to a fraction by writing the digits of the decimal over 9,1730,"When adding decimals with a different number of decimal places, lines up the digits incorrectly",891,Incorrectly cancels what they believe is a factor in algebraic fractions,415,Incorrectly identifies angles as vertically opposite,1380,"When collecting like terms, assigns positivity or negativity incorrectly.",98,Incorrectly clears fractions from equations,1107,Converted hours to minutes instead of hours to seconds,1755,Incorrectly factorises a quadratic,271,Believes triangle numbers are formed differently to the correct way,803,Believes an axis is scaled correctly if the marked values increase in a linear pattern (ignores the distance from the origin to the first value) ,2330,Rounds incorrectly by changing multiple place values,285,Lines up the digits incorrectly when doing an addition involving two numbers with a different amount of digits,2230,substitutes incorrectly,804,Believes percentages cannot be converted into fractions,123,Rounds incorrectly when the nearest 10 is a multiple of 100
EEDI-061,1,B,Simplify an algebraic fraction by factorising the numerator,Simplifying Algebraic Fractions,"Simplify the following, if possible: \( \frac{m^{2}+2 m-3}{m-3} \)",Does not simplify,\( m+2 \),143,"Thinks that when you cancel identical terms from the numerator and denominator, they just disappear",3,3-4 occurrences,143,"Thinks that when you cancel identical terms from the numerator and denominator, they just disappear",403,"When rationalising the denominator, confuses the numerator with the denominator",381,"When dividing a fraction by an integer, divides both the numerator and denominator by the integer",408,"When multiplying fractions, multiplies both the numerator and denominator",1637,Has used the decimal point to separate numerator and denominator,1799,"When converting fraction to ratio, thinks you just use the numerator and denominator as the numbers in the ratio ",1008,"When dividing an integer by a fraction, thinks they multiply numerator and denominator by the integer",1976,"When multiplying a fraction by an integer, multiplies both numerator and denominator by the integer",112,Thinks the difference between the numerator and denominator determines how close the fraction is to 1,169,"When subtracting a fraction from a mixed number, assumes they just subtract the numerator from the integer of the mixed number",1542,Believes that a fraction means dividing the denominator by the numerator,896,"When adding fractions with identical numerators, leaves the numerator and adds the denominators",1621,"When dividing a fraction by an integer, multiplies both the numerator and denominator by the integer",848,Believes when simplifying a fraction you can divide the numerator and denominator by different values,495,Thinks converting an integer to a fraction means both the numerator and denominator are equal,832,Believes that a fraction with equal numerator and denominator cancels to 0,2199,Divides by the numerator and multiplies by the denominator when finding a fraction of an amount,1280,"When multiplying fractions, multiplies the numerator and adds the denominator",652,Mixes up the numerator and denominator when writing a division as a fraction,2078,Simplifies a fraction by adding or subtracting the same amount from the numerator  and denominator,1822,Thinks they multiply the numerator and denominator together to convert a fraction to a percentage ,623,Assumes the denominator is divided by the numerator,1928,Mixes up the numerator and denominator,1479,Thinks you multiply by the numerator and add the denominator when converting a mixed number to an improper fraction,979,Thinks can combine the numerator and denominator after simplifying an algebraic fraction
EEDI-062,1005,C,Convert fractions less than 1 to terminating decimals of 1 decimal place,Converting between Fractions and Decimals,What is \( \frac{3}{5} \) as a decimal?,None of these.,\( 0.35 \),2073,Converts a fraction to a decimal by placing all values of the fraction after the decimal point,3,3-4 occurrences,364,Thinks they just remove the decimal point when converting a decimal to a percentage,1221,Converts a decimal to a fraction by writing 1 over the digits of the decimal,988,"When converting a percentage to a decimal, just writes all the digits after a decimal point.",2254,Removes the decimal point when asked to round a decimal to a whole number,2162,"When rounding to decimal places and the only digits after the decimal point will be zeros, just gives the integer as the answer.",2073,Converts a fraction to a decimal by placing all values of the fraction after the decimal point,1609,Believes the decimal point button writes a fraction,292,Converts fraction to percentage by putting % sign after the denominator,336,Does not understand that having values after the decimal point makes a number larger than a number with the same units but no decimal places,1317,Identifies wrong place value column after decimal point,760,Converts a fraction to a decimal by using the denominator after the decimal point,318,"Assumes that converting a decimal percentage to a fraction, they can just convert the decimal to a fraction, instead of writing the decimal over 100.",419,"When converting a fraction to a decimal, divides the denominator by the numerator",1649,Believes that all recurring decimals can be converted to a fraction by writing the digits of the decimal over 9,1447,Writes the remainder as the digit after the decimal point,2133,"When dividing a decimal by a multiple of 10, just divides the fractional place values ",679,Gives a fraction when asked for a decimal,2368,Converts a fraction to a percentage by placing a decimal point between the numerator and denominator,115,Believes fraction to decimal conversion is done by writing the numerator as a decimal,2308,Converts a fraction to a decimal by placing a decimal point between the numerator and denominator,2242,Converts a fraction to a decimal by placing the denominator after the decimal point,2574,Believes that when multiplying by a power of 10 you add zeroes after the decimal point,1759,Assumes decimal point can be ignored when given a decimal percentage to convert to a fraction,1715,Converts a fraction to a decimal by using only the numerator after the decimal point,90,Does not understand place value after the decimal point
EEDI-063,101,C,Express one quantity as a percentage of another mentally,Percentages of an Amount,What is \( 8 \) out of \( 40 \) as a percentage?,\( 20 \% \),\( 16 \% \),658,Thinks they double the numerator to turn a fraction into a percentage,3,3-4 occurrences,2368,Converts a fraction to a percentage by placing a decimal point between the numerator and denominator,2361,Believes a fraction out of a number other than 100 represents a percentage,1955,Thinks that a percentage can be converted to a fraction using a denominator of 10 ,1786,Converts a fraction to a percentage by writing the numerator followed by the denominator,847,Thinks they can convert a 2 digit percentage to a fraction by writing one number over the other.,1756,Thinks you need to just remove the percentage sign to convert from a percentage to a decimal,1396,Finds a percentage when asked for a fraction,2023,Thinks when finding a percentage you divide by the percentage being asked,597,Thinks that to decrease by a percentage you just multiply by the decimal equivalent to that percentage,210,Thinks the term in a sequence is double the position value,419,"When converting a fraction to a decimal, divides the denominator by the numerator",518,Thinks that to decrease by a percentage you multiply by 1+ the decimal equivalent to that percentage,808,Thinks they double rather than halve when finding the area of a triangle,531,Thinks when finding a percentage you multiply by the percentage being asked,1822,Thinks they multiply the numerator and denominator together to convert a fraction to a percentage ,658,Thinks they double the numerator to turn a fraction into a percentage,495,Thinks converting an integer to a fraction means both the numerator and denominator are equal,1852,"When adding an integer to a fraction, thinks you add the integer to the numerator",2322,Believes a percentage of a number will be a multiple of the percentage,1166,"When subtracting a fraction from a mixed number, assumes they subtract the numerator from the integer and the numerator of the mixed number",1309,Believes the numerator is the top of a fraction ,800,Thinks you just add a % sign to the numerator to make a fraction into a percentage,1008,"When dividing an integer by a fraction, thinks they multiply numerator and denominator by the integer",364,Thinks they just remove the decimal point when converting a decimal to a percentage,122,Thinks they can convert percentages to fractions by writing the percentage value as both the numerator and the denominator
EEDI-064,1011,A,"Reflect an object or a point in a vertical line with the line of reflection given as an equation, where the line of reflection lies on the edge or outside the object",Reflection,"Which is the correct point for E when reflected in the line \( x=-1 \) ? ![A set of axes: x-axis from -5 to 5, y-axis from -5 to 3. Four points are plotted and joined to make a rectangle: (1,1), (3, 1), (3, 3) and (1,3). Point (3, 3) is labelled with the letter ""E"". ]()","(-5, 3)","(-3, 3)",2155,"Reflects in an axis, instead of the given mirror line",4,3-4 occurrences,428,"When a point is on an axis, gives both coordinates as the value it's at on the axis",883,"Believes mirror line must lie on a grid line, not in between grid lines",732,Finds the mean instead of the median,1306,Finds the median instead of the range,1748,"Believes that when a shape touches the mirror line, all of its vertices will stay the same when reflected",1966,Finds the median instead of the mean,772,Rotates instead of reflects,1990,Fails to reflect across mirror line,805,Believes a rotation and a reflection can be combined by applying the rotation to the mirror line,1416,Adds instead of multiplies,2424,Believes a line segment can be opposite an axis,234,Subtracts instead of adds,1961,Fails to identify mirror line,2095,"When reading graph, chooses nearest marked value on axis instead of reading accurately",2273,Subtracts instead of divides,2314,Multiplies instead of divides to find one part given the total,2071,Shares equally instead of in given ratio,2026,Reflects instead of rotates,2155,"Reflects in an axis, instead of the given mirror line",1514,Adds instead of subtracts,1319,Adds instead of multiples,997,Subtracts instead of multiplies,797,Reflects horizontally or vertically instead of across a diagonal line of symmetry,1098,Finds the mean instead of the range,1572,Translates rather than reflects across a line of symmetry
EEDI-065,1013,D,Recognise perpendicular lines,Parallel Lines,"Tom and Katie are discussing this pair of lines
Tom says they are equal length
Katie says they are perpendicular
Who do you agree with? ![Two blue lines, each with a little red line marked across them. The blue lines don't touch each other, but they are closer together at one end.]()","Only
Tom",Neither is correct,2137,Does not know what dashes on the sides of shapes mean,4,3-4 occurrences,87,Does not know what an exterior angle is ,2321,does not know the meaning of the word digit,114,Does not know the meaning of the word parallel,1327,Does not know the meaning of attribute data,222,Does not know the meaning of absolute value,1513,Does not know the meaning of perpendicular,255,Does not know the meaning of the word regular ,491,Does not know how to calculate the mean,2494,Does not know the meaning of consecutive,2137,Does not know what dashes on the sides of shapes mean,478,Does not know what a square number is,137,Does not know the meaning of the word identity ,721,Does not know what the symbol for equal lengths means,423,Does not know the meaning of equilateral,1009,Does not know the meaning of bisect,1528,Does not know the meaning of alternate,2177,Does not know that a reflection would not change the size of the shape,1959,Does not know that a solid is a 3D shape,634,Does not know the term numerator,2228,Does not know what a Fibonacci sequence is,1326,Does not know the meaning of square sign for right angle,293,Does not understand that similar shapes sides must all have the same scale factor,1351,Does not know the meaning of congruent,933,Does not know the meaning of corresponding,2583,Does not know what a cube number is
EEDI-066,1014,D,For a given output find the input of a function machine,Function Machines,"![Image of a function machine. The function is add one third, and the output is 7]() What is the input of this function machine?",\( 6 \frac{2}{3} \),\( 21 \),674,Thinks the inverse of addition is division,3,3-4 occurrences,2359,Believes division is commutative ,1805,Does not realise that subtracting a negative is the same as adding it's additive inverse,2539,Believes the inverse of square rooting is halving,1971,Confuses the inverse operations of addition and subtraction when rearranging equations,1589,Thinks the division sign means to subtract,458,When finding an input of a function machine thinks you apply the operations given rather than the inverse operation.,1500,"When calculating a scale factor, thinks the division is the other way around.",516,Thinks the inverse of multiplication is addition,1856,Thinks multiplication and addition are the same,617,Does not apply the inverse function to every term in an expression,520,Thinks the inverse of addition is multiplication,1361,Does not recognise that addition is the inverse operation of subtraction,566,Thinks the inverse of subtraction is division,334,"When solving an equation with x in the denominator, thinks the inverse operation is to make it the numerator on the other side",1862,Performs addition ahead of division,1336,Does not realise addition is commutative,125,Thinks the division sign means to add,1259,Believes division is sometimes commutative ,15,"Confuses the order of operations, believes addition comes before division",481,Thinks the inverse of subtraction is multiplication,1948,Believes the inverse of square rooting is doubling,879,Thinks you apply one inverse operation to one term and the other inverse operation to the other term,2122,Thinks two letters next to each other is a division,1274,Subtracts simultaneous equations when addition is required,674,Thinks the inverse of addition is division
EEDI-067,1017,C,Solve one-step linear inequalities in one variable where the variable appears on one side of the equation,Solving Linear Inequalities,"Solve the inequality:
\(-3>p-1\)",\( p<-2 \),\( p>-2 \),38,Believes the sides of an inequality can be switched without changing the direction of the sign,3,3-4 occurrences,2160,"In repeated percentage change, believes the second change is only a percentage of the first change, without including the original",2464,"Believes the sides of a rectangle must be horizontal and vertical, not diagonal",1627,Believes ratios can be combined without equalizing common terms,1803,Believes they can divide by a variable without checking whether it could equal zero,1162,Mixes up the inequality signs in an error interval,2543,"Believes the frequency represented by a pie chart sector can be judged visually, without considering the total it represents",283,Believes reflection in y = -x switches x and y coordinates,1191,Believes that the sign changes when factorising an expression into single brackets,1828,Does not understand inequality notation,101,Believes that reflection always switches the x and y coordinates,1590,Believes any two inequalities can be combined into a double inequality,742,Believes solving an inequality gives a single value as a solution,876,Believes squaring a negative number just changes the sign,1682,Confuses inequality symbols with equality,38,Believes the sides of an inequality can be switched without changing the direction of the sign,811,Believes they can multiply/divide through by a negative number without changing the direction of the inequality,194,"Believes the sides of a square must be horizontal and vertical, not diagonal",1771,Believes the solution of a quadratic inequality is always the interval between the roots,2293,Thinks the orientation of the side view does not matter when identifying the direction of view,1816,"Believes the probability on all branches travelling in the same direction on a tree diagram are the same, despite changing events",1829,Believes they must change the direction of the inequality when dividing through by a positive number.,769,Confuses the direction of vectors when adding or subtracting,1612,Confuses the shaded and unshaded regions on an inequality diagram,232,"When dividing by a fraction, switches to multiplication without also using the reciprocal",1949,"Believes reflection in y=-x switches the signs of the coordinates, but not their numbers"
EEDI-068,1021,B,Solve quadratic equations using factorisation in the form x(x + b) ,Quadratic Equations,"Jo and Paul are arguing about how to solve this equation:
\(
x^{2}-9 x=0
\)

Jo says one solution is \( x=0 \)

Paul says one solution is \( x=3 \)
Who is correct?","Only
Jo","Only
Paul",1766,Thinks x^2 - a^2x is a valid form of difference of two squares,3,3-4 occurrences,547,Factorises difference of two squares with the same sign in both brackets,2528,Thinks that the perimeter on a square grid is the number of squares surrounding the rectangle,2407,Believes an arithmetic sequence can have a common second difference rather than first difference,422,Thinks x = y is an axis,898,Thinks x = 0 is the x axis,859,Believes they can factorise a difference of two squares by placing the constant in both brackets without square rooting,688,Confuses the factorised form of repeated roots and the difference of 2 squares,902,Thinks 1 squared is 2,903,"Has increased by the value of the first value, rather than the difference",113,Does not recognise difference of two squares,1766,Thinks x^2 - a^2x is a valid form of difference of two squares,2356,Thinks a difference of one part in a ratio means the quantities will differ by one unit,2508,Thinks x = ? is the y axis,188,Believes interquartile range is the difference between one of the quartiles and the minimum value,53,Thinks circumference is radius x pi,1987,"When completing the square in the form (x - a)^2 + b, believes b = the original constant",2114,"When completing the square, believes a coefficient of x^2 does not affect the value of the constant inside the bracket",729,"Thinks the sum of 2 numbers, each squared first, is the same as adding the two numbers and then squaring the total",1821,"When finding the nth term rule for a quadratic sequence, believes that the coefficient of n squared is the second difference",1235,"When completing the square in the form (x - a)^2 + b, believes b is the difference between a and the constant of the original quadratic",994,"When completing the square in the form (x - a)^2 + b, believes b = a^2 + the original constant",2275,Believes midpoint calculation is just half of the difference,1994,"When completing the square in the form (x - a)^2 + b, believes b = -a^2 regardless of the original constant",673,Finds total instead of difference when asked 'How many more',1256,Believes the difference of 2 squares method of factorising also works for the addition of 2 squares
EEDI-069,1025,B,Read the graphical solution to a pair of linear simultaneous equations from a diagram,Graphical Solution of Simultaneous Equations,"According to the graph, what are the solutions to the simultaneous equations? ![The image is of a set of axes with two straight lines drawn on. The red line goes through the points (0,6) and (3,0). The blue line goes through the points (0,3) and (6,0)and the two lines cross at (2,2).]()","\( x=2, \quad y=2 \)","\( x=6, \quad y=3 \)",384,"When solving simultaneous equations graphically, they think the solutions are the x-intercepts",3,3-4 occurrences,1454,Believes they can eliminate a variable without making the coefficients the same in simultaneous equations,930,When solving simultaneous equations thinks that identical terms in given equations can be eliminated by either adding or subtracting.,94,"When solving simultaneous equations, thinks they can add variables to one of the equations to make terms across the 2 equations identical",1439,"When solving simultaneous equations, assumes every variable has equal value.",569,Believes the solutions to an equation have opposite signs from its x intercepts,1268,"When solving simultaneous equations, thinks you only transform the algebraic terms, rather than the whole equation.",967,"When solving simultaneous equations graphically, only gives one of two solutions",1274,Subtracts simultaneous equations when addition is required,512,"When asked to solve simultaneous equations, believes they can just find values that work in one equation",1266,"When solving simultaneous equations, thinks they can ignore one of the variables",1728,"When solving a pair of simultaneous equations, thinks they need to make the coefficients of both variables the same",1506,Believes transforming some terms in simultaneous equations is sufficient,2291,"When solving simultaneous equations, thinks they can't multiply each equation by a different number",370,"When solving simultaneous equations, believes the terms must have the same sign in order to be eliminated.",1768,Believes the y-intercept of a line is the solution to its equation,1020,Believes it's not possible to solve simultaneous equations graphically,2436,Believes the solutions of a quadratic equation are the constants in the factorised form,614,"When solving simultaneous equations, thinks you only transform the term that is being eliminated, rather than the whole equation.",1464,"When solving simultaneous equations graphically, they think the solutions are the y-intercepts",2060,"When solving simultaneous equations graphically, they think the solutions are the x or y intercepts",1146,"When solving simultaneous equations, believes the terms must be of opposite signs in order to be eliminated.",200,"When solving simultaneous equations, thinks they multiply both equations by the LCM of the coefficients of the term being eliminated",384,"When solving simultaneous equations graphically, they think the solutions are the x-intercepts",1701,Believes the solutions of a quadratic equation are the absolute values of the constants in the factorised form,1729,"When solving simultaneous equations, finds the correct numbers to transform the equations, but uses them the wrong way around."
EEDI-070,1026,A,Simplify algebraic expressions to maintain equivalence by collecting like terms involving just two linear variables,Simplifying Expressions by Collecting Like Terms,"Jo and Paul are talking about which term could replace the star in this addition pyramid.
Jo says it could be: \( f \)
Paul says it could be: \( g \)
Who is correct? ![A diagram showing 3 rows of boxes. the bottom row has 3 boxes, containing a star, and empty box and 2g from left to right. The next row up contains two boxes, overlapping the joins of the boxes below. The left one contains 4f+6g, the right one is empty. The top row is one box, centered over the join of the two below, it is empty.]()",Both Jo and Paul,"Only
Jo",1690,Assumes an addition pyramid works in a different way to how it actually does,4,3-4 occurrences,2168,Assumes a 1:1 conversion ratio between different currencies,535,Believes a missing length on a cuboid can be found by doing volume divided by a different length,1730,"When adding decimals with a different number of decimal places, lines up the digits incorrectly",1383,"When two digits sum to 10 or more during an addition problem, does not add one to the preceding digit",843,Does not see fraction diagrams as equivalent if the shading is in a different pattern,1437,Assumes the fractional index denotes the root and power the other way around,299,"When solving time problems, finds the difference in the hours and the difference in the minutes but then assumes the minutes will be added on to the number of hours",1711,Is not familiar with the names of the different parts of a fraction,1119,Does not interpret the correct order of operations in a fraction when there is an addition on the numerator,1783,Confuses pyramid with prism,1523,Does not know how to say a fraction,713,"When asked for a specific term in a sequence gives a different term, which is not the next",1690,Assumes an addition pyramid works in a different way to how it actually does,1508,Assumes the item has not been replaced in a probability question where it has actually been replaced,1001,Does not know how to divide a fraction by an integer,1695,Thinks you add all the bricks in a row in an addition pyramid.,2241,Confuses triangular prism with pyramid,154,Assumes an angle has been split into equal parts,2449,Done a different calculation to the one given,1069,Assumes an angle is the size that it looks in the (not to scale) diagram,1256,Believes the difference of 2 squares method of factorising also works for the addition of 2 squares,285,Lines up the digits incorrectly when doing an addition involving two numbers with a different amount of digits,1116,Multiplies coefficients and letters separately and writes as an addition,271,Believes triangle numbers are formed differently to the correct way,382,Does not know how to combine different symbols in Roman numerals
EEDI-071,1029,C,Generate a descending integer linear sequence from the nth term rule,Linear Sequences (nth term),"How many terms are greater than zero in this sequence:
\[
22-5 n
\]",\( 4 \),\( 5 \),936,Thinks the first term in a sequence is the term before the sequence begins (0th term),4,3-4 occurrences,2475,"When finding the nth term rule for a quadratic sequence, believes they only need to use the first term to calculate the coefficient of n ",672,When asked for a specific term in a sequence gives the next term,108,Uses only the first two terms of a sequence to work out a term-to-term rule,845,Believes they can find the nth term based on the first term only,1354,Does not know how to calculate the position of a term in a sequence,1631,When asked for a specific term in a sequence gives the term after,2472,Does not know how to find the next term in a sequence,1240,Thinks the first term of a sequence must be 1,2284,When asked for a specific term in a sequence just gives the next term,936,Thinks the first term in a sequence is the term before the sequence begins (0th term),1093,Has multiplied the value of the first term by the the term being asked,849,Thinks the nth term is when the value of the term is n,2220,Mixes up term in a sequence and position of a term,713,"When asked for a specific term in a sequence gives a different term, which is not the next",215,"When asked for a specific term in a sequence, just gives the position number",2317,"When asked for the next term in the sequence subtracts one from the last term given, despite the sequence not going down in ones.",834,"When asked for the next term in the sequence adds one to the last term given, despite the sequence not going up in ones.",1115,Identifies the term-to-term rule rather than the next term in a sequence,1394,Identifies the first term rather than the next term in a sequence,210,Thinks the term in a sequence is double the position value,2135,Thinks positive or negative sign affects the term before it,104,Assumes a sequence is linear,440,Thinks n=0 for the first term in a sequence,52,When asked for a specific term in a sequence gives the term before,2376,"When finding the nth term of a linear sequence, thinks the the first term is the coefficient in front of n."
EEDI-072,1031,A,Divide integers of 3 or more digits using long division,Written Division,"When using long-division to solve this problem, what digit should replace the rectangle to give the correct answer (quotient)? ![Division sum written out in Bus Stop format with dividend = 735, divisor = 3, the digits of the quotient are represented by a yellow star, a purple triangle and a blue rectangle.]()",\( 5 \),\( 0 \),1155,Starts at the wrong end of the dividend when dividing,4,3-4 occurrences,983,"When the dividend is a mixed number and the divisor is an integer, thinks they only divide the fraction by the integer.",2223,"When dividing fractions, divides the denominators by each other",351,Thinks a chord does not have to start and end at the circumference of the circle.,1155,Starts at the wrong end of the dividend when dividing,1365,"When ordering integers, orders from the digits at the end of the number instead of the digits at the start",796,Draws both angles at the same end of the line when constructing a triangle,1804,"When dividing fractions, multiplies the numerators and multiplies the denominators",1156,"When dividing a fraction by an integer, divides the denominator by the integer",752,Thinks that when dividing numbers in standard form you subtract the number and divide the power,2399,"when dividing a fraction by an integer, both multiplies the denominator and divides the denominator",2352,Writes the index as a digit on the end of a number,2378,Divides total amount by each side of the ratio instead of dividing by the sum of the parts,1076,Cancels digits when dividing,1922,Gets the dividend and divisor the wrong way round when doing long division,323,"When measuring a line segment with a ruler, assumes the line starts at 0",1152,"When dividing fractions, does the reciprocal of the first fraction instead of the second",2002,"When dividing a decimal by an integer, divides by the wrong power of 10 when reinserting the decimal.",2461,"Believes that the larger the dividend, the smaller the answer.",1171,"When solving a problem using written division (bus-stop method), puts the dividend in the wrong place",2481,"When multiplying decimals, divides by the wrong power of 10 when reinserting the decimal",1797,Assumes the range of a set of data starts at zero,1519,Assumes that a graph always starts at the origin,1030,When dividing numbers with the same base divides the base numbers and the powers,2179,Assumes that an arrow on a number line starts at zero,371,"When dividing fractions, divides by the reciprocal, instead of multiplies"
EEDI-073,1036,D,Calculate the volume of a triangular-based prism when the dimensions are given in the same units,Volume of Prisms,"Which of the three marked lengths is not needed when calculating the volume of this shape? ![A triangular prism with length 6cm. The triangular face is a right-angled triangle with base 4cm, height 3cm and longest edge 5cm. ]()",\( 5 \mathrm{~cm} \),\( 6 \mathrm{~cm} \),554,Finds area of one face when asked for volume,3,3-4 occurrences,1545,Believes you find the surface area of a prism by finding the total area of the unique faces,1377,Square roots when asked for second multiple,360,Gives frequency when asked for relative frequency,1052,Uses length scale factor for volume without cubing,1063,Adds rather than multiplies when asked for a total,982,Calculates perimeter when asked for area,2086,"When calculating volume expressed in cubes, counts only the squares on one face",679,Gives a fraction when asked for a decimal,757,Adds rather than multiplies when asked for a product,2235,Gives the first significant figure when asked for the second,877,Does not convert measurements to have the same units before calculating area or volume,910,Cannot identify the correct side lengths to use when asked to find the area of a face,2553,Gives the second significant figure when asked for the first,2166,Adds up the variable column when asked for total frequency,1335,Believes volume of a cuboid is the area of the three unique faces multiplied together,1396,Finds a percentage when asked for a fraction,746,Finds surface area when asked for volume,554,Finds area of one face when asked for volume,973,Finds area of whole circle rather than area of sector,884,"When asked for more, find the total",2388,Uses formula for area of a parallelogram when finding the area of a trapezium,1668,Calculates area when asked for perimeter,1455,Calculates circumference when asked for area,2034,Finds an equivalent improper fraction when asked for a mixed number,648,Finds volume when asked for surface area
EEDI-074,1038,C,Convert from weeks to hours,Time,Which one of the following calculations would work out the number of hours in \( 10 \) weeks?,\( 10 \times 7 \times 24 \),\( 10 \times 24 \),1179,Forgets to multiply up for the correct time frame in a worded question,3,3-4 occurrences,1807,"When multiplying mixed numbers, forgets to multiply the fraction",2234,Forgets to change the numerators when finding equivalent fractions,1549,"When asked to multiply fractions, uses the method for adding instead",513,Believes they need to multiply the numbers together in a worded HCF question ,1025,Forgets to include the intersection value when asked for total value of a set in a Venn diagram,435,Finds a scale factor but forgets to multiply the original value in proportion questions,1517,Finds unit amount but doesn't multiply up,1179,Forgets to multiply up for the correct time frame in a worded question,1564,Does not recognise time as a variable from a worded scenario,1790,Does not know the correct notation for labelling a side length,2009,"Assumes they add all values in a worded problem, thereby not interpreting the problem correctly",641,Does not add on the constant in a worded substitution problem,2340,Does not recognise when to find a multiple from a worded question,1950,forgets to include the common factors when calculating the lowest common multiple,1999,Does not interpret the correct order of operations from a worded problem,271,Believes triangle numbers are formed differently to the correct way,2579,Forgets to add the numerator when converting from a mixed number to an improper fraction ,636,Mixes up constant and coefficient in a worded substitution problem,801,Forgets to give the centre of rotation,2215,Does not recognise when to find a factor from a worded question,1119,Does not interpret the correct order of operations in a fraction when there is an addition on the numerator,350,Forgets to carry the tens when doing column multiplication,791,"In a worded problem, does not complete all calculations",1867,Finds unit price then forgets to multiply up,901,Finds unit price but doesn't multiply up for number in question
EEDI-075,1039,B,Can calculate missing coordinates in a geometric shape,Naming Co-ordinates in 2D,"Here are \( 3 \) vertices of a rectangle:
\((-6,-2),(-3,2),(0,0) \text {, }\)

What are the coordinates of the \( 4^{\text {th }} \) vertex?","\( (-3,-4) \)","\( (-3,-2) \)",2464,"Believes the sides of a rectangle must be horizontal and vertical, not diagonal",4,3-4 occurrences,905,"Thinks the movement of the top number in a column vector is vertical, and the bottom number is horizontal rather than the other way round",957,Believes the mean must be an integer,184,Believes the space diagonal is the same length as the diagonal on the bottom face of a cuboid,194,"Believes the sides of a square must be horizontal and vertical, not diagonal",83,Confuses the meaning of perpendicular and vertical ,1836,Believes lines of symmetry must be vertical or horizontal,2113,Confuses the equations of vertical and horizontal lines,1968,Mixes up width and height of a rectangle,1784,Believes a horizontal line can show a constant rate of change,872,Thinks angles can only be measured when one line is horizontal,1180,Does not know the properties of a rectangle,551,Believes a rectangle has four equal sides,591,Does not believe the length of a diagonal line can be worked out based on horizontal and vertical measurements,665,Believes that the gradient of a horizontal line is undefined,2464,"Believes the sides of a rectangle must be horizontal and vertical, not diagonal",1546,Believes the horizontal axis on a cumulative frequency diagram is labelled upper bound,2204,Believes the area of a rectangle is calculated by length add width,972,Does not realise that if the horizontal and vertical measurements of a diagonal line segment switch it remains the same size,268,Believes lines of reflection must be vertical or horizontal,570,Does not understand that all angles and sides must be equal for regular shapes,2371,Believes a direct proportion graph is a horizontal line,2421,Believes a rectangle has one pair of equal sides,1397,Believes point will move diagonally when reflecting in a horizontal or vertical line,1813,Estimates the length of diagonal lines rather than working out based on horizontal and vertical measurements,797,Reflects horizontally or vertically instead of across a diagonal line of symmetry
EEDI-076,1044,A,Work out the sum of the interior angles in polygons,Angles in Polygons,What do all the interior angles of this shape add up to? ![Irregular hexagon](),\( 720^{\degree} \),\( 360^{\degree} \),28,Thinks the interior angles of any polygon add up to 360,3,3-4 occurrences,2104,Thinks that only the angles need to be the same for a polygon to be regular,1426,Thinks rule for calculating interior angles only applies to regular polygons,2362,Believes angles on a straight line add to 360 degrees,355,Thinks the interior angle of a regular polygon is 10n,2570,Confuses interior angles with exterior angles,2341,Does not know how to calculate the sum of interior angles,875,Believes vertically opposite angles sum to 360 degrees,647,Thinks co-interior angles sum to 90 degrees,241,Thinks co-interior angles sum to 360 degrees,48,Thinks corresponding angles sum to 360 degrees,28,Thinks the interior angles of any polygon add up to 360,464,Believes that you are unable to calculate the sum of the interior angles of an irregular polygon given the number of sides,773,Does not understand to find each interior angle of a regular polygon you divide the sum by the number of sides,100,Believes angles in a triangle sum to 360 degrees,2334,Does not know that angles around a point sum to 360,2499,Thinks the interior angles of any polygon add up to 180 degrees,1505,Thinks co-interior angles are equal,1907,Believes an interior angle in a regular polygon can be found using 360 subtract (180 over number of sides),1550,Believes interior angles are outside a shape,135,Thinks the value of an exterior angle is 360 degrees,405,Believes the only way to find the interior angle of a regular polygon is to subtract the exterior angle from 180.,654,Believes an interior angle in a regular polygon can be found using 180(n+2)/n,1087,Thinks the interior angles of a polygon add up to 100n,35,Believes you add 2 instead of subtracting 2 to the numbers of sides when finding total interior angles,2036,Identified the interior not exterior angle at a point
EEDI-077,105,C,Find missing angles using vertically opposite angles,"Basic Angle Facts (straight line, opposite, around a point, etc)","What is the size of angle \( p \) ? ![3 intersecting lines. Towards the top of the image two of the lines intersect and at this point there are two marked angles, 138 degrees and 42 degrees. The angle opposite the 42 degree angle is marked p]()",\( 42^{\circ} \),\( 138^{\circ} \),8,Student thinks that any two angles along a straight line are equal,4,3-4 occurrences,2218,Assumes that opposite angles are equal in a quadrilateral,2362,Believes angles on a straight line add to 360 degrees,2117,Thinks that all angles anywhere along a straight line add to 180,8,Student thinks that any two angles along a straight line are equal,2156,Thinks alternate angles are always equal,2121,Believes angles on a straight line add to 100 degrees,1391,Does not know how to find the y intercept when given two other sets of coordinates that lie on a straight line,1860,Believes a reciprocal graph can be a straight line,725,Does not know that angles on a straight line sum to 180 degrees,309,Believes angles on a straight line add to 90 degrees,432,Believes the equation of a straight line is y=-mx-c,1505,Thinks co-interior angles are equal,1886,Does not understand that base angles in an isosceles are equal,235,Thinks adjacent angles are equal,2365,Confuses vertically opposite angles with angles on a straight line,1791,Does not know that vertically opposite angles are equal,2370,Uses angles on a straight line in the wrong context ,1745,Believes a quadratic graph can be a straight line,1314,Only uses the closest angle to the unknown when using the angles in a straight line relationship,1707,Misinterprets the meaning of angles on a straight line angle fact,2382,Believes that y = m +cx is the equation of a straight line,753,Believes when you plot a linear sequence it doesn't give a straight line,2184,Believes the equation of a straight line is y=-mx+c,2310,Does not know how to find the gradient of a straight line from two points,401,"When given the equation of a straight line, believes the first term always gives the gradient, even when the first term is actually c"
EEDI-078,1063,A,"Given an x value, find the corresponding y value from a non-linear graph",Cubics and Reciprocals,"Here is the graph of
\(
y=\frac{4}{x}
\)

What is the value of \( y \) when \( x=-1 \) ? ![A graph with two curves. Y axis from -5 to 5 and x axis from -5 to 5 marked in increments of 1.  One curve is in the positive x, positive y quadrant. It starts at the top close to the line x = 1, as we move right it drops very quickly towards the x axis then levels off to travel almost parallel to the line y =1. It goes through (1, 4) (2,2) and (4,1).  One curve is in the negative x negative y quadrant. It starts at the top left of the quadrant almost parallel to y = -1, then we move right and it curves downwards towards the y axis then levels off to travel almost parallel to the x = -1 line. It goes through (-4, -1) (-2, -2) and (-1,-4)]()",\( -4 \),\( 4 \),1558,Believes dividing a positive by a negative gives a positive answer,3,3-4 occurrences,1639,Believes adding two negatives gives a positive answer,795,Ignores the negative signs when adding positive and negative numbers,1400,Believes dividing a negative by a negative gives a negative answer,974,Believes multiplying a positive by a negative gives a positive answer,1800,Believes multiplying two positives gives a negative answer,1282,When subtracting a negative thinks the answer must be negative ,34,Believes dividing a negative by a positive gives a positive answer,602,"Thinks multiplying two or more negative numbers together always gives a positive answer, regardless of how many negative numbers there are in the sum",1031,Believes raising a negative number to an odd power will give a positive answer,1597,Believes multiplying two negatives gives a negative answer,1245,Believes a number written in standard form with a negative power creates a larger number than that with a positive power,621,Believes the negative of a positive squared (where there are no brackets) gives a positive answer,2315,Confuses negative and positive correlation,433,Believes a negative power results in a negative answer,868,Believes a number raised to a power will always give a positive answer,2469,Believes a negative number can be replaced with its positive equivalent when answering an addition problem from a numberline,2526,Believes a downward line has a positive gradient,1937,Believes subtracting a positive number from a negative number makes the answer less negative,1558,Believes dividing a positive by a negative gives a positive answer,160,Believes that adding a positive to a negative makes your answer more negative,626,Thinks the difference between a positive number and a negative number is equal to the positive number,1435,When subtracting from a negative thinks the answer must be positive,55,"When subtracting a negative number from a positive number, uses a method which assumes one of the negative signs can be ignored ",1829,Believes they must change the direction of the inequality when dividing through by a positive number.,1648,Believes dividing two positives will give a negative answer
EEDI-079,107,C,Divide proper fractions in the form: Integer ÷ Fraction,Dividing Fractions,How many times does \( \frac{3}{5} \) go into \( 15 \) ?,\( 25 \),\( 9 \),609,"when dividing a fraction by an integer, multiplies the numerator by the integer",4,3-4 occurrences,2406,"When multiplying a fraction by an integer, believes the integer will become the denominator of the fraction",1166,"When subtracting a fraction from a mixed number, assumes they subtract the numerator from the integer and the numerator of the mixed number",1131,"When adding fractions, multiplies the numerators",733,"When dividing an integer by a fraction, thinks they can just multiply instead.",2082,"When multiplying a surd by an integer, multiplies the integer with the number under the surd",2002,"When dividing a decimal by an integer, divides by the wrong power of 10 when reinserting the decimal.",1976,"When multiplying a fraction by an integer, multiplies both numerator and denominator by the integer",78,"When multiplying a fraction by an integer, multiplies the denominator instead of the numerator",381,"When dividing a fraction by an integer, divides both the numerator and denominator by the integer",2199,Divides by the numerator and multiplies by the denominator when finding a fraction of an amount,2463,"When multiplying an integer by a fraction, believes the numerator of the fraction will become the denominator",983,"When the dividend is a mixed number and the divisor is an integer, thinks they only divide the fraction by the integer.",19,"When multiplying a surd by an integer, adds the integer to the number under the surd",1852,"When adding an integer to a fraction, thinks you add the integer to the numerator",609,"when dividing a fraction by an integer, multiplies the numerator by the integer",1156,"When dividing a fraction by an integer, divides the denominator by the integer",2399,"when dividing a fraction by an integer, both multiplies the denominator and divides the denominator",1542,Believes that a fraction means dividing the denominator by the numerator,598,"When subtracting a surd from an integer, just divides the integer by the number under the surd",744,"When dividing a fraction by an integer, thinks they can just multiply instead",1578,"When dividing a fraction by an integer, subtracts the integer from the denominator",1804,"When dividing fractions, multiplies the numerators and multiplies the denominators",1001,Does not know how to divide a fraction by an integer,1008,"When dividing an integer by a fraction, thinks they multiply numerator and denominator by the integer",1621,"When dividing a fraction by an integer, multiplies both the numerator and denominator by the integer"
EEDI-080,1079,B,Calculate the square root of a number,"Square Roots, Cube Roots, etc",What is the square root of sixteen?,\( 4 \),\( 32 \),2017,Mixes up square rooting and multiplying by 2 or doubling,3,3-4 occurrences,1928,Mixes up the numerator and denominator,1969,Mixes up square numbers and even numbers,1948,Believes the inverse of square rooting is doubling,1534,Thinks that doubling and then doubling again is not the same as multiplying by 4,64,Mixes up squaring and multiplying by 4,2445,Mixes up squaring and addition,586,Mixes up square numbers and prime numbers,734,Confuses square rooting and halving the number,105,Mixes up sides of a ratio,223,Mixes up cubing with multiplying by 10,1618,Mixes up cubing and multiplying by 3,2316,Mixes up squaring and multiplying by 2 or doubling,279,Mixes up square rooting and cube rooting,1850,Mixes up square rooting and fourth rooting,2017,Mixes up square rooting and multiplying by 2 or doubling,1663,Thinks halving is the same as multiplying by 2,2539,Believes the inverse of square rooting is halving,502,Believes multiplying a number by its square root gives the square root,1664,Mixes up squaring and halving,2576,Mixes up square numbers and cube numbers,909,Mixes up squaring with dividing by 2,2000,Believes multiplying by 0.1 is the same as multiplying by 10,2175,"Mixes up squaring and multiplying by 2 or doubling, and not square rooted",2557,Mixes up cubing and squaring,1346,Mixes up squaring with repeating a digit
EEDI-081,1081,B,Given a situation sketch an appropriate real life graph,Real Life Graphs,A taxi company has a \( £ 1.50 \) fixed charge and then charges \( 60 p \) per mile. Sam correctly sketches a graph to show the cost of different length journeys with the company. Which of the following graphs would best match Sam's sketch?,![A graph with distance on the horizontal axis and cost on the vertical axis. The graph starts at a point on the positive vertical axis and travels horizontally right and upwards in a straight line.](),![A graph with distance on the horizontal axis and cost on the vertical axis. The graph starts at a point on the positive vertical axis and travels horizontally right.](),1784,Believes a horizontal line can show a constant rate of change,3,3-4 occurrences,1602,Believes the sum of change in x and change in y gives the distance between points,2464,"Believes the sides of a rectangle must be horizontal and vertical, not diagonal",298,Confuses a constant with a variable,1397,Believes point will move diagonally when reflecting in a horizontal or vertical line,591,Does not believe the length of a diagonal line can be worked out based on horizontal and vertical measurements,600,Thinks a horizontal line on a distance time graph means a distance of 0,1813,Estimates the length of diagonal lines rather than working out based on horizontal and vertical measurements,456,Believes you can divide the change by 100 to find the percentage change ,985,Believes that repeated percentage change is equivalent to a single change by the sum of the percentages,1216,Believes a curve can show a constant rate,1784,Believes a horizontal line can show a constant rate of change,642,Thinks x = ? is a horizontal line through ? ,1688,Believes a line showing a constant rate of increase corresponds to a non-prism shape,2371,Believes a direct proportion graph is a horizontal line,872,Thinks angles can only be measured when one line is horizontal,268,Believes lines of reflection must be vertical or horizontal,194,"Believes the sides of a square must be horizontal and vertical, not diagonal",1568,Includes the x variable when giving the equation of a horizontal line,2301,"Believes the equation of a horizontal line is in the form x = ay, where a is the y intercept",797,Reflects horizontally or vertically instead of across a diagonal line of symmetry,2113,Confuses the equations of vertical and horizontal lines,1144,"Believes the equation for a horizontal line is in the form xy = a, where a is the y intercept",665,Believes that the gradient of a horizontal line is undefined,1187,Does not realise that gradient represents rate of change,1836,Believes lines of symmetry must be vertical or horizontal
EEDI-082,1084,D,Find 100 less than a given number,Place Value,"What number is \( 100 \) less than \( 876,099 ? \)","\( 875,999 \)","\( 875,099 \)",2264,"When subtracting a power of 10, subtracts from the wrong column",4,3-4 occurrences,1533,When adding powers of 10 adds onto the wrong column,1282,When subtracting a negative thinks the answer must be negative ,1295,"When finding part of the area of a shape, subtracts from the side length before multiplying but still subtracts the unshaded area too.",1081,"When subtracting fractions, divides the numerators",1566,Adds or subtracts from numerator first when solving an equation with a fraction,964,"When dividing involving a power of 10, gives an answer 10 times smaller than it should be",2264,"When subtracting a power of 10, subtracts from the wrong column",1435,When subtracting from a negative thinks the answer must be positive,1916,"When subtracting fractions, subtracts the numerators and multiplies the denominators",2481,"When multiplying decimals, divides by the wrong power of 10 when reinserting the decimal",1858,Does not compensate when subtracting,2566,"When subtracting a negative number, subtracts the absolute value rather than adding it",2319,subtracts the highest from the lowest when calculating the range,1166,"When subtracting a fraction from a mixed number, assumes they subtract the numerator from the integer and the numerator of the mixed number",1578,"When dividing a fraction by an integer, subtracts the integer from the denominator",1301,"When subtracting a surd from an integer, just subtracts the number under the surd from the integer",169,"When subtracting a fraction from a mixed number, assumes they just subtract the numerator from the integer of the mixed number",1795,"Believes you subtract the smaller digit from the larger digit in column subtraction, regardless of position",11,"When reading value from graph, reads from the wrong axes.",496,"When subtracting decimals with a different number of decimals, subtracts one digit from more than one column",2222,Out by 10 when subtracting,944,"When dividing involving a power of 10, gives an answer 10 times bigger than it should be",172,"When subtracting fractions, subtracts the numerators and denominators",2002,"When dividing a decimal by an integer, divides by the wrong power of 10 when reinserting the decimal.",1675,Changes wrong place value column when rounding
EEDI-083,1088,D,Identify pairs of numbers that satisfy an equation with two unknowns ,Substitution into Formula,"\[
x+y=8
\]
Which pair of numbers fits the equation?",\( \begin{array}{c}x=10 \\ y=-2\end{array} \),\( \begin{array}{c}x=-8 \\ y=1\end{array} \),2230,substitutes incorrectly,3,3-4 occurrences,636,Mixes up constant and coefficient in a worded substitution problem,123,Rounds incorrectly when the nearest 10 is a multiple of 100,415,Incorrectly identifies angles as vertically opposite,2203,Lines up the digits incorrectly when doing a subtraction involving two numbers with a different amount of digits,533,Does not consider the variable when evaluating an expression that requires substitution.,168,Believes composite function notation means to substitute the outer function into the inner function,1562,"When substituting into an algebraic term, believes they can disregard the coefficient",1776,Believes they solve mx + c = 0 by substituting in x = 0,2414,Believes a variable must remain unknown and cannot be substituted with a value,2230,substitutes incorrectly,1127,Believes the variable should remain in place after substituting its value,285,Lines up the digits incorrectly when doing an addition involving two numbers with a different amount of digits,2487,Changes the given operation when substituting,1755,Incorrectly factorises a quadratic,2346,"When subtracting decimals with a different number of decimal places, lines up the digits incorrectly",641,Does not add on the constant in a worded substitution problem,391,Mixes up the value of two terms when substituting,2226,Incorrect use of scale on a diagram,1730,"When adding decimals with a different number of decimal places, lines up the digits incorrectly",549,Incorrectly converted cm to m,1278,Believes the subscript in iteration notation is the value to be substituted,98,Incorrectly clears fractions from equations,1380,"When collecting like terms, assigns positivity or negativity incorrectly.",2330,Rounds incorrectly by changing multiple place values,891,Incorrectly cancels what they believe is a factor in algebraic fractions
EEDI-084,1092,A,Calculate the median as an average from an even numbered list of data,"Averages (mean, median, mode) from a List of Data","What is the median of the following numbers?
\[
2, \quad 0.2, \quad 0.02, \quad 0.002
\]",\( 0.11 \),\( 0.22 \),2426,When finding the median from a even dataset does not understand we must find the midpoint of the two values in the middle,4,3-4 occurrences,2426,When finding the median from a even dataset does not understand we must find the midpoint of the two values in the middle,1975,Does not understand the question,2427,Does not divide by 2 when finding midpoint,2373,Does not understand parts must be equal in a fraction diagram,1224,Does not understand the diagram given in the question,1873,Believes the median is the midpoint of the range,1555,Believes that we cannot calculate the median of a dataset that contains negative numbers,1027,Believes the median is the frequency for the middle category in a table,761,Subtracts instead of adds when finding a midpoint,732,Finds the mean instead of the median,331,Does not understand the term factor,836,Believes the mean is the middle number,1264,Finds the median instead of the mode,867,When finding the area of a parallelogram does not understand which lengths to use,461,"When finding the median for an odd numbered data set, find the midpoint of two values rather than giving the middle value",2198,Finds the mode instead of the median,1340,Misunderstands dashed lines as being the midpoint,2216,Believes the mean from grouped data something divided by the sum of the midpoint values,1966,Finds the median instead of the mean,1428,"Does not understand the meaning of ""value""",1306,Finds the median instead of the range,275,"When finding a point on a line, assumes the point is always the midpoint",2391,"Believes the median is the middle category in a table, ignoring the frequencies",24,Does not understand the term multiple,54,Believes the arrow on a number line points to the middle value
EEDI-085,1093,B,Identify the mode from a frequency table,Averages and Range from Frequency Table,"This table shows the ages of people on a university running team.

What is the modal age? \begin{tabular}{|c|c|l|}
\hline Age & Frequency & \\
\hline \( 18 \) & \( 7 \) & \\
\hline \( 19 \) & \( 3 \) & \\
\hline \( 20 \) & \( 1 \) & \\
\hline \( 21 \) & \( 2 \) & \\
\hline
\end{tabular}",\( 18 \),\( 19.5 \),1264,Finds the median instead of the mode,3,3-4 occurrences,1823,"When there are two modes, finds the mean of these values and gives that as the mode",2462,Confuses the position of the median with its value,1873,Believes the median is the midpoint of the range,2273,Subtracts instead of divides,818,Believes the median is the category with the median frequency,1319,Adds instead of multiples,390,Believes you find the mode by calculating the mean,2198,Finds the mode instead of the median,1306,Finds the median instead of the range,234,Subtracts instead of adds,1264,Finds the median instead of the mode,732,Finds the mean instead of the median,2440,Finds the circumference instead of the area,1966,Finds the median instead of the mean,768,Finds the circumference of the whole circle instead of arc length ,2090,Finds the area of the whole grid instead of the shaded shape,997,Subtracts instead of multiplies,1201,Finds the arc length instead of the area of the sector ,2457,"When asked for the mean of a list of data, gives the median",1514,Adds instead of subtracts,1379,Rounds down instead of up,1988,Rounds up instead of down,2456,Finds the mode rather than the range,1416,Adds instead of multiplies,1098,Finds the mean instead of the range
EEDI-086,1098,A,Divide algebraic fractions involving non-linear expressions,Multiplying and Dividing Algebraic Fractions,"STEP \( 3 \)

Which of the options is the final answer, expressed as simply as possible?
\(
\begin{aligned}
& \frac{3 x+1}{3} \div \frac{9 x^{2}-1}{12} \\
= & \frac{3 x+1}{3} \times \frac{12}{9 x^{2}-1} \\
= & \frac{3 x+1}{3} \times \frac{12}{(3 x-1)(3 x+1)}
\end{aligned}
\)",\( \frac{4}{3 x-1} \),\( \frac{12}{9 x-1} \),363,Only applies a division to one of multiple terms in a numerator when simplifying an algebraic fraction,4,3-4 occurrences,59,Cannot identify a common factor when simplifying algebraic fractions,1104,Simplifies integers when simplifying a mixed number,78,"When multiplying a fraction by an integer, multiplies the denominator instead of the numerator",2398,Thinks you can divide terms by different factors when simplifying an algebraic fraction,689,"When multiplying algebraic terms written in the same base, adds the base variables and multiplies the powers.",79,Does not understand how to divide algebraic terms,885,Thinks they can simplify algebraic fractions by cancelling unlike variables,1593,"When simplifying an algebraic fraction, only looks for number factors",1247,Assumes you cannot use the fact that multiplication is commutative when simplifying an algebraic term. ,652,Mixes up the numerator and denominator when writing a division as a fraction,2199,Divides by the numerator and multiplies by the denominator when finding a fraction of an amount,1614,Believes factors of algebraic terms/expressions will only be numbers,633,Does not understand how to subtract algebraic fractions,1350,"When simplifying a ratio, divides one side of the ratio but multiplies the other side.",979,Thinks can combine the numerator and denominator after simplifying an algebraic fraction,80,Thinks you can ignore the variable when simplifying algebraic fractions,848,Believes when simplifying a fraction you can divide the numerator and denominator by different values,2098,Multiplies all terms together when simplifying an expression,346,Does not understand how to multiply algebraic terms,1540,Does not know how to simplify algebraic fractions,2085,Adds instead of multiplies when multiplying algebraic terms,363,Only applies a division to one of multiple terms in a numerator when simplifying an algebraic fraction,2307,Thinks you can divide the variables and the numerical values by different numbers when simplifying an algebraic fraction,609,"when dividing a fraction by an integer, multiplies the numerator by the integer",519,"When asked for factors of an algebraic expression, thinks a term will be a factor"
EEDI-087,1101,C,"Given information about one part, work out other parts",Sharing in a Ratio,"Josh and Lucy share some money in the ratio \( 3: 7 \)

Josh receives \( £ 84 \).

How much money does Lucy receive?",\( £ 196 \),\( £ 28 \),1659,Finds one part of a ratio but doesn't multiply that by the number of parts needed,4,3-4 occurrences,266,Identifies a letter as a common factor but doesn't identify a number as a common factor,1267,Identifies a number as a common factor but doesn't identify a letter as a common factor,181,Assumes a ratio is part to part instead of part to whole,353,Does not recognise when one part of a fraction is the negative of the other,1646,"In ratio question where one side of ratio is given, uses that as one part in ratio without dividing",2314,Multiplies instead of divides to find one part given the total,1302,"In ratio question where the difference between the sides is given, uses that as one part without dividing",1709,Believes a factor pair doesn't have to be 2 integers,498,Does not understand that in a ratio 1:n that one part of the ratio would be n times bigger than the one part,1350,"When simplifying a ratio, divides one side of the ratio but multiplies the other side.",257,Uses numerator as whole part of a fraction,1129,"When finding a missing part in a ratio, divides rather than multiplies",2356,Thinks a difference of one part in a ratio means the quantities will differ by one unit,1090,Doesn't recognise commutativity of addition with negative numbers,1659,Finds one part of a ratio but doesn't multiply that by the number of parts needed,1517,Finds unit amount but doesn't multiply up,856,"When asked to shade a fraction of a shape, gives the total number of parts rather than the number to be shaded.",357,Does not understand that in the ratio 1:n the total number of parts would be 1+n ,649,"Beileves you can use the full length when finding an area of part of a composite shape, when part of the length is needed",901,Finds unit price but doesn't multiply up for number in question,1252,Doesn't know the area of a triangle formula,20,Believes the number of wholes in a mixed number multiplies by the fraction part,2451,When multiplying a vector by an integer does not multiply all parts of the vector,735,"In ratio where total is given, treats that as one part without dividing",1802,Adds instead of subtracts when finding the area of part of a shape
EEDI-088,1102,A,Order negative decimals with the same number of digits,Ordering Negative Numbers,"Here are the depths below sea level of \( 3 \) creatures:
Tuna: \( -2.6 m \)
Ray: \( -6 m \)
Ling: \( -1.5 \mathrm{~m} \)
Arrange their depths in ascending order, starting with the deepest",\( 1^{\text {st }} \) Ray \( 2^{\text {nd }} \) Tuna \( 3^{\text {rd }} \) Ling,"\( 1^{\text {st }} \) Tuna
\( 2^{\text {nd }} \) Ling
\( 3^{\text {rd }} \) Ray",2237,"Thinks the more digits a number has the greater it is, regardless of place value",3,3-4 occurrences,319,"When factorising, thinks the smallest coefficient will be the numerical factor, regardless of whether it divides into all terms",189,"When multiplying decimals, ignores place value and just multiplies the digits",1244,The student does not understand the place value of 3-digit numbers,893,"Believes when changing an improper fraction to a mixed number you divide the numerator by 10, regardless of the denominator",1332,"When adding, just writes the digit to the right of the number without considering place value",1708,Does not understand place value within a number,116,Believes an outlier is determined by the number of decimal places a number has,1212,Thinks a greater number of shaded parts represents a greater fraction,388,When placing a negative number on a number line student assumes numbers with a greater absolute value are placed to the right.,314,"When calculating the power of a negative number, thinks they can ignore the sign when multiplying and then put a negative sign back on at the end, regardless of the power ",2375,Does not equate the value of a number with the place value column it is in,1342,"When adding decimals, does not keep place value the same as the original digits",1898,"When adding decimals, just adds the digits and ignores place value",1958,"Believes the smaller number is always subtracted from the larger, regardless of the order of the calculation",824,"Believes rounding to 1 decimal pleace means rounding to the nearest integer, regardless of the value of the number",198,"When multiplying a decimal by a power of 10, just adds a zero to the end of the number, not changing the place value of the digits",2237,"Thinks the more digits a number has the greater it is, regardless of place value",2400,"Believes that if the numerators of 2 fractions are equal then the fractions are equal, regardless of the denominator",602,"Thinks multiplying two or more negative numbers together always gives a positive answer, regardless of how many negative numbers there are in the sum",2305,Ignores place value when adding a whole number and a decimal,1632,"Believes a decimal with one significant figure is a multiple of 10 when converted to a percentage, regardless of place value",2390,"Believes rounding to 1 significant figure means rounding to the nearest integer, regardless of the value of the number",1795,"Believes you subtract the smaller digit from the larger digit in column subtraction, regardless of position",2280,"Believes change in y for gradient is always calculated from the origin, regardless of the y-intercept of the line",1923,Thinks a greater range means more consistent data
EEDI-089,1104,B,Calculate the mean as an average from a list of data,Pictogram,"What is the mean of this set of data?
\[
5, \quad 2, \quad 0, \quad 2, \quad 3
\]",\( 2.4 \),\( 3 \),1623,"When asked for the mean of a list of data, does not count any zeros in the data when working out what to divide by",3,3-4 occurrences,251,"Includes a data point with the value, when asked to find the number of data points below a value",2216,Believes the mean from grouped data something divided by the sum of the midpoint values,1587,when reading a dash on a number line counts 1 dash too few when working out the divisions,679,Gives a fraction when asked for a decimal,965,Adds the numerators when working out a combined probability,2457,"When asked for the mean of a list of data, gives the median",1375,Confuses the radius and theta when working with sectors ,1327,Does not know the meaning of attribute data,1001,Does not know how to divide a fraction by an integer,1047,Estimates a measurement on a diagram rather than working it out,2353,Does not divide by 2 when calculating the area of a trapezium,238,"When finding the mean of the data in a stem and leaf diagram, thinks you find the mean of the stem numbers",159,Does not divide by 2 when calculating the area of a triangle,377,"When asked for the mean of a list of data, gives the mode",1797,Assumes the range of a set of data starts at zero,1793,Does not count end number when counting,2303,"When asked to find data points below a certain value, gives the number of data points above this value",1174,Believes the mean from grouped data is the sum of the midpoints divided by something,1982,"When asked to find data points above a certain value, gives the number of data points below this value",2395,"When asked for the value of a digit, just gives the digit",2427,Does not divide by 2 when finding midpoint,631,"When calculating the mean from a list of data, adds up the numbers but does not divide",1215,"Includes a data point with the value, when asked to find the number of data points above a value",494,"When comparing data, only compares one category of data rather than comparing the totals",1623,"When asked for the mean of a list of data, does not count any zeros in the data when working out what to divide by"
EEDI-090,1108,A,"Calculate the whole amount, given a fraction of the amount",Fractions of an Amount,"Here is a number card 
\( \frac{1}{6} \) of \( A \) is \( 12 \) 
What is \( \frac{1}{8} \) of \( A \) ? ![A pink rounded rectangle with a capital A typed inside]()",\( 9 \),\( 0.25 \),1847,Confuses the part and the whole in fraction of an amount problems,4,3-4 occurrences,1894,Confuses the part and the whole in missing number subtraction problems,1515,"When asked to take off a fraction of an amount, subtracts the fraction itself",1538,Does not take into account the whole amount when using a bar model to find a fraction,1692,Mixes up total and part when forming expressions from worded problems,2199,Divides by the numerator and multiplies by the denominator when finding a fraction of an amount,2458,Multiplies by the denominator instead of dividing when finding a fraction of an amount,946,Believes a proportion of a whole is whole/part not part/whole,1184,Identifies the wrong part of a fraction model as the whole,20,Believes the number of wholes in a mixed number multiplies by the fraction part,2429,Believes finding a fraction of an amount means multiplying by the denominator,2430,Does not consider fractional parts when solving proportion problems,2112,Does not understand how to find percentages of an amount,50,"When given a non-unit fraction of an amount and asked to find the total, answers as if it had been the unit fraction",2387,"When finding a fraction of a fraction, divided by the whole fraction instead of the denominator",1057,Finds the unit fraction when asked to find a non-unit fraction of an amount,2154,Thinks finding a fraction of an amount means subtracting from that amount,1490,Writes fraction rather than fraction of amount,1977,Confuses section and whole when using a bar model,1847,Confuses the part and the whole in fraction of an amount problems,69,"When given a non-unit fraction of an amount, treats it like a unit fraction",1142,"When converting from an improper fraction to a mixed number, adds on the part left to make the whole, rather than subtracting it",717,Believes the amount given is for the whole rather than a part,257,Uses numerator as whole part of a fraction,1243,Believes when given a fraction and an amount the question must be to find the fraction of the amount. ,1039,Believes finding a percentage of an amount involves adding the percentage to 10% of the amount
EEDI-091,1,A,Simplify an algebraic fraction by factorising the numerator,Simplifying Algebraic Fractions,"Simplify the following, if possible: \( \frac{m^{2}+2 m-3}{m-3} \)",Does not simplify,\( m+1 \),2142,"Does not know that to factorise a quadratic expression, to find two numbers that add to give the coefficient of the x term, and multiply to give the non variable term
",6,5-9 occurrences,1821,"When finding the nth term rule for a quadratic sequence, believes that the coefficient of n squared is the second difference",2545,Does not know that prime numbers have exactly two factors,1353,Believes two odd numbers multiply to give an even number,838,"When factorising a quadratic without a non variable term, tries to double bracket factorise",418,"Believes that when factorising a quadratic, they can choose any two numbers that add to give the coefficient of x",2139,"When finding the nth term rule for a quadratic sequence, believes that the coefficient of n is half the second difference",528,Does not think that a variable with no coefficient has a coefficient of 1.,3,"Thinks a quadratic without a non variable term, can not be factorised",167,Does not recognise factorising a quadratic,1904,Believes the numbers in factorising should multiply to give the coefficient of x and add to give the constant,2068,"Does not know that to factorise a quadratic expression, to find two numbers that add to give the coefficient of the x term, and multiply to give the non variable term

",1421,"When factorising into double brackets, finds the sum of two values which give the non variable term in the expression rather than the product",1079,Believes factors add to give a number,2472,Does not know how to find the next term in a sequence,2240,"When factorising a quadratic with a non-unit coefficient of x squared, believes that coefficient will be in front of both x terms in the factorised form",341,Believes the second term in a 2 term quadratic equation is always a coefficient and the variable,2142,"Does not know that to factorise a quadratic expression, to find two numbers that add to give the coefficient of the x term, and multiply to give the non variable term
",1388,Does not understand the term quadratic,1535,"Believes that when factorising a quadratic, they can choose any two numbers that multiply to give the constant",320,"When factorising into double brackets, finds the two values which sum to give the constant rather than the coefficient of x",2372,"Believes that when factorising a quadratic with a coefficient of x squared, the two constants in the brackets still add to give the coefficient of x",2008,"When substiting into an algebraic term, raises the coefficient to the power of the variable rather than multiplying the coefficient and the variable..",634,Does not know the term numerator,1512,"When sketching graphs of factorised quadratics, does not see that the negative of the non variable terms in the brackets give the x intercepts or the roots of the graph.",2475,"When finding the nth term rule for a quadratic sequence, believes they only need to use the first term to calculate the coefficient of n "
EEDI-092,10,C,Expand products of three binomials in the form (x + a)(x + b)(x + c),Expanding Triple Brackets and more,"John is expanding these three brackets:
\(
(x+5)(x-3)(x+6)
\)

He finds it helpful to split the first bracket and view the problem as follows:
\(
x(x-3)(x+6)+5(x-3)(x+6)
\)

He expands the brackets further. Before he simplifies, what are the terms than contain an \( \boldsymbol{x}^{2} \) ?",\( \begin{array}{l}+6 x^{2} \\ -3 x^{2} \\ +5 x^{2}\end{array} \),\( \begin{array}{l}+6 x^{2} \\ +3 x^{2} \\ +5 x^{2}\end{array} \),583,Ignores negative sign when expanding bracket,8,5-9 occurrences,1191,Believes that the sign changes when factorising an expression into single brackets,1082,"When multiplying with negative numbers, assumes any negative sign can be ignored",220,Only multiplies the first term in the expansion of a bracket,2567,Believes they only need to multiply the first pair of terms when expanding a double bracket.,1872,Believes they only need to multiply the first and last pairs of terms when expanding double brackets,1444,Does not understand that the negative outside the bracket means answer will be negative,894,Believes expanding a squared expression means writing it as a set of double brackets,1697,Does not understand the link between the sign of the root and the sign in the bracket,2119,Ignores the negative sign,969,Believes you can subtract from inside brackets without expanding when solving an equation,2019,"When there's a negative sign in the question, thinks the answer must be negative",1153,Believes they can ignore the coefficient when expanding double brackets ,583,Ignores negative sign when expanding bracket,2143,Adds instead of multiplying when expanding bracket,748,"When finding the negative power of a negative power, assumes they can ignore one of the negatives",795,Ignores the negative signs when adding positive and negative numbers,1413,Assumes the negative sign in a power has no meaning,373,Believes you can add or subtract from inside brackets without expanding when solving an equation,511,Ignores the negative sign when thinking about the value of a term,74,Believes they must expand brackets before solving an equation,911,Only multiplies the numerical terms when expanding a bracket,1911,Only multiplies second term in the expansion of a bracket,314,"When calculating the power of a negative number, thinks they can ignore the sign when multiplying and then put a negative sign back on at the end, regardless of the power ",1135,"When subtracting a negative number, adds the absolute values and then writes the answer with a negative sign",107,"When expanding brackets, multiplies out the first term correctly but adds together the number outside the bracket with the second term inside the bracket."
EEDI-093,1002,C,Convert fractions less than 1 to terminating decimals of 2 decimal places,Converting between Fractions and Decimals,Convert \( \frac{3}{20} \) into a decimal,\( 0.15 \),\( 3.20 \),2308,Converts a fraction to a decimal by placing a decimal point between the numerator and denominator,5,5-9 occurrences,381,"When dividing a fraction by an integer, divides both the numerator and denominator by the integer",112,Thinks the difference between the numerator and denominator determines how close the fraction is to 1,1799,"When converting fraction to ratio, thinks you just use the numerator and denominator as the numbers in the ratio ",2242,Converts a fraction to a decimal by placing the denominator after the decimal point,408,"When multiplying fractions, multiplies both the numerator and denominator",495,Thinks converting an integer to a fraction means both the numerator and denominator are equal,1221,Converts a decimal to a fraction by writing 1 over the digits of the decimal,419,"When converting a fraction to a decimal, divides the denominator by the numerator",364,Thinks they just remove the decimal point when converting a decimal to a percentage,1759,Assumes decimal point can be ignored when given a decimal percentage to convert to a fraction,1621,"When dividing a fraction by an integer, multiplies both the numerator and denominator by the integer",652,Mixes up the numerator and denominator when writing a division as a fraction,1609,Believes the decimal point button writes a fraction,760,Converts a fraction to a decimal by using the denominator after the decimal point,2073,Converts a fraction to a decimal by placing all values of the fraction after the decimal point,2308,Converts a fraction to a decimal by placing a decimal point between the numerator and denominator,1928,Mixes up the numerator and denominator,115,Believes fraction to decimal conversion is done by writing the numerator as a decimal,1786,Converts a fraction to a percentage by writing the numerator followed by the denominator,2078,Simplifies a fraction by adding or subtracting the same amount from the numerator  and denominator,2199,Divides by the numerator and multiplies by the denominator when finding a fraction of an amount,1637,Has used the decimal point to separate numerator and denominator,1715,Converts a fraction to a decimal by using only the numerator after the decimal point,1822,Thinks they multiply the numerator and denominator together to convert a fraction to a percentage ,2368,Converts a fraction to a percentage by placing a decimal point between the numerator and denominator
EEDI-094,1003,D,Interpret a pictogram involving fractions of symbols,Pictogram,"This pictogram shows the different types of music Bob has in his music collection.

How many Blues CDs does Bob have? ![A pictogram showing the number of CDs Bob has in his musical collection. Pop has 3 and a half symbols, rock has 2 symbols, blues has 2 and a quarter symbols, jazz has 3 and a quarter symbols and classical has 1 and three-quarter symbols. Each symbol represents 4 CDs.]()",\( 9 \),\( 2.25 \),1310,"When interpreting a pictogram, thinks each symbol stands for 1",8,5-9 occurrences,1680,Does not realize we can omit the multiplication symbol in algebraic expressions,366,Does not know the meaning of the identity symbol,86,Assumes value of symbols in a pictogram without checking the key,2103,Believes h in the formula for area of a trapezium stands for half the sum of the parallel sides,1307,Finds the degrees for 1 person rather than the required number of people for a pie chart sector,1310,"When interpreting a pictogram, thinks each symbol stands for 1",2510,Only reads the percentage symbol as applying to the units digit,1172,Thinks any 2 values multiplied together can be denoted with a squared symbol,1833,"When drawing a histogram, thinks you plot frequency on the horizontal axis",1503,"When drawing a histogram, thinks you plot group midpoint on the horizontal axis",1734,Thinks that we can remove a division symbol and just write the variables next to each other,1727,Rounds the wrong way when interpreting a real-life context,1767,Does not realise that a pictogram needs a title or question,1615,Does not know the symbol for proportionality ,2344,"When counting partial symbols on pictogram, uses the fraction rather than the amount it represents",1947,Writes more than three repeated symbols next to each other in Roman numerals,1232,"Thinks the longest bar has the highest frequency on a pictogram, even if the symbols aren't evenly spaced",2192,Does not know you can find the mean from a pictogram,503,Ignores partial symbols on pictograms,2418,Believes the universal set symbol means any elements not within a circle. ,1932,Counts partial symbols as if they were whole on pictograms,721,Does not know what the symbol for equal lengths means,2053,"When reading integers on a number line, assumes each dash is 1",2009,"Assumes they add all values in a worded problem, thereby not interpreting the problem correctly",2013,"When drawing a histogram, thinks you plot cumulative frequency on the horizontal axis"
EEDI-095,1004,D,Shade percentages of a shape where the percent is an integer,Percentages of an Amount,"How many rectangles would you need to shade so that \( 22 \% \) of this shape is shaded? \begin{tabular}{|l|l|l|l|l|l|l|l|l|l|}
\hline & \(\space\) & \(\space\) &  \(\space\) &  \(\space\) &  \(\space\) &  \(\space\) &  \(\space\) &  \(\space\) & \\
\hline & \(\space\) & \(\space\) &  \(\space\) &  \(\space\) &  \(\space\) &  \(\space\) &  \(\space\) &  \(\space\) & \\
\hline & \(\space\) & \(\space\) &  \(\space\) &  \(\space\) &  \(\space\) &  \(\space\) &  \(\space\) &  \(\space\) & \\
\hline & \(\space\) & \(\space\) &  \(\space\) &  \(\space\) &  \(\space\) &  \(\space\) &  \(\space\) &  \(\space\) & \\
\hline & \(\space\) & \(\space\) &  \(\space\) &  \(\space\) &  \(\space\) &  \(\space\) &  \(\space\) &  \(\space\) & \\
\hline
\end{tabular}",\( 11 \),Not possible,2138,Does not understand a percentage can be applied to something not out of 100,6,5-9 occurrences,1450,Does not understand how to apply sohcahtoa,39,Multiplies by 1000 instead of 100 when converting a decimal to a percentage,986,Does not understand that a remainder can be written as a fraction,67,Divides by 1000 instead of 100 when converting a decimal to a percentage,331,Does not understand the term factor,436,Does not understand when like terms can be collected,524,Does not understand square root,606,Does not understand how to simplify fractions,61,Multiplies by 10 instead of 100 when converting decimal to percentage,1955,Thinks that a percentage can be converted to a fraction using a denominator of 10 ,1132,Does not understand that a probability of 1 represents something that is certain,1611,Does not understand that coordinates can be decimals,1622,Divides by 1000 instead of 100 when converting a percentage to a decimal,2322,Believes a percentage of a number will be a multiple of the percentage,1975,Does not understand the question,329,Does not understand a percentage is out of 100,24,Does not understand the term multiple,2010,Does not understand power notation,2112,Does not understand how to find percentages of an amount,344,Does not understand that a probability of 0 represents something that is impossible,1270,Divides by 10 instead of 100 when converting a percentage to a decimal ,2138,Does not understand a percentage can be applied to something not out of 100,1601,Does not understand that you can have percentages greater than 100%,1511,Does not understand that the probability of something not happening is 1 minus the probability of it happening,2361,Believes a fraction out of a number other than 100 represents a percentage
EEDI-096,1008,D,"Solve two-step linear equations, with the variable on one side, with all positive integers",Linear Equations,"Tom and Katie are discussing how to solve:
\(
\frac{24}{x}=6
\)

Tom says a correct next line of working could be: \( 24=6 x \) 

Katie says a correct next line of working could be: \( 24=\frac{x}{6} \)

Who is correct?",Only Tom,Neither is correct,1130,Does not know how to solve linear equations involving fractions,5,5-9 occurrences,1540,Does not know how to simplify algebraic fractions,2521,Does not know how to measure reflex angles,110,Does not know how to find the length of a line segment from coordinates,606,Does not understand how to simplify fractions,2433,Does not know how to calculate with exchange rates,2310,Does not know how to find the gradient of a straight line from two points,491,Does not know how to calculate the mean,2511,Does not know the properties of a linear graph,1523,Does not know how to say a fraction,1017,Does not understand how to solve linear two step equations,2355,Does not know how to find order of rotational symmetry,1001,Does not know how to divide a fraction by an integer,457,Does not know how to calculate volume,659,Does not know how to write a fraction - just given an integer answer,2341,Does not know how to calculate the sum of interior angles,2472,Does not know how to find the next term in a sequence,1354,Does not know how to calculate the position of a term in a sequence,633,Does not understand how to subtract algebraic fractions,1128,Does not know how to interpret a fraction worded problem ,1769,Does not know how to read information off a pie chart,1527,Does not know how to find missing lengths in a composite shape,1981,Does not know how to compare decimal numbers,1130,Does not know how to solve linear equations involving fractions,853,Does not know how to check tessellation,192,Does not know how to calculate the volume of a prism
EEDI-097,1013,C,Recognise perpendicular lines,Parallel Lines,"Tom and Katie are discussing this pair of lines
Tom says they are equal length
Katie says they are perpendicular
Who do you agree with? ![Two blue lines, each with a little red line marked across them. The blue lines don't touch each other, but they are closer together at one end.]()","Only
Tom",Both Tom and Katie,1513,Does not know the meaning of perpendicular,5,5-9 occurrences,1513,Does not know the meaning of perpendicular,491,Does not know how to calculate the mean,1693,"Does not know the meaning of common, eg. common factor",423,Does not know the meaning of equilateral,1083,Does not know the meaning of uniform cross section,222,Does not know the meaning of absolute value,1009,Does not know the meaning of bisect,114,Does not know the meaning of the word parallel,255,Does not know the meaning of the word regular ,2494,Does not know the meaning of consecutive,701,Does not know the meaning of vertically opposite,1326,Does not know the meaning of square sign for right angle,1917,Confuses the meaning of parallel and perpendicular,83,Confuses the meaning of perpendicular and vertical ,933,Does not know the meaning of corresponding,1351,Does not know the meaning of congruent,1470,"Does not know the meaning of the word ""product""",1428,"Does not understand the meaning of ""value""",2130,"Does not know the meaning of the word ""sum""",137,Does not know the meaning of the word identity ,1528,Does not know the meaning of alternate,366,Does not know the meaning of the identity symbol,1327,Does not know the meaning of attribute data,2321,does not know the meaning of the word digit,2467,Does not know the meaning of the word equidistant 
EEDI-098,102,B,"Calculate missing lengths of shapes by geometrical inference, where the lengths given are in the same units",Missing Lengths,"What is value of \( p \) in this compound shape made with rectangles? ![Compound shape made of two rectangles with the sides labelled p (in red) cm, 15 cm, 12 cm, 7 cm and 7 cm. One side is unlabelled]()",\( 5 \mathrm{~cm} \),\( 6 \mathrm{~cm} \),1953,Makes an assumption about line segments being equal within a shape,6,5-9 occurrences,118,"Given a line segment with a midpoint that is not the origin, assumes that the two end points will still have the same absolute value",1731,Makes an assumption about the squares on a scale representing either 1 or 10,1557,Has an incorrect assumption about the definition of a reciprocal,323,"When measuring a line segment with a ruler, assumes the line starts at 0",2188,"Does not understand that enlargements can make shapes make shapes bigger, smaller and the same size",1708,Does not understand place value within a number,1565,Miscounts the area of a shape when there are half squares,1002,Thinks the elevation is the plan view of a shape,895,Believes a line of reflection must be touching the original shape,154,Assumes an angle has been split into equal parts,2578,"Mixes up sides of a ratio, when working with vectors for line segments.",104,Assumes a sequence is linear,2213,Assumes regular shape refers only to a square,576,Cannot identify a line of symmetry in a simple shape,2424,Believes a line segment can be opposite an axis,451,Does not recognise parallel lines angle rules applied inside a shape,1550,Believes interior angles are outside a shape,110,Does not know how to find the length of a line segment from coordinates,1386,Confuses the method for finding the gradient and length of a line segment,961,Does not spot the difference between a gradual change of gradient and 2 distinct line segments with different constant gradients,1953,Makes an assumption about line segments being equal within a shape,603,Believes you can make assumptions about size of pie chart sectors without enough information,2289,Confuses the signs for straight lines as being dashes,912,Thinks adding the same value to each side makes shapes similar,1563,Thinks the order of events does not matter in a question about combined probability with no replacement
EEDI-099,1023,A,Use brackets to write function machines as calculations,BIDMAS,"Here is a function machine ![Input \( \rightarrow-2 \rightarrow\times 5 \rightarrow \) Output]() The input is \( 7 \).
Which calculation gives the correct output?",\( 5(7-2) \),\( 7-2 \times 5 \),2532,Believes order of operations does not affect the answer to a calculation,7,5-9 occurrences,1958,"Believes the smaller number is always subtracted from the larger, regardless of the order of the calculation",1992,Believes extreme values can affect the mode,840,Does not understand the place value of answers from a Napier's bones calculation,2114,"When completing the square, believes a coefficient of x^2 does not affect the value of the constant inside the bracket",1119,Does not interpret the correct order of operations in a fraction when there is an addition on the numerator,1963,Performs subtraction right to left if priority order means doing a calculation to the right first,1345,Inserts brackets but not changed order of operation,2518,May have made a calculation error using the order of operations,790,Thinks the shape of the graph does not affect the area calculation,77,"Does not follow the arrows through a function machine, changes the order of the operations asked.",1672,"Confuses the order of operations, believes addition comes before multiplication ",2586,Misunderstands order of operations in algebraic expressions,1338,Does not understand the effect of consecutive operations,2488,Answers order of operations questions with brackets as if the brackets are not there,987,Believes that the order of a worded calculation should be changed to follow BIDMAS ,589,Believes extreme values can affect the median,1941,"Confuses the order of operations, believes subtraction comes before multiplication ",1026,Does not reverse the order of operations when finding the input of a function machine,2534,When converting between non standard form and standard form assumes changes to the base will not affect the power,656,Reverses the order of operations but does not apply the inverse operations when finding the input of a function machine,15,"Confuses the order of operations, believes addition comes before division",1999,Does not interpret the correct order of operations from a worded problem,2532,Believes order of operations does not affect the answer to a calculation,256,Does not reverse the order of operations when solving an equation,2221,Has made an order of operations mistake when writing a formula from a given situation
EEDI-100,1027,B,For a given output find the input of a function machine,Other Sequences,"![2 arrows pointing to the right. + 7 in the first arrow. divide by 2 in the second arrow]() The rule above is used to generate a term-to-term sequence.
If the third term is \( 9 \), what is the first term?",\( 15 \),\( 4 \),2377,Does not know the definition of term or term-to-term rule,5,5-9 occurrences,692,Only uses two terms of a sequence to work out a term-to-term rule,402,Does not know the definition of a cone,1746,Does not know the term 'diameter',1552,"Believes term to term rule is applied to position number, not previous term",2195,Does not know the definition of a prime number,1059,Does not know the definition of the range,162,Uses first term as numerical part of nth term rule,2201,Does not know the definition of a composite number,2377,Does not know the definition of term or term-to-term rule,108,Uses only the first two terms of a sequence to work out a term-to-term rule,2537,Does not know the definition of a rational number,634,Does not know the term numerator,295,Does not know the word and/or does not know the function of a compass,1263,Does not understand the definition of a rational number when it is a surd,680,Does not know the term transversal,1720,Identifies the term-to-term rule rather than the next term,2472,Does not know how to find the next term in a sequence,1115,Identifies the term-to-term rule rather than the next term in a sequence,1411,Describes term to term rules using position to term rules,939,Describes position to term rule using term to term rule,1293,Identifies how much repeated use of the term-to-term rule changes a number but does not apply to the sequence,1927,Does not know the definition of a prism,1716,Goes the wrong direction in the sequence when identifying term-to-term rule,1354,Does not know how to calculate the position of a term in a sequence,1569,Uses term-to-term rule as numerical part of nth term rule
EEDI-101,1028,C,Solve coordinate geometry questions involving quadrilaterals,Distance Between Two Co-ordinates,"What is the height of the rectangle as indicated by the arrow? ![A pair of axes with no labels. 4 points are marked and joined with straight lines to make a rectangle. The top left corner of the rectangle is labelled with co-ordinate (-4,7).  The bottom right corner of the rectangle is labelled with co-ordinate (2,-12). A double-ended vertical arrow spans the height of the rectangle, starting level with (2,-12) and ending level with the corner of the rectangle directly above (2,-12).]()",\( 19 \),\( 2 \),110,Does not know how to find the length of a line segment from coordinates,8,5-9 occurrences,2341,Does not know how to calculate the sum of interior angles,1671,Does not know how to find area by counting squares on a grid,1540,Does not know how to simplify algebraic fractions,1001,Does not know how to divide a fraction by an integer,1391,Does not know how to find the y intercept when given two other sets of coordinates that lie on a straight line,992,"Thinks they find the length of a line between 2 points by adding coordinates, rather than subtracting",853,Does not know how to check tessellation,1130,Does not know how to solve linear equations involving fractions,128,Does not understand how to read both x and y coordinates,2424,Believes a line segment can be opposite an axis,1354,Does not know how to calculate the position of a term in a sequence,1386,Confuses the method for finding the gradient and length of a line segment,1554,Does not know how to identify common factors from algebraic terms,2355,Does not know how to find order of rotational symmetry,2472,Does not know how to find the next term in a sequence,2310,Does not know how to find the gradient of a straight line from two points,1527,Does not know how to find missing lengths in a composite shape,1981,Does not know how to compare decimal numbers,110,Does not know how to find the length of a line segment from coordinates,2433,Does not know how to calculate with exchange rates,457,Does not know how to calculate volume,491,Does not know how to calculate the mean,192,Does not know how to calculate the volume of a prism,1523,Does not know how to say a fraction,2521,Does not know how to measure reflex angles
EEDI-102,1031,B,Divide integers of 3 or more digits using long division,Written Division,"When using long-division to solve this problem, what digit should replace the rectangle to give the correct answer (quotient)? ![Division sum written out in Bus Stop format with dividend = 735, divisor = 3, the digits of the quotient are represented by a yellow star, a purple triangle and a blue rectangle.]()",\( 5 \),\( 2 \),2273,Subtracts instead of divides,6,5-9 occurrences,1416,Adds instead of multiplies,1241,Subtracts instead of divides when division is written as a fraction,761,Subtracts instead of adds when finding a midpoint,1887,Adds instead of subtracts when asked to find the difference,709,Adds instead of subtracts when using an area model for multiplication,2180,Divides instead of multiplies when calculating total frequency,394,Divides instead of multiplies when multiplying by a decimal,1341,Multiplies instead of divides by 100 when converting a percentage to a decimal,2001,"When solving an equation,  subtracts instead of multiplying",1319,Adds instead of multiples,2314,Multiplies instead of divides to find one part given the total,997,Subtracts instead of multiplies,1366,Subtracts instead of multiplies when using grid method,234,Subtracts instead of adds,2530,Subtracts instead of adds when using inverse operations to solve an equation,2172,Subtracts instead of adding when asked to find a total,1802,Adds instead of subtracts when finding the area of part of a shape,2547,Multiplies instead of divides when division is written as a fraction,1978,Subtracts instead of adds when answering worded problems ,371,"When dividing fractions, divides by the reciprocal, instead of multiplies",1514,Adds instead of subtracts,2273,Subtracts instead of divides,1815,"When given the perimeter of a regular polygon, subtracts instead of divides to find each side length",1190,"When solving an equation, subtracts instead of dividing",1134,"When solving an equation, adds instead of dividing"
EEDI-103,1033,C,"Solve basic introduction simultaneous equation problems, often involving shapes and symbols",Simultaneous Equations,"Chris orders \( 3 \) cups of tea and a cake, and his bill comes to £3.10

Amy orders \( 5 \) cups of tea and a cake, and her bill comes to \( £ 4.50 \).
How much does one cup of tea cost?",\( 70 p \),E1,512,"When asked to solve simultaneous equations, believes they can just find values that work in one equation",8,5-9 occurrences,2096,When adding negatives believes that they can just add their absolute values and add a negative sign to the answer,1020,Believes it's not possible to solve simultaneous equations graphically,200,"When solving simultaneous equations, thinks they multiply both equations by the LCM of the coefficients of the term being eliminated",1274,Subtracts simultaneous equations when addition is required,1219,Gives the value for the wrong variable when answering a simultaneous equation question,2060,"When solving simultaneous equations graphically, they think the solutions are the x or y intercepts",1266,"When solving simultaneous equations, thinks they can ignore one of the variables",1728,"When solving a pair of simultaneous equations, thinks they need to make the coefficients of both variables the same",614,"When solving simultaneous equations, thinks you only transform the term that is being eliminated, rather than the whole equation.",1506,Believes transforming some terms in simultaneous equations is sufficient,1146,"When solving simultaneous equations, believes the terms must be of opposite signs in order to be eliminated.",667,Only considers elements in one set when asked to find the intersection of multiple sets,94,"When solving simultaneous equations, thinks they can add variables to one of the equations to make terms across the 2 equations identical",512,"When asked to solve simultaneous equations, believes they can just find values that work in one equation",2291,"When solving simultaneous equations, thinks they can't multiply each equation by a different number",799,Only considers elements in one set when asked to find the union of multiple sets,930,When solving simultaneous equations thinks that identical terms in given equations can be eliminated by either adding or subtracting.,1464,"When solving simultaneous equations graphically, they think the solutions are the y-intercepts",1268,"When solving simultaneous equations, thinks you only transform the algebraic terms, rather than the whole equation.",967,"When solving simultaneous equations graphically, only gives one of two solutions",1439,"When solving simultaneous equations, assumes every variable has equal value.",1729,"When solving simultaneous equations, finds the correct numbers to transform the equations, but uses them the wrong way around.",1454,Believes they can eliminate a variable without making the coefficients the same in simultaneous equations,384,"When solving simultaneous equations graphically, they think the solutions are the x-intercepts",370,"When solving simultaneous equations, believes the terms must have the same sign in order to be eliminated."
EEDI-104,1035,C,Multiply a single term over a bracket where the term on the outside is a number and the inside contains a linear expression,Expanding Single Brackets,"Expand:
\(
-(2-3 p)
\)",\( -2+3 p \),\( 2+3 p \),1911,Only multiplies second term in the expansion of a bracket,9,5-9 occurrences,894,Believes expanding a squared expression means writing it as a set of double brackets,583,Ignores negative sign when expanding bracket,1666,"When factorising into single brackets, factorises the first term correctly but subtracts the number outside the bracket with the second term in the expression to find the second term in the bracket",107,"When expanding brackets, multiplies out the first term correctly but adds together the number outside the bracket with the second term inside the bracket.",373,Believes you can add or subtract from inside brackets without expanding when solving an equation,871,Does not include brackets when attempting to multiply an expression,1004,Thinks that a number in front of a bracket means divide,1606,Believes the coefficent of x in an expanded quadratic comes from multiplying the two numbers in the brackets,2256,Believes the constant in an expanded quadratic comes from adding the two numbers in the brackets,2479,"When factorising into double brackets, believes the product of the constants in the brackets is of the opposite sign to the constant in the expanded equation.",363,Only applies a division to one of multiple terms in a numerator when simplifying an algebraic fraction,969,Believes you can subtract from inside brackets without expanding when solving an equation,74,Believes they must expand brackets before solving an equation,1697,Does not understand the link between the sign of the root and the sign in the bracket,1911,Only multiplies second term in the expansion of a bracket,667,Only considers elements in one set when asked to find the intersection of multiple sets,2567,Believes they only need to multiply the first pair of terms when expanding a double bracket.,341,Believes the second term in a 2 term quadratic equation is always a coefficient and the variable,911,Only multiplies the numerical terms when expanding a bracket,2143,Adds instead of multiplying when expanding bracket,220,Only multiplies the first term in the expansion of a bracket,2220,Mixes up term in a sequence and position of a term,799,Only considers elements in one set when asked to find the union of multiple sets,1872,Believes they only need to multiply the first and last pairs of terms when expanding double brackets,1421,"When factorising into double brackets, finds the sum of two values which give the non variable term in the expression rather than the product"
EEDI-105,1036,A,Calculate the volume of a triangular-based prism when the dimensions are given in the same units,Volume of Prisms,"Which of the three marked lengths is not needed when calculating the volume of this shape? ![A triangular prism with length 6cm. The triangular face is a right-angled triangle with base 4cm, height 3cm and longest edge 5cm. ]()",\( 5 \mathrm{~cm} \),\( 3 \mathrm{~cm} \),590,Has used slant height and base to find area of a triangle rather than perpendicular height and base,6,5-9 occurrences,1175,Uses base instead of height as h in area of a trapezium formula,1788,Uses slant heights instead of parallel sides to find area of a trapezium,2332,Uses slant height instead of perpendicular height to find area of a trapezium,1926,"Believes you use the half of the base length to find the area of an isosceles triangle, following using it to find the perpendicular height",2105,Has used slant height and base to find area rather than perpendicular height and base,396,Does not recognise the height of a trapezium as the perpendicular length between the parallel sides,1968,Mixes up width and height of a rectangle,1698,Uses the whole base rather than half the base when forming a right angled triangle from an equilateral triangle,669,Has used slant height and base to find area of a parallelogram rather than perpendicular height and base,653,Does not have when calculating the area of a triangle,590,Has used slant height and base to find area of a triangle rather than perpendicular height and base,83,Confuses the meaning of perpendicular and vertical ,307,"When using Pythagoras to find the height of an isosceles triangle, uses the whole base instead of half",808,Thinks they double rather than halve when finding the area of a triangle,1325,Has found area of triangle rather than area of square,1513,Does not know the meaning of perpendicular,695,Has found the area of a triangle rather than an area of a parallelogram,1883,Uses only the base and perpendicular height when calculating the area of a trapezium,1917,Confuses the meaning of parallel and perpendicular,342,Uses the whole base rather than half the base when forming a right angled triangle from an isosceles triangle,1985,Has multiplied base by slant height and perpendicular height to find area of a triangle,1333,Halves base but still divides product by 2 when finding area of a triangle,1217,Assumes the perpendicular height of a triangle bisects the base,2115,Believes any of the angles can be used in the trigonometric formula for area of a triangle,1835,When finding the area of a parallelogram finds base x perpendicular height but divides the answer by 2 
EEDI-106,1038,D,Convert from weeks to hours,Time,Which one of the following calculations would work out the number of hours in \( 10 \) weeks?,\( 10 \times 7 \times 24 \),\( 10 \times 7 \times 12 \),443,Thinks there are 12 hours in 1 day,5,5-9 occurrences,508,Thinks there are 1000 seconds in an hour,963,Thinks there are 50 minutes in 1 hour,205,Thinks there are 1000mm in a km,387,Thinks there are 100 seconds in a minute,1604,Thinks there are 10 centimetres in 1 mm.,2550,Thinks there are 10m in a km,574,Thinks there are 100mm in a km,2401,Answers as if there are 60 hours in a day,2081,Thinks there are 7 hours in 1 day,187,Thinks there are 10cl in a litre,1466,Thinks there are 100kg in a ton,844,Thinks there are 100mm in a metre,767,Thinks there are 10 minutes in an hour,704,Thinks there are 10cm in a metre,1645,Thinks there are 10ml in a litre,2333,Thinks there are 10 million mm in 1 km,737,Thinks there are 30 minutes in a hour,1652,Thinks there are 100mm in a centimetre,950,Thinks there are 5 days in a week,1870,Thinks there are 10000mm in a metre,1718,Thinks there are 100 seconds in an hour,526,Thinks there are 10000mm in a km,850,Thinks there are 10mm in a metre,1491,Thinks there are 100kg in a tonne,443,Thinks there are 12 hours in 1 day
EEDI-107,1043,D,Use inequality notation to order fractions with the same numerators,Ordering Fractions,"Which signs belong in the boxes to make the statement correct?
\(
\frac{1}{5} \;\square\; \frac{1}{6}\; \square \;\frac{1}{3}
\)",\( >< \),\( <> \),2030,Believes that fractions with larger denominators are greater in size,5,5-9 occurrences,1980,"When multiplying fractions, adds the numerators and the denominators",896,"When adding fractions with identical numerators, leaves the numerator and adds the denominators",2185,Believes negative numbers with a larger absolute value are greater,1305,believes that a fraction with the largest denominator will be smallest regardless of the numerator,2170,Subtracts numerators when dividing fractions with a common denominator,1869,"Believes that the larger the divisor, the larger the answer.",317,"When multiplying fractions, adds the numerators and multiplies the denominators",1088,Believes you add the denominators when finding a fraction of another fraction,707,Believes that fractions with the same denominator are equal,1246,"When adding fractions, uses addition of the denominators as a common denominator",1916,"When subtracting fractions, subtracts the numerators and multiplies the denominators",2400,"Believes that if the numerators of 2 fractions are equal then the fractions are equal, regardless of the denominator",756,Believes unit fractions with a difference of 1 in the denominator have no other fractions between them,1542,Believes that a fraction means dividing the denominator by the numerator,1376,Thinks that a larger shaded area represents a larger fraction,832,Believes that a fraction with equal numerator and denominator cancels to 0,2030,Believes that fractions with larger denominators are greater in size,1218,Multiplies the numerators when adding fractions with a common denominator,956,Thinks that fractions involving a fraction as the denominator can just be read as mixed numbers,217,"When adding fractions, adds the numerators and denominators",172,"When subtracting fractions, subtracts the numerators and denominators",1804,"When dividing fractions, multiplies the numerators and multiplies the denominators",1667,When comparing unit fractions believes that fractions with larger denominators are greater in size.,1463,"When adding fractions, adds the numerators and multiplies the denominators",1812,"When multiplying fractions, adds the denominators and multiplies the numerators"
EEDI-108,1045,D,Identify questions involving a 2D right-angled triangle that require the use of the Cosine (cos) ratio,Right-angled Triangles (SOHCAHTOA),Which ratio would you use to find the value of \( \theta \) ? ![A right angled triangle with the longest side labelled 10cm. The base of the triangle is 6cm. The angle made between the 6cm and 10cm sides is labelled as θ.](),Cos,None of these,1450,Does not understand how to apply sohcahtoa,5,5-9 occurrences,2138,Does not understand a percentage can be applied to something not out of 100,2112,Does not understand how to find percentages of an amount,524,Does not understand square root,606,Does not understand how to simplify fractions,1111,Does not understand the term 'linear',2455,Tries to apply sohcahtoa to a non right angled triangle,24,Does not understand the term multiple,862,Does not understand equivalent ratios,1206,Does not understand how to maintain equivalence in fractions,2010,Does not understand power notation,1017,Does not understand how to solve linear two step equations,128,Does not understand how to read both x and y coordinates,79,Does not understand how to divide algebraic terms,1828,Does not understand inequality notation,2555,Does not understand how to find a scale factor,1046,Does not understand remainders in division,346,Does not understand how to multiply algebraic terms,120,Does not understand equivalent fractions,633,Does not understand how to subtract algebraic fractions,1975,Does not understand the question,14,Does not understand how to create a multiple of an equation,1739,Does not understand changing decimals to fractions,331,Does not understand the term factor,1388,Does not understand the term quadratic,1450,Does not understand how to apply sohcahtoa
EEDI-109,105,D,Find missing angles using vertically opposite angles,"Basic Angle Facts (straight line, opposite, around a point, etc)","What is the size of angle \( p \) ? ![3 intersecting lines. Towards the top of the image two of the lines intersect and at this point there are two marked angles, 138 degrees and 42 degrees. The angle opposite the 42 degree angle is marked p]()",\( 42^{\circ} \),Not enough information,1791,Does not know that vertically opposite angles are equal,5,5-9 occurrences,0,Does not know that angles in a triangle sum to 180 degrees,701,Does not know the meaning of vertically opposite,1897,Confuses vertically opposite angles and angles around a point,367,Does not know that co-interior angles must be in parallel lines,1886,Does not understand that base angles in an isosceles are equal,1180,Does not know the properties of a rectangle,1238,Does not realise the lines at an intersection have to be straight in order to show vertically opposite angles,625,Confuses corresponding and vertically opposite angles,875,Believes vertically opposite angles sum to 360 degrees,1791,Does not know that vertically opposite angles are equal,2236,Does not know that co-interior angles sum to 180 degrees,1393,Does not know that a single letter labels a vertex,1483,Believes vertically opposite angles sum to 90 degrees,2394,Does not know the properties of an equilateral triangle,1505,Thinks co-interior angles are equal,415,Incorrectly identifies angles as vertically opposite,2334,Does not know that angles around a point sum to 360,219,Does not know that a right angle is 90 degrees,996,Does not know that units of volume are usually cubed,2218,Assumes that opposite angles are equal in a quadrilateral,2201,Does not know the definition of a composite number,235,Thinks adjacent angles are equal,532,Confuses alternate and opposite angles,2365,Confuses vertically opposite angles with angles on a straight line,1997,Believes vertically opposite angles sum to 180 degrees
EEDI-110,1051,A,Round numbers to an appropriate degree to estimate the answer to a calculation,Estimation,"When estimating the answer to a complicated problem involving \( 0.0584 \), you should instead use...",\( 0.06 \),\( 0 \),1876,Counts leading zero as a significant figure,6,5-9 occurrences,467,Treats zero as a ten when subtracting,702,When changing a number to standard form omits zero's of significance ,670,Counts the starting number when counting on,794,Rounds up rather than to one significant figure,1460,Identifies second decimal place value when asked for the second significant figure,1591,"Rounds to the nearest hundredth, rather than one significant figure",2235,Gives the first significant figure when asked for the second,1632,"Believes a decimal with one significant figure is a multiple of 10 when converted to a percentage, regardless of place value",1355,Removes a zero from within the digits when rounding,2553,Gives the second significant figure when asked for the first,1620,Believes zero cannot be raised to a power,409,Identifies first decimal place value when asked for first significant figure,2126,Miscounts when subtracting over zero,1165,Rounds to the nearest integer rather than one significant figure,1797,Assumes the range of a set of data starts at zero,739,Rounds to wrong degree of accuracy (decimal places rather than significant figures),567,"When doing operations with decimals, ignores significant zeros after the decimal point",663,Forgotten placeholders when rounding to significant figures,1220,Does not include zero when counting over zero,2390,"Believes rounding to 1 significant figure means rounding to the nearest integer, regardless of the value of the number",1299,Ignores the zero when multiplying,1876,Counts leading zero as a significant figure,1105,Rounds every number to the same degree instead of rounding to significant figures when estimating ,1529,Rounds to the wrong degree of accuracy (significant figures rather than decimal places),380,Does not understand the first significant value is the first non-zero digit number
EEDI-111,1059,B,Round numbers greater than 1 to one significant figure,Rounding to Significant Figures,"\(
20.4593
\)

What is the first significant figure in the number above?",\( 2 \),\( 0 \),380,Does not understand the first significant value is the first non-zero digit number,8,5-9 occurrences,1224,Does not understand the diagram given in the question,2125,"When multiplying a multiple of 10, just multiplies the non-zero digits",2412,Does not understand which place value is the one that determines if a number rounds up or down,1244,The student does not understand the place value of 3-digit numbers,1975,Does not understand the question,903,"Has increased by the value of the first value, rather than the difference",120,Does not understand equivalent fractions,2235,Gives the first significant figure when asked for the second,539,Does not understand the value of zeros as placeholders,331,Does not understand the term factor,1428,"Does not understand the meaning of ""value""",90,Does not understand place value after the decimal point,1876,Counts leading zero as a significant figure,409,Identifies first decimal place value when asked for first significant figure,2263,Does not understand the root power of 4,1526,Believes that they only need to write non-zero digits when giving a number in digits,1263,Does not understand the definition of a rational number when it is a surd,380,Does not understand the first significant value is the first non-zero digit number,524,Does not understand square root,24,Does not understand the term multiple,1708,Does not understand place value within a number,1388,Does not understand the term quadratic,2553,Gives the second significant figure when asked for the first,2010,Does not understand power notation,1111,Does not understand the term 'linear'
EEDI-112,1060,A,"Understand the terms equilateral and regular, and recognise the notation for regular polygons",Properties of Polygons,"The dashes on the sides tell us that this is a \(__________\) polygon

What word completes the sentence? ![A shape with five equal sides. Each side has a small dash through the middle.]()",Regular,Parallel,114,Does not know the meaning of the word parallel,6,5-9 occurrences,295,Does not know the word and/or does not know the function of a compass,1528,Does not know the meaning of alternate,423,Does not know the meaning of equilateral,222,Does not know the meaning of absolute value,1513,Does not know the meaning of perpendicular,2494,Does not know the meaning of consecutive,1693,"Does not know the meaning of common, eg. common factor",366,Does not know the meaning of the identity symbol,2321,does not know the meaning of the word digit,2130,"Does not know the meaning of the word ""sum""",114,Does not know the meaning of the word parallel,2467,Does not know the meaning of the word equidistant ,137,Does not know the meaning of the word identity ,1327,Does not know the meaning of attribute data,701,Does not know the meaning of vertically opposite,1083,Does not know the meaning of uniform cross section,1351,Does not know the meaning of congruent,1470,"Does not know the meaning of the word ""product""",933,Does not know the meaning of corresponding,186,Does not understand the meaning of the word commutative ,1326,Does not know the meaning of square sign for right angle,2432,Does not know the properties of a parallelogram,1009,Does not know the meaning of bisect,255,Does not know the meaning of the word regular ,1917,Confuses the meaning of parallel and perpendicular
EEDI-113,1065,B,Recognise the equations of horizontal lines from a diagram,Horizontal and Vertical Lines,"What is the equation of this line? ![The diagram shows a pair of axes, x and y ranging from -6 to 5 horizontally and -3 to 4 vertically. There is a horizontal line that passes through the y axis at -2. ]()",\( y=-2 \),\( y=-2 x \),1568,Includes the x variable when giving the equation of a horizontal line,5,5-9 occurrences,1144,"Believes the equation for a horizontal line is in the form xy = a, where a is the y intercept",1003,"Believes the equation of a vertical line is in the form y = ax, where a is the x intercept",268,Believes lines of reflection must be vertical or horizontal,600,Thinks a horizontal line on a distance time graph means a distance of 0,2301,"Believes the equation of a horizontal line is in the form x = ay, where a is the y intercept",1568,Includes the x variable when giving the equation of a horizontal line,872,Thinks angles can only be measured when one line is horizontal,708,Believes switching the x and y variables in a linear equation gives a perpendicular line,1943,Includes the intersection of a Venn diagram when asked to find the value of a set only,642,Thinks x = ? is a horizontal line through ? ,1836,Believes lines of symmetry must be vertical or horizontal,665,Believes that the gradient of a horizontal line is undefined,1219,Gives the value for the wrong variable when answering a simultaneous equation question,2113,Confuses the equations of vertical and horizontal lines,2127,Thinks the gradient of a line includes the variable x,1397,Believes point will move diagonally when reflecting in a horizontal or vertical line,1784,Believes a horizontal line can show a constant rate of change,194,"Believes the sides of a square must be horizontal and vertical, not diagonal",196,Confuses a variable with an equation,2184,Believes the equation of a straight line is y=-mx+c,2382,Believes that y = m +cx is the equation of a straight line,2464,"Believes the sides of a rectangle must be horizontal and vertical, not diagonal",432,Believes the equation of a straight line is y=-mx-c,2371,Believes a direct proportion graph is a horizontal line,1938,Ignores zeros when giving the value of an integer
EEDI-114,1070,A,Carry out addition problems involving one negative integer,Adding and Subtracting Negative Numbers,"Jamie is counting up in threes. He starts at \( -14 \).

What is the \( 5^{\text {th }} \) number he says?",\( -2 \),\( -26 \),2185,Believes negative numbers with a larger absolute value are greater,6,5-9 occurrences,222,Does not know the meaning of absolute value,873,Believes that we cannot calculate the mean of negative numbers,1245,Believes a number written in standard form with a negative power creates a larger number than that with a positive power,795,Ignores the negative signs when adding positive and negative numbers,1493,Thinks the positive and negative terms in a sequence will have the same absolute values,1376,Thinks that a larger shaded area represents a larger fraction,1135,"When subtracting a negative number, adds the absolute values and then writes the answer with a negative sign",1400,Believes dividing a negative by a negative gives a negative answer,2030,Believes that fractions with larger denominators are greater in size,118,"Given a line segment with a midpoint that is not the origin, assumes that the two end points will still have the same absolute value",736,"When subtracting past zero, adds the absolute values and then writes the answer with a negative sign",2584,Believes that any percentage of a larger number will be greater than any percentage of a smaller number,1667,When comparing unit fractions believes that fractions with larger denominators are greater in size.,1701,Believes the solutions of a quadratic equation are the absolute values of the constants in the factorised form,1408,Does not realise that adding a larger number gives a larger answer,2425,"Believes both solutions of a quadratic will have the same absolute value, even when the graph is not symmetrical about the y axis",2107,"Student thinks that negative decimals behave the same as positive decimals when positioning a decimal between two consecutive negative integers, placing the decimal with a greater absolute value to the right. ",1448,Believes the solutions of a quadratic equation are the negative of the absolute values of the constants in the factorised form,2096,When adding negatives believes that they can just add their absolute values and add a negative sign to the answer,2566,"When subtracting a negative number, subtracts the absolute value rather than adding it",2185,Believes negative numbers with a larger absolute value are greater,286,"when subtracting a fraction from an integer, just adds their absolute value and places a negative sign in front",2339,Believes that reciprocals are undefined for negative numbers,388,When placing a negative number on a number line student assumes numbers with a greater absolute value are placed to the right.,941,Does not recognise that subtracting a larger number from a smaller number will give a negative answer
EEDI-115,1072,A,Use a protractor to measure angles between 90° and 180°,Measuring Angles,What is the size of this angle? ![An image of a protractor. There is a red line going from the middle to 0/180 and another line from the middle to in between 160/20 and 170/10. ](),\( 165^{\circ} \),\( 15^{\circ} \),1188,Reads the wrong scale on the protractor when measuring obtuse angles,6,5-9 occurrences,1650,Only includes full hours when measuring time in minutes,864,Reads 0 on protractor as size of angle when angle is not in usual orientation,1964,Estimates obtuse angles as 90 degrees or less,1071,Confuses obtuse and acute angles,1440,Believes 180 degrees is an obtuse angle,2226,Incorrect use of scale on a diagram,1290,Reads the wrong scale on the protractor when measuring reflex angles,921,Reads the wrong scale on the protractor when measuring acute angles,323,"When measuring a line segment with a ruler, assumes the line starts at 0",651,Forgets you need a protractor to measure angles,5,"When measuring a reflex angle, gives the acute or obtuse angle that sums to 360 instead",1188,Reads the wrong scale on the protractor when measuring obtuse angles,1250,Correct scale but wrong value on protractor reading.,2535,Does not add on 180 degrees when using a protractor to measure a reflex angle,599,Does not understand that an obtuse angle is between 90 and 180 degrees,2486,Identifies the wrong two angles as base angles of an isosceles,776,Does not know how to compare size of angles on a grid without a protractor,11,"When reading value from graph, reads from the wrong axes.",1703,When using a 180 degree protractor to measure reflex angles gives the value of the acute or obtuse angle that is a complement to 360,134,Misreads scale,2318,Has used the wrong data point on the graph,1906,Gives 3-letter angle notation in the wrong order,2370,Uses angles on a straight line in the wrong context ,639,Believes unrelated acute/obtuse angles in a diagram are supplementary,2251,Chooses the correct scale when measuring angles on a protractor but starts from the wrong number when the angle is in between two labelled dashes
EEDI-116,1073,C,Convert fractions to two digit integer percentages,Converting between Fractions and Percentages,"Convert this fraction to a percentage
\( \frac{4}{5} \)",\( 80 \% \),\( 45 \% \),1786,Converts a fraction to a percentage by writing the numerator followed by the denominator,8,5-9 occurrences,538,Does not perform calculations in the numerator of a fraction before division by the denominator,115,Believes fraction to decimal conversion is done by writing the numerator as a decimal,847,Thinks they can convert a 2 digit percentage to a fraction by writing one number over the other.,1786,Converts a fraction to a percentage by writing the numerator followed by the denominator,652,Mixes up the numerator and denominator when writing a division as a fraction,419,"When converting a fraction to a decimal, divides the denominator by the numerator",292,Converts fraction to percentage by putting % sign after the denominator,403,"When rationalising the denominator, confuses the numerator with the denominator",1715,Converts a fraction to a decimal by using only the numerator after the decimal point,1221,Converts a decimal to a fraction by writing 1 over the digits of the decimal,1955,Thinks that a percentage can be converted to a fraction using a denominator of 10 ,1914,Converts fraction to percentage by multiplying the denominator by 10,623,Assumes the denominator is divided by the numerator,2199,Divides by the numerator and multiplies by the denominator when finding a fraction of an amount,658,Thinks they double the numerator to turn a fraction into a percentage,78,"When multiplying a fraction by an integer, multiplies the denominator instead of the numerator",2308,Converts a fraction to a decimal by placing a decimal point between the numerator and denominator,2368,Converts a fraction to a percentage by placing a decimal point between the numerator and denominator,495,Thinks converting an integer to a fraction means both the numerator and denominator are equal,122,Thinks they can convert percentages to fractions by writing the percentage value as both the numerator and the denominator,1822,Thinks they multiply the numerator and denominator together to convert a fraction to a percentage ,2242,Converts a fraction to a decimal by placing the denominator after the decimal point,760,Converts a fraction to a decimal by using the denominator after the decimal point,1542,Believes that a fraction means dividing the denominator by the numerator,1479,Thinks you multiply by the numerator and add the denominator when converting a mixed number to an improper fraction
EEDI-117,1074,A,Identify factors of algebraic expressions,Factorising into a Single Bracket,Which of the following is a factor of: \( 6 n^{2}-9 \),\( 3 \),\( 6 \),91,"When asked for factors of an algebraic expression, thinks any part of a term will be a factor",5,5-9 occurrences,2549,Believes only the first term needs to be divided when factorising an expression,52,When asked for a specific term in a sequence gives the term before,679,Gives a fraction when asked for a decimal,979,Thinks can combine the numerator and denominator after simplifying an algebraic fraction,59,Cannot identify a common factor when simplifying algebraic fractions,1593,"When simplifying an algebraic fraction, only looks for number factors",2398,Thinks you can divide terms by different factors when simplifying an algebraic fraction,891,Incorrectly cancels what they believe is a factor in algebraic fractions,2586,Misunderstands order of operations in algebraic expressions,1396,Finds a percentage when asked for a fraction,661,Confuses an expression with a term,759,Confuses a formula with an expression,363,Only applies a division to one of multiple terms in a numerator when simplifying an algebraic fraction,541,"When asked to find a missing number in a factor tree, finds any factor of the given number rather than the pair of the factor already given.",1554,Does not know how to identify common factors from algebraic terms,483,"Thinks that the square root of an expression square roots each term in the expression, rather than square rooting the whole expression",91,"When asked for factors of an algebraic expression, thinks any part of a term will be a factor",628,"When factorising, finds a factor that goes into only the first term of the expression",1614,Believes factors of algebraic terms/expressions will only be numbers,1680,Does not realize we can omit the multiplication symbol in algebraic expressions,2076,Believes an algebraic term with the same coefficient as the value of a constant term can be subtracted to give zero,519,"When asked for factors of an algebraic expression, thinks a term will be a factor",267,Writes the variable before the coefficient in an algebraic term,1808,does not realise that the product of prime factors will also be a factor of the original number ,452,"When a variable in an expression has a power, thinks the power applies to the whole expression"
EEDI-118,1079,C,Calculate the square root of a number,"Square Roots, Cube Roots, etc",What is the square root of sixteen?,\( 4 \),\( 256 \),1012,Squares when asked to find the square root,5,5-9 occurrences,1887,Adds instead of subtracts when asked to find the difference,1881,Halves when asked to find the cube root,882,Believes 0 has no square root,2136,"When finding the square root of a decimal, ignores place value",922,Believes we can only take the square root of a perfect square,2541,"When finding the square root of a decimal, believes the answer should have the same number of decimal places",2042,Can not square root a negative number,947,Makes the number negative when asked to find the reciprocal,524,Does not understand square root,1451,Assumes that the square root is the only type of root,483,"Thinks that the square root of an expression square roots each term in the expression, rather than square rooting the whole expression",2415,Thinks that square root is found by dividing by 4,2172,Subtracts instead of adding when asked to find a total,1377,Square roots when asked for second multiple,2577,Does not think a square root can be negative,132,Only considers the positive solution when calculating a square root,2345,Counts half-squares as full squares when calculating area on a square grid,1012,Squares when asked to find the square root,2011,"When simplifying surds, leaves the square root of the biggest square number under the root and puts the other number on the outside",1714,"When completing the square, believes the constant in the bracket is the square root of the coefficient of x",2474,Confuses the square root of the radius with the radius squared in the equation of a circle,1487,Believes you can square root a negative number,502,Believes multiplying a number by its square root gives the square root,2248,Halves when asked to find the square root,884,"When asked for more, find the total"
EEDI-119,1090,A,Simplify algebraic expressions to maintain equivalence by collecting like terms involving just two linear variables,Simplifying Expressions by Collecting Like Terms,"Simplify the following expression by collecting
like terms
\(6 x-2 y-x+3 y\)",\( 5 x+y \),\( 5 x+5 y \),1380,"When collecting like terms, assigns positivity or negativity incorrectly.",5,5-9 occurrences,2330,Rounds incorrectly by changing multiple place values,55,"When subtracting a negative number from a positive number, uses a method which assumes one of the negative signs can be ignored ",2225,Thinks signs are interchangeable when adding or subtracting positive and negative numbers,1644,Confuses collecting like terms with multiplication,436,Does not understand when like terms can be collected,2346,"When subtracting decimals with a different number of decimal places, lines up the digits incorrectly",1380,"When collecting like terms, assigns positivity or negativity incorrectly.",1755,Incorrectly factorises a quadratic,549,Incorrectly converted cm to m,1641,"When collecting like terms, only simplifies when there is an addition",2230,substitutes incorrectly,2422,Tries to add or subtract unlike terms,123,Rounds incorrectly when the nearest 10 is a multiple of 100,2046,"When collecting like terms, treats subtractions as if they are additions",1090,Doesn't recognise commutativity of addition with negative numbers,751,Believes you add the terms together when multiplying like terms.,98,Incorrectly clears fractions from equations,34,Believes dividing a negative by a positive gives a positive answer,1284,Thinks only like terms can be multiplied,1082,"When multiplying with negative numbers, assumes any negative sign can be ignored",415,Incorrectly identifies angles as vertically opposite,2135,Thinks positive or negative sign affects the term before it,2315,Confuses negative and positive correlation,795,Ignores the negative signs when adding positive and negative numbers,1558,Believes dividing a positive by a negative gives a positive answer
EEDI-120,1092,C,Calculate the median as an average from an even numbered list of data,"Averages (mean, median, mode) from a List of Data","What is the median of the following numbers?
\[
2, \quad 0.2, \quad 0.02, \quad 0.002
\]",\( 0.11 \),\( 0.44 \),2427,Does not divide by 2 when finding midpoint,7,5-9 occurrences,631,"When calculating the mean from a list of data, adds up the numbers but does not divide",841,Does not subtract 2 from the number of sides when finding the sum of interior angles,745,Confuses midpoint and distance between two points,693,Does not divide to get a unitary amount before scaling up,1333,Halves base but still divides product by 2 when finding area of a triangle,461,"When finding the median for an odd numbered data set, find the midpoint of two values rather than giving the middle value",2023,Thinks when finding a percentage you divide by the percentage being asked,272,When finding a missing side of a parallelogram given the area completes an extra step of dividing by 2,1998,"When finding which term represents the median, thinks you divide the total number of terms by 2",1835,When finding the area of a parallelogram finds base x perpendicular height but divides the answer by 2 ,943,Divides by (n-2) rather than n when finding an interior angle,909,Mixes up squaring with dividing by 2,2353,Does not divide by 2 when calculating the area of a trapezium,2416,Finds the difference in a coordinate pair rather than the midpoint,761,Subtracts instead of adds when finding a midpoint,2427,Does not divide by 2 when finding midpoint,275,"When finding a point on a line, assumes the point is always the midpoint",121,Believes midpoint in grouped frequency table is found by multiplying midpoint by frequency,2216,Believes the mean from grouped data something divided by the sum of the midpoint values,2199,Divides by the numerator and multiplies by the denominator when finding a fraction of an amount,2426,When finding the median from a even dataset does not understand we must find the midpoint of the two values in the middle,1873,Believes the median is the midpoint of the range,392,"Believes you divide 1 by the number of values, rather than the total, when finding the mean",159,Does not divide by 2 when calculating the area of a triangle,1001,Does not know how to divide a fraction by an integer
EEDI-121,1001,A,Round numbers to two decimal places,Rounding to Decimal Places,What is \( \mathbf{3 . 5 1 6 3} \) rounded to \( 2 \) decimal places?,\( 3.52 \),\( 3.51 \),1379,Rounds down instead of up,43,10+ occurrences,1319,Adds instead of multiples,716,Rounds a decimal instead of using a fraction in division,1306,Finds the median instead of the range,1379,Rounds down instead of up,1272,Gives a rounded whole number instead of a decimal,997,Subtracts instead of multiplies,2198,Finds the mode instead of the median,1988,Rounds up instead of down,1105,Rounds every number to the same degree instead of rounding to significant figures when estimating ,1098,Finds the mean instead of the range,828,Adds when calculating area instead of multiplying,2440,Finds the circumference instead of the area,732,Finds the mean instead of the median,234,Subtracts instead of adds,2273,Subtracts instead of divides,2412,Does not understand which place value is the one that determines if a number rounds up or down,1402,Rounds down instead of up when next digit is 5,1966,Finds the median instead of the mean,1744,Rounded to nearest 100 instead of 1sf,1264,Finds the median instead of the mode,1416,Adds instead of multiplies,772,Rotates instead of reflects,2026,Reflects instead of rotates,1817,Rounds every number down when estimating,1514,Adds instead of subtracts
EEDI-122,1002,B,Convert fractions less than 1 to terminating decimals of 2 decimal places,Converting between Fractions and Decimals,Convert \( \frac{3}{20} \) into a decimal,\( 0.15 \),\( 0.3 \),1715,Converts a fraction to a decimal by using only the numerator after the decimal point,10,10+ occurrences,1221,Converts a decimal to a fraction by writing 1 over the digits of the decimal,1637,Has used the decimal point to separate numerator and denominator,364,Thinks they just remove the decimal point when converting a decimal to a percentage,2162,"When rounding to decimal places and the only digits after the decimal point will be zeros, just gives the integer as the answer.",419,"When converting a fraction to a decimal, divides the denominator by the numerator",760,Converts a fraction to a decimal by using the denominator after the decimal point,2254,Removes the decimal point when asked to round a decimal to a whole number,115,Believes fraction to decimal conversion is done by writing the numerator as a decimal,2308,Converts a fraction to a decimal by placing a decimal point between the numerator and denominator,1609,Believes the decimal point button writes a fraction,292,Converts fraction to percentage by putting % sign after the denominator,1786,Converts a fraction to a percentage by writing the numerator followed by the denominator,90,Does not understand place value after the decimal point,1759,Assumes decimal point can be ignored when given a decimal percentage to convert to a fraction,1447,Writes the remainder as the digit after the decimal point,679,Gives a fraction when asked for a decimal,2073,Converts a fraction to a decimal by placing all values of the fraction after the decimal point,1619,"When dividing a decimal by a whole number, ignores decimal point and just divides the digits",2574,Believes that when multiplying by a power of 10 you add zeroes after the decimal point,567,"When doing operations with decimals, ignores significant zeros after the decimal point",2368,Converts a fraction to a percentage by placing a decimal point between the numerator and denominator,988,"When converting a percentage to a decimal, just writes all the digits after a decimal point.",2242,Converts a fraction to a decimal by placing the denominator after the decimal point,1715,Converts a fraction to a decimal by using only the numerator after the decimal point,318,"Assumes that converting a decimal percentage to a fraction, they can just convert the decimal to a fraction, instead of writing the decimal over 100."
EEDI-123,1004,A,Shade percentages of a shape where the percent is an integer,Percentages of an Amount,"How many rectangles would you need to shade so that \( 22 \% \) of this shape is shaded? \begin{tabular}{|l|l|l|l|l|l|l|l|l|l|}
\hline & \(\space\) & \(\space\) &  \(\space\) &  \(\space\) &  \(\space\) &  \(\space\) &  \(\space\) &  \(\space\) & \\
\hline & \(\space\) & \(\space\) &  \(\space\) &  \(\space\) &  \(\space\) &  \(\space\) &  \(\space\) &  \(\space\) & \\
\hline & \(\space\) & \(\space\) &  \(\space\) &  \(\space\) &  \(\space\) &  \(\space\) &  \(\space\) &  \(\space\) & \\
\hline & \(\space\) & \(\space\) &  \(\space\) &  \(\space\) &  \(\space\) &  \(\space\) &  \(\space\) &  \(\space\) & \\
\hline & \(\space\) & \(\space\) &  \(\space\) &  \(\space\) &  \(\space\) &  \(\space\) &  \(\space\) &  \(\space\) & \\
\hline
\end{tabular}",\( 11 \),\( 22 \),329,Does not understand a percentage is out of 100,12,10+ occurrences,2555,Does not understand how to find a scale factor,2010,Does not understand power notation,2138,Does not understand a percentage can be applied to something not out of 100,1341,Multiplies instead of divides by 100 when converting a percentage to a decimal,2322,Believes a percentage of a number will be a multiple of the percentage,329,Does not understand a percentage is out of 100,862,Does not understand equivalent ratios,61,Multiplies by 10 instead of 100 when converting decimal to percentage,1601,Does not understand that you can have percentages greater than 100%,24,Does not understand the term multiple,2112,Does not understand how to find percentages of an amount,1046,Does not understand remainders in division,1975,Does not understand the question,67,Divides by 1000 instead of 100 when converting a decimal to a percentage,1622,Divides by 1000 instead of 100 when converting a percentage to a decimal,524,Does not understand square root,2361,Believes a fraction out of a number other than 100 represents a percentage,1270,Divides by 10 instead of 100 when converting a percentage to a decimal ,1388,Does not understand the term quadratic,249,Does not understand a denominator represents equal parts,39,Multiplies by 1000 instead of 100 when converting a decimal to a percentage,331,Does not understand the term factor,120,Does not understand equivalent fractions,534,Does not understand what an interior angle is,1828,Does not understand inequality notation
EEDI-124,1007,B,"Given information about one part, work out other parts",Sharing in a Ratio,"The ratio of adults to children at a party is \( 1\;: 4 \)
There are \( 20 \) adults.
How many children are there?",\( 80 \),\( 5 \),105,Mixes up sides of a ratio,10,10+ occurrences,1968,Mixes up width and height of a rectangle,2557,Mixes up cubing and squaring,2509,Mixes up the sets in a Venn diagram,2220,Mixes up term in a sequence and position of a term,1850,Mixes up square rooting and fourth rooting,2212,Mixes up smallest and largest when ordering fractions,327,Mixes up total and part in ratio,1664,Mixes up squaring and halving,64,Mixes up squaring and multiplying by 4,586,Mixes up square numbers and prime numbers,1618,Mixes up cubing and multiplying by 3,2445,Mixes up squaring and addition,1518,Mixes up smallest and largest when ordering decimals,421,Mixes up odd and even numbers,1143,Mixes up the terms for the parts of a fraction,1928,Mixes up the numerator and denominator,2578,"Mixes up sides of a ratio, when working with vectors for line segments.",2576,Mixes up square numbers and cube numbers,1969,Mixes up square numbers and even numbers,279,Mixes up square rooting and cube rooting,2316,Mixes up squaring and multiplying by 2 or doubling,144,Mixes up the x and y values of the coordinates,1346,Mixes up squaring with repeating a digit,105,Mixes up sides of a ratio,909,Mixes up squaring with dividing by 2
EEDI-125,1009,D,"Solve three or more step linear equations, with the variable on one side, involving positive decimals",Linear Equations,"Tom and Katie are discussing how to solve:
\(\frac{3 x}{2}+1=1.6\)

Tom says a correct next line of working could be: \( \frac{3 x}{2}=0.6 \)

Katie says a correct next line of working could be: \( 3 x+2=2.12 \)

Who is correct?",Only Tom,Neither is correct,340,Does not understand that when multiplying both sides of an equation by an amount every term must be multiplied by the same amount,11,10+ occurrences,170,Does not understand that when dividing both sides of an equation by an amount every term must be divided by the same amount,293,Does not understand that similar shapes sides must all have the same scale factor,2429,Believes finding a fraction of an amount means multiplying by the denominator,2531,Does not understand that the volume of an enlarged shape is the volume of the original multiplied by the cube of the scale factor of the lengths.,245,Does not realise that to maintain balance in an equation they must add or subtract the same amount from both sides,24,Does not understand the term multiple,14,Does not understand how to create a multiple of an equation,1198,Does not recognise that a linear sequence must increase or decrease by same amount,676,Does not recognise that an equation will stay balanced if all terms are multiplied/divided by the same amount,2373,Does not understand parts must be equal in a fraction diagram,1289,Does not understand that the area of an enlarged shape is the area of the original multiplied by the square of the scale factor of the lengths.,570,Does not understand that all angles and sides must be equal for regular shapes,2112,Does not understand how to find percentages of an amount,347,"When solving an equation with a fraction, thinks you don't need to multiply every term on both sides when multiplying by the denominator ",1388,Does not understand the term quadratic,2199,Divides by the numerator and multiplies by the denominator when finding a fraction of an amount,1243,Believes when given a fraction and an amount the question must be to find the fraction of the amount. ,754,Does not recognise that an integer multiplied by a surd can be simplified,2458,Multiplies by the denominator instead of dividing when finding a fraction of an amount,1710,"When finding a percentage of an amount, assumes they divide the percentage by 10, but not the amount, before multiplying",340,Does not understand that when multiplying both sides of an equation by an amount every term must be multiplied by the same amount,2575,Thinks adding same amount to each side of a ratio gives an equivalent ratio,2154,Thinks finding a fraction of an amount means subtracting from that amount,331,Does not understand the term factor,1976,"When multiplying a fraction by an integer, multiplies both numerator and denominator by the integer"
EEDI-126,1010,B,Understand the non-commutativity of division,Written Division,"Tom and Katie are discussing written division strategies.

Tom says \( 918 \div 34=934 \div 18 \)

Katie says \( 918 \div 34=34 \div 918 \)

Who is correct?",Neither is correct,Only Katie,2359,Believes division is commutative ,19,10+ occurrences,34,Believes dividing a negative by a positive gives a positive answer,566,Thinks the inverse of subtraction is division,1259,Believes division is sometimes commutative ,1500,"When calculating a scale factor, thinks the division is the other way around.",1336,Does not realise addition is commutative,1438,Believes division of surds always results in an integer,125,Thinks the division sign means to add,1247,Assumes you cannot use the fact that multiplication is commutative when simplifying an algebraic term. ,2359,Believes division is commutative ,1241,Subtracts instead of divides when division is written as a fraction,1400,Believes dividing a negative by a negative gives a negative answer,1126,Believes the mean is always representative,674,Thinks the inverse of addition is division,2379,Unable to equate two divisions with a single division,2051,Does not correctly apply the commutative property of multiplication,638,Believes multiplication is not commutative,2140,Believes division is carried out before a power,2547,Multiplies instead of divides when division is written as a fraction,376,Unable to equate a division and multiplication to a single division,1510,Believes subtraction is commutative ,15,"Confuses the order of operations, believes addition comes before division",1090,Doesn't recognise commutativity of addition with negative numbers,1558,Believes dividing a positive by a negative gives a positive answer,1814,Confusion over whether multiplication or division is the correct way to solve the problem.,186,Does not understand the meaning of the word commutative 
EEDI-127,1015,A,Carry out division  problems involving one negative integer,Multiplying and Dividing Negative Numbers,"\( n \times 5 \geq \frac{n}{5} \) If \( n \) can represent any number, is the statement above...",sometimes true,always true,557,Assumes a fact without considering enough examples,14,10+ occurrences,557,Assumes a fact without considering enough examples,811,Believes they can multiply/divide through by a negative number without changing the direction of the inequality,1844,Uses length scale factor for area without squaring ,1247,Assumes you cannot use the fact that multiplication is commutative when simplifying an algebraic term. ,830,Gives an example of a factor instead of counting how many total factors a number has,304,Believes knowing the perimeter of squares does not give you enough information to find the perimeter of combines shapes using those squares,1052,Uses length scale factor for volume without cubing,104,Assumes a sequence is linear,623,Assumes the denominator is divided by the numerator,2363,Assumes fractions with prime numerators cannot be simplified,18,"Given the length of the sides, still does not recognise there is enough information to find the area",373,Believes you can add or subtract from inside brackets without expanding when solving an equation,86,Assumes value of symbols in a pictogram without checking the key,2570,Confuses interior angles with exterior angles,1332,"When adding, just writes the digit to the right of the number without considering place value",56,Assumes a negative number is not rational,1656,Believes that one point is enough to specify a line,762,Chooses an example when asked for a counter-example,2543,"Believes the frequency represented by a pie chart sector can be judged visually, without considering the total it represents",969,Believes you can subtract from inside brackets without expanding when solving an equation,2413,"When finding the value of a number given in roman numerals, adds the value of all letters together without considering the position of the letter.",1257,Assumes a 1/4 of a whole is 25,603,Believes you can make assumptions about size of pie chart sectors without enough information,1356,Confuses the use of LCM and HCF in real life examples ,2168,Assumes a 1:1 conversion ratio between different currencies
EEDI-128,1016,B,Substitute positive non-integer values into expressions involving no powers or roots,Substitution into Formula,Which of the following statements is true when \( n=1.5 \) ?,\( 5 n>n+5 \),\( 5 n<n+5 \),1880,Mixes up greater than and less than symbols,32,10+ occurrences,1043,Mixes up cubes and cuboids,1947,Writes more than three repeated symbols next to each other in Roman numerals,1518,Mixes up smallest and largest when ordering decimals,1143,Mixes up the terms for the parts of a fraction,1664,Mixes up squaring and halving,1928,Mixes up the numerator and denominator,1969,Mixes up square numbers and even numbers,2445,Mixes up squaring and addition,64,Mixes up squaring and multiplying by 4,2298,Mixes up smallest and greatest when ordering positive integers,1618,Mixes up cubing and multiplying by 3,2212,Mixes up smallest and largest when ordering fractions,105,Mixes up sides of a ratio,586,Mixes up square numbers and prime numbers,2576,Mixes up square numbers and cube numbers,2220,Mixes up term in a sequence and position of a term,668,Writes four symbols after rather than one before in Roman numerals,2557,Mixes up cubing and squaring,1660,"When using inequality notation, thinks ""greater than/less than or equal to"" symbols are instead the ""greater than/less than"" symbols and vice versa",144,Mixes up the x and y values of the coordinates,1880,Mixes up greater than and less than symbols,84,Believes greater than/less than symbols include end values,327,Mixes up total and part in ratio,1682,Confuses inequality symbols with equality,421,Mixes up odd and even numbers
EEDI-129,1018,D,Multiply two decimals together with the same number of decimal places,Multiplying and Dividing with Decimals,\( 0.6 \times 0.4= \),\( 0.24 \),\( 0.024 \),2481,"When multiplying decimals, divides by the wrong power of 10 when reinserting the decimal",19,10+ occurrences,2481,"When multiplying decimals, divides by the wrong power of 10 when reinserting the decimal",2525,"When dividing decimals, divides rather than multiplies when reinserting the decimal.",2133,"When dividing a decimal by a multiple of 10, just divides the fractional place values ",2055,"When multiplying a decimal by an integer, ignores decimal point and just multiplies the digits",419,"When converting a fraction to a decimal, divides the denominator by the numerator",2264,"When subtracting a power of 10, subtracts from the wrong column",198,"When multiplying a decimal by a power of 10, just adds a zero to the end of the number, not changing the place value of the digits",1533,When adding powers of 10 adds onto the wrong column,61,Multiplies by 10 instead of 100 when converting decimal to percentage,2574,Believes that when multiplying by a power of 10 you add zeroes after the decimal point,1973,Divides instead of multiplies when converting a decimal to a percentage,67,Divides by 1000 instead of 100 when converting a decimal to a percentage,1270,Divides by 10 instead of 100 when converting a percentage to a decimal ,1124,When ordering numbers in standard form just looks at the decimal without multiplying by a power of 10,1341,Multiplies instead of divides by 100 when converting a percentage to a decimal,189,"When multiplying decimals, ignores place value and just multiplies the digits",1622,Divides by 1000 instead of 100 when converting a percentage to a decimal,394,Divides instead of multiplies when multiplying by a decimal,544,When dividing a decimal by a power of 10 adds zeroes to start of the number ignoring the placement of the initial decimal point,2002,"When dividing a decimal by an integer, divides by the wrong power of 10 when reinserting the decimal.",371,"When dividing fractions, divides by the reciprocal, instead of multiplies",2323,"When ordering decimals, believes the decimal point is not relevant",2335,"When multiplying decimals, multiplies rather than divides when reinserting the decimal.",1404,"Believes that when multiplying an integer by a decimal greater than 1, you multiply by the integer component of the decimal but add on the decimal component multiplied by 10.",2200,Believes that when dividing an integer by a power of 10 you add zeroes after the decimal point
EEDI-130,1019,D,Simplify an algebraic fraction by factorising the numerator,Simplifying Algebraic Fractions,Write the following as simply as possible: \( \frac{x^{2}-1}{x+1} \),\( x-1 \),None of the options,113,Does not recognise difference of two squares,15,10+ occurrences,865,Does not recognise a unit of mass,1520,Does not recognise litres as a unit of volume,353,Does not recognise when one part of a fraction is the negative of the other,1740,Does not recognise the properties of a kite,167,Does not recognise factorising a quadratic,899,Does not recognise parallel lines angle rules,2021,Does not recognise when a fraction can be simplified,1892,Does not recognise the sin graph,1348,Does not recognise a parallelogram,859,Believes they can factorise a difference of two squares by placing the constant in both brackets without square rooting,1782,Does not recognise miles as a unit of length,2050,Does not recognise a unit of length,113,Does not recognise difference of two squares,688,Confuses the factorised form of repeated roots and the difference of 2 squares,1373,Does not recognise a unit of time,547,Factorises difference of two squares with the same sign in both brackets,1766,Thinks x^2 - a^2x is a valid form of difference of two squares,1480,Does not recognise the notation for parallel sides,1226,Does not recognise the distributive property,1167,Does not recognise millimetres as a unit of length,441,Does not recognise a unit of volume,136,Does not recognise a reciprocal equation,915,Does not recognise metres as a unit of length,1133,Does not recognise a quadratic graph,1065,Does not recognise a unit of area in word form
EEDI-131,1023,C,Use brackets to write function machines as calculations,BIDMAS,"Here is a function machine ![Input \( \rightarrow-2 \rightarrow\times 5 \rightarrow \) Output]() The input is \( 7 \).
Which calculation gives the correct output?",\( 5(7-2) \),\( 7 \times 5-2 \),77,"Does not follow the arrows through a function machine, changes the order of the operations asked.",22,10+ occurrences,1345,Inserts brackets but not changed order of operation,940,When writing a function as a function machine confuses the input and the output.,2532,Believes order of operations does not affect the answer to a calculation,931,Does not understand where to place inputs/ operations/ outputs when drawing a function machine,987,Believes that the order of a worded calculation should be changed to follow BIDMAS ,15,"Confuses the order of operations, believes addition comes before division",77,"Does not follow the arrows through a function machine, changes the order of the operations asked.",2518,May have made a calculation error using the order of operations,1999,Does not interpret the correct order of operations from a worded problem,575,Thinks that when you put an input into a function machine you apply the inverse operation rather than the operation given.,2270,"In a function machine, confuses an operation with the input",458,When finding an input of a function machine thinks you apply the operations given rather than the inverse operation.,1752,Believes the arrows for parallel lines mean equal length,1026,Does not reverse the order of operations when finding the input of a function machine,2285,"In a function machine, confuses the first operation and the input",1672,"Confuses the order of operations, believes addition comes before multiplication ",2389,"When using a function machine, confuses the input and the output.",462,Thinks that they can combine functions in a function machine before applying them to the input,1941,"Confuses the order of operations, believes subtraction comes before multiplication ",256,Does not reverse the order of operations when solving an equation,73,Confuses a function with an expression,414,Divides by the order of the root,656,Reverses the order of operations but does not apply the inverse operations when finding the input of a function machine,2487,Changes the given operation when substituting,1119,Does not interpret the correct order of operations in a fraction when there is an addition on the numerator
EEDI-132,1027,C,For a given output find the input of a function machine,Other Sequences,"![2 arrows pointing to the right. + 7 in the first arrow. divide by 2 in the second arrow]() The rule above is used to generate a term-to-term sequence.
If the third term is \( 9 \), what is the first term?",\( 15 \),\( 11 \),1631,When asked for a specific term in a sequence gives the term after,11,10+ occurrences,1063,Adds rather than multiplies when asked for a total,713,"When asked for a specific term in a sequence gives a different term, which is not the next",1354,Does not know how to calculate the position of a term in a sequence,360,Gives frequency when asked for relative frequency,2317,"When asked for the next term in the sequence subtracts one from the last term given, despite the sequence not going down in ones.",52,When asked for a specific term in a sequence gives the term before,672,When asked for a specific term in a sequence gives the next term,440,Thinks n=0 for the first term in a sequence,936,Thinks the first term in a sequence is the term before the sequence begins (0th term),1195,Gives the change in value when asked for the percentage change,1115,Identifies the term-to-term rule rather than the next term in a sequence,2553,Gives the second significant figure when asked for the first,2220,Mixes up term in a sequence and position of a term,215,"When asked for a specific term in a sequence, just gives the position number",1396,Finds a percentage when asked for a fraction,210,Thinks the term in a sequence is double the position value,1631,When asked for a specific term in a sequence gives the term after,2235,Gives the first significant figure when asked for the second,834,"When asked for the next term in the sequence adds one to the last term given, despite the sequence not going up in ones.",2472,Does not know how to find the next term in a sequence,1394,Identifies the first term rather than the next term in a sequence,2058,Assumes there are only 2 terms in the nth term formula for a quadratic sequence,2284,When asked for a specific term in a sequence just gives the next term,1240,Thinks the first term of a sequence must be 1,679,Gives a fraction when asked for a decimal
EEDI-133,1035,B,Multiply a single term over a bracket where the term on the outside is a number and the inside contains a linear expression,Expanding Single Brackets,"Expand:
\(
-(2-3 p)
\)",\( -2+3 p \),\( -2-3 p \),1597,Believes multiplying two negatives gives a negative answer,27,10+ occurrences,1597,Believes multiplying two negatives gives a negative answer,1937,Believes subtracting a positive number from a negative number makes the answer less negative,1135,"When subtracting a negative number, adds the absolute values and then writes the answer with a negative sign",974,Believes multiplying a positive by a negative gives a positive answer,1082,"When multiplying with negative numbers, assumes any negative sign can be ignored",2019,"When there's a negative sign in the question, thinks the answer must be negative",1800,Believes multiplying two positives gives a negative answer,1558,Believes dividing a positive by a negative gives a positive answer,1400,Believes dividing a negative by a negative gives a negative answer,433,Believes a negative power results in a negative answer,1639,Believes adding two negatives gives a positive answer,82,Believes the square of a negative will also be negative,1031,Believes raising a negative number to an odd power will give a positive answer,160,Believes that adding a positive to a negative makes your answer more negative,34,Believes dividing a negative by a positive gives a positive answer,1648,Believes dividing two positives will give a negative answer,1713,Believes inverse function notation means multiplying by negative 1,941,Does not recognise that subtracting a larger number from a smaller number will give a negative answer,2096,When adding negatives believes that they can just add their absolute values and add a negative sign to the answer,1487,Believes you can square root a negative number,602,"Thinks multiplying two or more negative numbers together always gives a positive answer, regardless of how many negative numbers there are in the sum",621,Believes the negative of a positive squared (where there are no brackets) gives a positive answer,1282,When subtracting a negative thinks the answer must be negative ,748,"When finding the negative power of a negative power, assumes they can ignore one of the negatives",1435,When subtracting from a negative thinks the answer must be positive
EEDI-134,1053,D,Factorise a quadratic expression in the form x² - bx - c,Factorising into a Double Bracket,"Which answer shows the correct factorisation of:
\(
x^{2}-x-6
\)",\( (x-3)(x+2) \),\( (x+3)(x-2) \),1535,"Believes that when factorising a quadratic, they can choose any two numbers that multiply to give the constant",13,10+ occurrences,683,"When factorising, believes they can choose different factors for each term",1701,Believes the solutions of a quadratic equation are the absolute values of the constants in the factorised form,1535,"Believes that when factorising a quadratic, they can choose any two numbers that multiply to give the constant",1904,Believes the numbers in factorising should multiply to give the coefficient of x and add to give the constant,2142,"Does not know that to factorise a quadratic expression, to find two numbers that add to give the coefficient of the x term, and multiply to give the non variable term
",1353,Believes two odd numbers multiply to give an even number,2169,Believes that prime numbers can have more than two factors,1606,Believes the coefficent of x in an expanded quadratic comes from multiplying the two numbers in the brackets,2436,Believes the solutions of a quadratic equation are the constants in the factorised form,1755,Incorrectly factorises a quadratic,1871,"Thinks factorising a quadratic means factorising the variable terms into a single bracket, and leaving out the constant",1461,Believes parallel lines have gradients that multiply to give -1,167,Does not recognise factorising a quadratic,418,"Believes that when factorising a quadratic, they can choose any two numbers that add to give the coefficient of x",1262,"Believes that they can fully factorise an expression by taking out any common factor, not just the HCF",838,"When factorising a quadratic without a non variable term, tries to double bracket factorise",2256,Believes the constant in an expanded quadratic comes from adding the two numbers in the brackets,2068,"Does not know that to factorise a quadratic expression, to find two numbers that add to give the coefficient of the x term, and multiply to give the non variable term

",2372,"Believes that when factorising a quadratic with a coefficient of x squared, the two constants in the brackets still add to give the coefficient of x",859,Believes they can factorise a difference of two squares by placing the constant in both brackets without square rooting,1079,Believes factors add to give a number,2070,"Believes that when factorising a quadratic equation with a coefficient of x squared, the two constants in the brackets are still the solutions of the equation with opposite signs",2240,"When factorising a quadratic with a non-unit coefficient of x squared, believes that coefficient will be in front of both x terms in the factorised form",320,"When factorising into double brackets, finds the two values which sum to give the constant rather than the coefficient of x",2581,"When factorising a quadratic with a coefficient of x squared, believes the signs and/or positions of the constants are interchangeable"
EEDI-135,1055,A,Add proper fractions with different denominators which do not share a common factor,Adding and Subtracting Fractions,"The fractions in the two circles below add to give the fraction in the circle above.

What should replace the question mark? ![Fractions 3/5 and 1/4 in two separate circles, both linked to a third circle above.]()",\( \frac{17}{20} \),\( \frac{4}{9} \),217,"When adding fractions, adds the numerators and denominators",16,10+ occurrences,1218,Multiplies the numerators when adding fractions with a common denominator,907,Does not find a common denominator when adding/subtracting fractions,1048,"When adding/subtracting fractions, adds/subtracts the denominators and multiplies the numerators",1916,"When subtracting fractions, subtracts the numerators and multiplies the denominators",896,"When adding fractions with identical numerators, leaves the numerator and adds the denominators",1131,"When adding fractions, multiplies the numerators",1812,"When multiplying fractions, adds the denominators and multiplies the numerators",1928,Mixes up the numerator and denominator,1246,"When adding fractions, uses addition of the denominators as a common denominator",1280,"When multiplying fractions, multiplies the numerator and adds the denominator",408,"When multiplying fractions, multiplies both the numerator and denominator",2170,Subtracts numerators when dividing fractions with a common denominator,2223,"When dividing fractions, divides the denominators by each other",1374,"When multiplying fractions, multiplies the denominator",1980,"When multiplying fractions, adds the numerators and the denominators",317,"When multiplying fractions, adds the numerators and multiplies the denominators",1909,Does not consider the denominator when adding/ subtracting fractions. Adds/subtracts the numerator and makes the denominator the one with the highest value.,217,"When adding fractions, adds the numerators and denominators",1463,"When adding fractions, adds the numerators and multiplies the denominators",1655,"When adding fractions, changes to common denominator but leaves numerators the same",1804,"When dividing fractions, multiplies the numerators and multiplies the denominators",1081,"When subtracting fractions, divides the numerators",1431,"Believes you add the whole to the numerators, ignoring denominators, when adding a mixed number to a proper fraction with the same denominator.",172,"When subtracting fractions, subtracts the numerators and denominators",1223,Uses numerators to convert fractions to ratio despite different denominators
EEDI-136,1057,C,Factorise a single bracket containing a non-linear expression by taking out a single algebraic common factor (e.g. a),Factorising into a Single Bracket,"Factorise this expression, if possible:
\(
p^{2}+100 p
\)",\( p(p+100) \),\( (p+10)(p+10) \),838,"When factorising a quadratic without a non variable term, tries to double bracket factorise",10,10+ occurrences,1421,"When factorising into double brackets, finds the sum of two values which give the non variable term in the expression rather than the product",1535,"Believes that when factorising a quadratic, they can choose any two numbers that multiply to give the constant",2436,Believes the solutions of a quadratic equation are the constants in the factorised form,3,"Thinks a quadratic without a non variable term, can not be factorised",1871,"Thinks factorising a quadratic means factorising the variable terms into a single bracket, and leaving out the constant",1755,Incorrectly factorises a quadratic,1666,"When factorising into single brackets, factorises the first term correctly but subtracts the number outside the bracket with the second term in the expression to find the second term in the bracket",167,Does not recognise factorising a quadratic,2240,"When factorising a quadratic with a non-unit coefficient of x squared, believes that coefficient will be in front of both x terms in the factorised form",2070,"Believes that when factorising a quadratic equation with a coefficient of x squared, the two constants in the brackets are still the solutions of the equation with opposite signs",1191,Believes that the sign changes when factorising an expression into single brackets,2068,"Does not know that to factorise a quadratic expression, to find two numbers that add to give the coefficient of the x term, and multiply to give the non variable term

",1432,"When factorising into double brackets, believes the sum of the two values in the brackets equals bx rather than b",2567,Believes they only need to multiply the first pair of terms when expanding a double bracket.,418,"Believes that when factorising a quadratic, they can choose any two numbers that add to give the coefficient of x",2581,"When factorising a quadratic with a coefficient of x squared, believes the signs and/or positions of the constants are interchangeable",2277,"When factorising into double brackets, finds the correct values for the non variable terms but swops the plus and minus sign",320,"When factorising into double brackets, finds the two values which sum to give the constant rather than the coefficient of x",1433,"When factorising into single brackets, only factors out the numerical values and forgets to factorise possible variables",2372,"Believes that when factorising a quadratic with a coefficient of x squared, the two constants in the brackets still add to give the coefficient of x",2479,"When factorising into double brackets, believes the product of the constants in the brackets is of the opposite sign to the constant in the expanded equation.",1512,"When sketching graphs of factorised quadratics, does not see that the negative of the non variable terms in the brackets give the x intercepts or the roots of the graph.",2142,"Does not know that to factorise a quadratic expression, to find two numbers that add to give the coefficient of the x term, and multiply to give the non variable term
",683,"When factorising, believes they can choose different factors for each term",838,"When factorising a quadratic without a non variable term, tries to double bracket factorise"
EEDI-137,1060,C,"Understand the terms equilateral and regular, and recognise the notation for regular polygons",Properties of Polygons,"The dashes on the sides tell us that this is a \(__________\) polygon

What word completes the sentence? ![A shape with five equal sides. Each side has a small dash through the middle.]()",Regular,Irregular,255,Does not know the meaning of the word regular ,10,10+ occurrences,2467,Does not know the meaning of the word equidistant ,1083,Does not know the meaning of uniform cross section,1428,"Does not understand the meaning of ""value""",2321,does not know the meaning of the word digit,137,Does not know the meaning of the word identity ,255,Does not know the meaning of the word regular ,423,Does not know the meaning of equilateral,114,Does not know the meaning of the word parallel,2494,Does not know the meaning of consecutive,1009,Does not know the meaning of bisect,1470,"Does not know the meaning of the word ""product""",933,Does not know the meaning of corresponding,222,Does not know the meaning of absolute value,1327,Does not know the meaning of attribute data,1351,Does not know the meaning of congruent,2130,"Does not know the meaning of the word ""sum""",366,Does not know the meaning of the identity symbol,186,Does not understand the meaning of the word commutative ,1513,Does not know the meaning of perpendicular,527,Does know know equilateral means the same as regular ,1528,Does not know the meaning of alternate,295,Does not know the word and/or does not know the function of a compass,1693,"Does not know the meaning of common, eg. common factor",701,Does not know the meaning of vertically opposite,1326,Does not know the meaning of square sign for right angle
EEDI-138,1065,A,Recognise the equations of horizontal lines from a diagram,Horizontal and Vertical Lines,"What is the equation of this line? ![The diagram shows a pair of axes, x and y ranging from -6 to 5 horizontally and -3 to 4 vertically. There is a horizontal line that passes through the y axis at -2. ]()",\( y=-2 \),\( x=-2 \),2113,Confuses the equations of vertical and horizontal lines,11,10+ occurrences,1397,Believes point will move diagonally when reflecting in a horizontal or vertical line,1784,Believes a horizontal line can show a constant rate of change,1836,Believes lines of symmetry must be vertical or horizontal,642,Thinks x = ? is a horizontal line through ? ,665,Believes that the gradient of a horizontal line is undefined,450,Confuses the terms faces and vertices,797,Reflects horizontally or vertically instead of across a diagonal line of symmetry,591,Does not believe the length of a diagonal line can be worked out based on horizontal and vertical measurements,972,Does not realise that if the horizontal and vertical measurements of a diagonal line segment switch it remains the same size,2301,"Believes the equation of a horizontal line is in the form x = ay, where a is the y intercept",83,Confuses the meaning of perpendicular and vertical ,1971,Confuses the inverse operations of addition and subtraction when rearranging equations,156,Confuses the graph of a linear equation with a quadratic equation,268,Believes lines of reflection must be vertical or horizontal,1813,Estimates the length of diagonal lines rather than working out based on horizontal and vertical measurements,1144,"Believes the equation for a horizontal line is in the form xy = a, where a is the y intercept",905,"Thinks the movement of the top number in a column vector is vertical, and the bottom number is horizontal rather than the other way round",194,"Believes the sides of a square must be horizontal and vertical, not diagonal",600,Thinks a horizontal line on a distance time graph means a distance of 0,1568,Includes the x variable when giving the equation of a horizontal line,2113,Confuses the equations of vertical and horizontal lines,2371,Believes a direct proportion graph is a horizontal line,2464,"Believes the sides of a rectangle must be horizontal and vertical, not diagonal",43,Confuses the terms edges and vertices,1285,Believes a vertical line has equation y=
EEDI-139,1071,D,Round non-integers to the nearest 100,"Rounding to the Nearest Whole (10, 100, etc)",What is \( \mathbf{1 6 5 1 . 4 3} \) rounded to the nearest hundred?,\( 1700 \),\( 1650 \),2392,Rounds to the wrong degree of accuracy (rounds too much),27,10+ occurrences,815,Counts in the wrong direction on a number line,2515,Rounds too early in calculation ,822,"When rounding, believes that if the number, after the required degree of accuracy, is a 5 or below you round down",1742,Adds or subtracts the degree of accuracy from the original number,2033,Rounds to the wrong degree of accuracy (1 decimal place rather than nearest whole number),1988,Rounds up instead of down,37,Rounded to wrong degree of accuracy (2sf not 1sf),1809,Rounds too little when estimating,2109,Counts on in the wrong direction on a number line,1591,"Rounds to the nearest hundredth, rather than one significant figure",1705,Rounds to the nearest integer when estimating,716,Rounds a decimal instead of using a fraction in division,1727,Rounds the wrong way when interpreting a real-life context,1902,Gets the minutes and hours the wrong way around,1315,Rounds to the wrong degree of accuracy (nearest ten rather than nearest whole number),739,Rounds to wrong degree of accuracy (decimal places rather than significant figures),289,Writes the numerator and the denominator the wrong way round in a probability,2392,Rounds to the wrong degree of accuracy (rounds too much),1248,Rounds to the wrong degree of accuracy (rounds too little),1922,Gets the dividend and divisor the wrong way round when doing long division,1105,Rounds every number to the same degree instead of rounding to significant figures when estimating ,1529,Rounds to the wrong degree of accuracy (significant figures rather than decimal places),1379,Rounds down instead of up,1165,Rounds to the nearest integer rather than one significant figure,1861,Rounds to nearest 50 not 20
EEDI-140,1078,D,Convert between kg and tonne,Weight Units,\( 3000 \mathrm{~kg} \) is the same as \( ___ \) tonnes,\( 3 \),\( 3000000 \),1074,Multiplies rather than divides,11,10+ occurrences,1599,Adds rather than divides when answering worded problems,916,Thinks the fraction bar means multiply rather than divide,1129,"When finding a missing part in a ratio, divides rather than multiplies",1145,"When adding column vectors, multiplies rather than adds",2501,Subtracts rather than multiplies when calculating total frequency,1576,Divides rather than multiplies in a related calculation questions,2525,"When dividing decimals, divides rather than multiplies when reinserting the decimal.",2320,Subtracts rather than divides when scaling down in direct proportion problems,757,Adds rather than multiplies when asked for a product,1074,Multiplies rather than divides,1972,Subtracts rather than multiplies when answering worded problems,1204,Multiplied by 100 rather than divided by 100,2158,Multiplies rather than divides when answering worded problems,565,Divides rather than multiplies ,2100,Divides rather than multiplies when answering worded problems,1255,Adds rather than multiplies for combined probabilities,2238,Divides rather than multiplies when scaling up in direct proportion problems,2326,Multiplies rather than adds ,1063,Adds rather than multiplies when asked for a total,2335,"When multiplying decimals, multiplies rather than divides when reinserting the decimal.",1320,Multiplied by 10 rather than 100,1125,Multiplies rather than adds when answering worded problems,854,Divided by 100 rather than multiplied by 100,126,Multiplies rather than adds when given the command word 'more',2278,Subtracts rather than divides when answering worded problems
EEDI-141,108,A,Carry out multiplication problems involving one negative integer,Expanding Double Brackets,"John is expanding these two brackets.

What should he get when he multiplies the two terms indicated by the arrows? ![The two brackets are (x+5)(x-3). The arrows are pointing at the +5 in the first bracket and the -3 in the second bracket.]()",\( -15 \),\( +2 \),2143,Adds instead of multiplying when expanding bracket,14,10+ occurrences,1134,"When solving an equation, adds instead of dividing",1802,Adds instead of subtracts when finding the area of part of a shape,2085,Adds instead of multiplies when multiplying algebraic terms,786,"Believes they write the digits next to each other instead of multiplying, when multiplying a vector by an integer.",2143,Adds instead of multiplying when expanding bracket,1153,Believes they can ignore the coefficient when expanding double brackets ,234,Subtracts instead of adds,932,Adds instead of multiplies when calculating total frequency,2567,Believes they only need to multiply the first pair of terms when expanding a double bracket.,1577,Adds instead of multiplies when using grid method,761,Subtracts instead of adds when finding a midpoint,1984,Adds when calculating volume instead of multiplying,997,Subtracts instead of multiplies,828,Adds when calculating area instead of multiplying,911,Only multiplies the numerical terms when expanding a bracket,1416,Adds instead of multiplies,220,Only multiplies the first term in the expansion of a bracket,1514,Adds instead of subtracts,2001,"When solving an equation,  subtracts instead of multiplying",583,Ignores negative sign when expanding bracket,1360,"When solving an equation, multiplies instead of adding",833,"When calculating perimeter, multiplies instead of adds",1319,Adds instead of multiples,394,Divides instead of multiplies when multiplying by a decimal,107,"When expanding brackets, multiplies out the first term correctly but adds together the number outside the bracket with the second term inside the bracket."
EEDI-142,1080,D,Round numbers greater than 1 to one significant figure,Rounding to Significant Figures,"Round this number to \( 1 \) significant figure:
\[
73975
\]",\( 70000 \),\( 74000 \),1248,Rounds to the wrong degree of accuracy (rounds too little),22,10+ occurrences,739,Rounds to wrong degree of accuracy (decimal places rather than significant figures),815,Counts in the wrong direction on a number line,2515,Rounds too early in calculation ,289,Writes the numerator and the denominator the wrong way round in a probability,1861,Rounds to nearest 50 not 20,1248,Rounds to the wrong degree of accuracy (rounds too little),2033,Rounds to the wrong degree of accuracy (1 decimal place rather than nearest whole number),1105,Rounds every number to the same degree instead of rounding to significant figures when estimating ,1165,Rounds to the nearest integer rather than one significant figure,1705,Rounds to the nearest integer when estimating,1529,Rounds to the wrong degree of accuracy (significant figures rather than decimal places),1379,Rounds down instead of up,1902,Gets the minutes and hours the wrong way around,1922,Gets the dividend and divisor the wrong way round when doing long division,37,Rounded to wrong degree of accuracy (2sf not 1sf),1742,Adds or subtracts the degree of accuracy from the original number,1988,Rounds up instead of down,1809,Rounds too little when estimating,716,Rounds a decimal instead of using a fraction in division,2392,Rounds to the wrong degree of accuracy (rounds too much),1727,Rounds the wrong way when interpreting a real-life context,1315,Rounds to the wrong degree of accuracy (nearest ten rather than nearest whole number),2109,Counts on in the wrong direction on a number line,822,"When rounding, believes that if the number, after the required degree of accuracy, is a 5 or below you round down",1591,"Rounds to the nearest hundredth, rather than one significant figure"
EEDI-143,1086,D,Change decimals of hours into minutes,Time,\( 0.6 \) hours \( = _____\) minutes,\( 36 \),\( 60 \),161,Answers as if there are 100 minutes in an hour when changing from hours to minutes,14,10+ occurrences,581,Writes times in the afternoon as if they are morning on a 24 hour clock,1080,Believes there are 20 minutes in an hour,427,Answers as if there are 100 minutes in an hour when writing minutes as decimals,2081,Thinks there are 7 hours in 1 day,1107,Converted hours to minutes instead of hours to seconds,161,Answers as if there are 100 minutes in an hour when changing from hours to minutes,767,Thinks there are 10 minutes in an hour,1120,Thinks there are 100 ml in a litre,1650,Only includes full hours when measuring time in minutes,737,Thinks there are 30 minutes in a hour,963,Thinks there are 50 minutes in 1 hour,2401,Answers as if there are 60 hours in a day,852,Thinks there are 100 mg in a gram,443,Thinks there are 12 hours in 1 day,2477,Thinks there are 30 seconds in a minute,387,Thinks there are 100 seconds in a minute,1718,Thinks there are 100 seconds in an hour,1902,Gets the minutes and hours the wrong way around,2,Believes there are 100 degrees in a full turn,2246,Answers as if there are 10 seconds in a minute when changing from seconds to minutes,1339,Calculated the hours and minutes separately,299,"When solving time problems, finds the difference in the hours and the difference in the minutes but then assumes the minutes will be added on to the number of hours",2149,Converted seconds to minutes instead of seconds to hours,1013,Answers as if there are 100 minutes in an hour,508,Thinks there are 1000 seconds in an hour
EEDI-144,11,A,Identify the net of a non-prism,Nets,This is the net of a... ![A circle touching a sector](),Cone,Triangle,690,Struggles to visualise nets of 3D shapes,13,10+ occurrences,2025,Does not realise a triangular prism is a 3D shape,2118,Struggles to visualise elevations of 3D shapes,778,Struggles to visualise the new position of an object after transformations,2188,"Does not understand that enlargements can make shapes make shapes bigger, smaller and the same size",1913,"Gives the smallest whole when asked for the smallest fraction shaded, presented visually",935,Fails to use the properties of simple shapes to work out missing lengths,2007,Believes the number of vertices on a 3D shape match those of the 2D cross section,313,Believes edges of a 3D shape do not include edges of base,1574,Struggles to visualise 2D triangles in a cuboid,1837,Names one of the faces of a 3D shape rather than the 3D shape name,2337,"Struggles to visualise how an object will look in 3D when given a plan view, front and side elevation",1281,Does not understand that similar shapes and enlarged shapes will have the same size angles as the original,2137,Does not know what dashes on the sides of shapes mean,2348,Believes the number of edges on a 3D shape match those of the 2D cross section,1959,Does not know that a solid is a 3D shape,1903,Thinks all lines on a net will form edges in 3D,637,Does not recognise the corresponding sides in similar shapes or enlargements,1318,Does not understand that shapes are congruent if they have the same size and shape,570,Does not understand that all angles and sides must be equal for regular shapes,1385,Struggles to draw 3D shapes on isometric paper,338,Believes only straight lines count as edges on 3D shapes,1509,Does not realise that all regular shapes of a certain type will be similar,2091,Thinks depth always goes front to back in a diagram of a 3D shape,690,Struggles to visualise nets of 3D shapes,1423,Struggles to estimate 3D volume
EEDI-145,110,C,Read values off a real life graph,Direct Proportion,"This is a conversion graph between kilograms and pounds.

Which of the following is the best estimate for the number of kilograms equivalent to \( 20 \) pounds? ![A graph on gridded paper with pounds (lb) on the y axis from 0 to 80 and kilograms (kg) on the x axis from 0 to 80. Both axis are labelled in increments of 20, with each increment split by gridlines into another 4 squares. A straight line goes from the origin and sloped upwards going through (25, 55) (not labelled - just a coordinate that it goes through) ]()",\( 9 \) kilograms,\( 44 \) kilograms,11,"When reading value from graph, reads from the wrong axes.",12,10+ occurrences,417,"When reading values from graphs, writes down the wrong units",1219,Gives the value for the wrong variable when answering a simultaneous equation question,749,"When asked to subtract a fraction from a unit, removes the unit value from the denominator",1675,Changes wrong place value column when rounding,1188,Reads the wrong scale on the protractor when measuring obtuse angles,1250,Correct scale but wrong value on protractor reading.,1036,"Only gives 1 value of x for a given value of y, when reading from a parabolic graph",212,Solves for y=0 instead of given y-value when reading from a quadratic graph,379,Finds the y intercept when asked to read the solution to a quadratic equation from a graph,11,"When reading value from graph, reads from the wrong axes.",1045,"Believes reading from a cumulative frequency diagram will give the frequency above a certain value, rather than below",2318,Has used the wrong data point on the graph,1290,Reads the wrong scale on the protractor when measuring reflex angles,1328,"When reading off from the left side of a back to back stem and leaf, mixes up the value of the leaf and the stem",333,Not considered the y value when reading coordinates,2264,"When subtracting a power of 10, subtracts from the wrong column",463,Reads the complement of what is required from a pie chart,2251,Chooses the correct scale when measuring angles on a protractor but starts from the wrong number when the angle is in between two labelled dashes,1760,"Reads the position of a number from the space between the line marked, rather than the line marked",2435,Reads one point on a time series graph instead of all the values from a given time period,2095,"When reading graph, chooses nearest marked value on axis instead of reading accurately",70,"When reading a composite bar chart, just reads total height of bar",677,"When asked to subtract a fraction from a unit, removes the unit value from the numerator.",921,Reads the wrong scale on the protractor when measuring acute angles,1586,"When asked to read a value from a graph, thinks they give the corresponding value on the other axis, rather than reading from the graph"
EEDI-146,1103,C,"Calculate the distance between two coordinates in 2D, where all the values are integers but at least one is negative",Distance Between Two Co-ordinates,"Amy is trying to work out the distance between these two points: \( (2,-5) \) and \( (-7,1) \) She labels them like this: \( \begin{array}{cccc}x_{1} & y_{1} & x_{2} & y_{2} \\ (2, & -5) & (-7, & 1)\end{array} \) And then decides to use this formula: \( \sqrt{\left(x_{2}-x_{1}\right)^{2}+\left(y_{2}-y_{1}\right)^{2}} \) What does the first bracket equal?",\( (-9)^{2} \),\( (9)^{2} \),1510,Believes subtraction is commutative ,14,10+ occurrences,186,Does not understand the meaning of the word commutative ,1247,Assumes you cannot use the fact that multiplication is commutative when simplifying an algebraic term. ,934,Thinks the subtraction sign means divide,1336,Does not realise addition is commutative,1795,"Believes you subtract the smaller digit from the larger digit in column subtraction, regardless of position",1722,Believes a subtraction cannot be partitioned into separate subtractions,2181,Performs addition ahead of subtraction,481,Thinks the inverse of subtraction is multiplication,2556,Thinks the subtraction sign means multiply,1054,Performs subtraction in wrong order,1941,"Confuses the order of operations, believes subtraction comes before multiplication ",1090,Doesn't recognise commutativity of addition with negative numbers,2051,Does not correctly apply the commutative property of multiplication,2359,Believes division is commutative ,1361,Does not recognise that addition is the inverse operation of subtraction,1282,When subtracting a negative thinks the answer must be negative ,638,Believes multiplication is not commutative,1510,Believes subtraction is commutative ,1126,Believes the mean is always representative,831,Thinks subtraction calculates how many in ,1208,Believes the subtraction button writes a fraction,1274,Subtracts simultaneous equations when addition is required,566,Thinks the inverse of subtraction is division,1259,Believes division is sometimes commutative ,1937,Believes subtracting a positive number from a negative number makes the answer less negative
EEDI-147,1109,D,Count a number of objects,Quadratic Sequences,"\[
1,3,6,10, \ldots \text { ? }
\]

Which pattern matches the sequence above?",![The triangle numbers represented by dark blue circles arranged into triangles.](),"![A sequence represented using red circles arranged in a pattern so that the first term has one red dot and then an additional two dots are added underneath this one red dot for the second term. For the third term another two red dots are added underneath and for the fourth term, two more added underneath the previous pattern.]()",108,Uses only the first two terms of a sequence to work out a term-to-term rule,16,10+ occurrences,1115,Identifies the term-to-term rule rather than the next term in a sequence,1293,Identifies how much repeated use of the term-to-term rule changes a number but does not apply to the sequence,162,Uses first term as numerical part of nth term rule,440,Thinks n=0 for the first term in a sequence,1240,Thinks the first term of a sequence must be 1,1720,Identifies the term-to-term rule rather than the next term,2377,Does not know the definition of term or term-to-term rule,108,Uses only the first two terms of a sequence to work out a term-to-term rule,2475,"When finding the nth term rule for a quadratic sequence, believes they only need to use the first term to calculate the coefficient of n ",2472,Does not know how to find the next term in a sequence,692,Only uses two terms of a sequence to work out a term-to-term rule,1716,Goes the wrong direction in the sequence when identifying term-to-term rule,939,Describes position to term rule using term to term rule,1569,Uses term-to-term rule as numerical part of nth term rule,220,Only multiplies the first term in the expansion of a bracket,558,"When given a term to term sequence with multiple steps, applies one step per term",2220,Mixes up term in a sequence and position of a term,1552,"Believes term to term rule is applied to position number, not previous term",936,Thinks the first term in a sequence is the term before the sequence begins (0th term),845,Believes they can find the nth term based on the first term only,1411,Describes term to term rules using position to term rules,935,Fails to use the properties of simple shapes to work out missing lengths,1394,Identifies the first term rather than the next term in a sequence,1354,Does not know how to calculate the position of a term in a sequence,2513,"When finding the nth term rule for a quadratic sequence, believes that the coefficient of n squared is determined by first differences"
EEDI-148,1140,A,Calculate the area of a rectangle where the dimensions are given in the same units,Area of Simple Shapes,"What is the area of this rectangle? ![A rectangle, 5cm by 12cm]()",\( 60 \mathrm{~cm}^{2} \),\( 17 \mathrm{~cm}^{2} \),828,Adds when calculating area instead of multiplying,10,10+ occurrences,709,Adds instead of subtracts when using an area model for multiplication,1416,Adds instead of multiplies,1577,Adds instead of multiplies when using grid method,71,Multiplies all given dimensions when calculating an area,1319,Adds instead of multiples,2001,"When solving an equation,  subtracts instead of multiplying",2180,Divides instead of multiplies when calculating total frequency,997,Subtracts instead of multiplies,1978,Subtracts instead of adds when answering worded problems ,2143,Adds instead of multiplying when expanding bracket,1802,Adds instead of subtracts when finding the area of part of a shape,1514,Adds instead of subtracts,761,Subtracts instead of adds when finding a midpoint,394,Divides instead of multiplies when multiplying by a decimal,833,"When calculating perimeter, multiplies instead of adds",234,Subtracts instead of adds,1134,"When solving an equation, adds instead of dividing",21,Estimates shares of a ratio instead of calculating,653,Does not have when calculating the area of a triangle,932,Adds instead of multiplies when calculating total frequency,1984,Adds when calculating volume instead of multiplying,2442,"When calculating a scale factor, multiplies instead of dividing.",881,adds all given dimensions when calculating area,828,Adds when calculating area instead of multiplying,2085,Adds instead of multiplies when multiplying algebraic terms
EEDI-149,1146,C,Use area to write algebraic expressions,Trial and Improvement and Iterative Methods,"The area of the rectangle on the right is \( 8 \mathrm{~cm}^{2} \).

Which of the following equations can we write from the information given? ![A rectangle with the short side labelled \(x\) and the opposite side labelled \(x^2 + 9\).]()",\( x^{3}+9 x=8 \),\( 2 x^{2}+2 x+18=8 \),982,Calculates perimeter when asked for area,11,10+ occurrences,1631,When asked for a specific term in a sequence gives the term after,554,Finds area of one face when asked for volume,1706,"When calculating perimeter, only adds the marked lengths",1455,Calculates circumference when asked for area,833,"When calculating perimeter, multiplies instead of adds",1195,Gives the change in value when asked for the percentage change,1668,Calculates area when asked for perimeter,1396,Finds a percentage when asked for a fraction,1377,Square roots when asked for second multiple,1063,Adds rather than multiplies when asked for a total,982,Calculates perimeter when asked for area,679,Gives a fraction when asked for a decimal,757,Adds rather than multiplies when asked for a product,672,When asked for a specific term in a sequence gives the next term,52,When asked for a specific term in a sequence gives the term before,1678,Confuses perimeter and area,648,Finds volume when asked for surface area,360,Gives frequency when asked for relative frequency,2560,Confuses the formulas for the perimeter of a sector and the area of a sector ,2034,Finds an equivalent improper fraction when asked for a mixed number,746,Finds surface area when asked for volume,1446,"When calculating perimeter, only adds two sides",743,"When calculating the area of a rectilinear compound shape, calculates the are of the surrounding rectangle",1357,Thinks only labelled dimensions need to be included when calculating the perimeter,884,"When asked for more, find the total"
EEDI-150,1150,B,Rearrange formulae to change the subject where the subject appears once and two steps are needed,Rearranging Formula and Equations,"Rearrange the following equation to make \( v \) the subject
\(F=\frac{v^{2}}{r}\)",\( v=\sqrt{r F} \),\( v=\sqrt{\frac{F}{r}} \),1214,"When solving an equation, uses the same operation rather than the inverse.",54,10+ occurrences,334,"When solving an equation with x in the denominator, thinks the inverse operation is to make it the numerator on the other side",1134,"When solving an equation, adds instead of dividing",1324,"When solving an equation, believes that when they get to ax = b, b is the solution",879,Thinks you apply one inverse operation to one term and the other inverse operation to the other term,2001,"When solving an equation,  subtracts instead of multiplying",575,Thinks that when you put an input into a function machine you apply the inverse operation rather than the operation given.,2271,"When solving a problem that requires an inverse operation (e.g. missing number problems), does the original operation",256,Does not reverse the order of operations when solving an equation,975,"When solving an equation, multiplies instead of dividing ",195,"When solving an equation, thinks the divisor and dividend are the opposite way around",2171,Uses the total as the numerator of the fraction rather than the denominator.,1190,"When solving an equation, subtracts instead of dividing",1024,When solving an equation thinks they add when in fact they need to multiply,1971,Confuses the inverse operations of addition and subtraction when rearranging equations,1214,"When solving an equation, uses the same operation rather than the inverse.",2530,Subtracts instead of adds when using inverse operations to solve an equation,458,When finding an input of a function machine thinks you apply the operations given rather than the inverse operation.,1361,Does not recognise that addition is the inverse operation of subtraction,1566,Adds or subtracts from numerator first when solving an equation with a fraction,568,"When solving a problem that requires an inverse operation (e.g. missing number problems), does subtraction when division is required",74,Believes they must expand brackets before solving an equation,1268,"When solving simultaneous equations, thinks you only transform the algebraic terms, rather than the whole equation.",1360,"When solving an equation, multiplies instead of adding",1181,When solving an equation thinks they divide when in fact they need to multiply,969,Believes you can subtract from inside brackets without expanding when solving an equation
