"problem_id","problem_summary","target_user","problem_strength_0_10","current_workflow_summary","BEST_NON_AI_SYSTEM","non_ai_strength_0_10","what_non_ai_handles_well","what_non_ai_cannot_reasonably_handle","BEST_MODEL_ENABLED_SYSTEM","model_type_needed","model_indispensable_capability","model_necessity_0_10","AI_classification","product_core_loop","product_loop_strength_0_10","30_second_demo","demo_strength_0_10","practical_value_0_10","evaluation_possible","implementation_risk","high_stakes_dependency","source_strength","reviewer_confidence","decision","decision_reason","algorithm_trap"
"P001","Submit and track digital complaints","rural elderly citizens","6","account form routing followup","Constrained capture guidance, classical CV/signal processing, templates, thresholds, and human review.","5","Known categories, structured records, deterministic constraints, and accountable workflow state.","Generalize robustly across unconstrained, variable, semantic input without extensive hand-coded rules or manual review.","Hybrid: model handles unstructured interpretation; deterministic workflow verifies, routes, and records the action.","CV/audio/speech/HTR","WITHOUT THE MODEL, robust semantic interpretation of variable real-world unstructured input would collapse into brittle templates, thresholds, or manual review.","8","AI-NATIVE","rural elderly citizens -> free text photos forms status -> CV/audio/speech/HTR interpretation or deterministic decision -> correct route and plain status -> human feedback/record","8","Input arrives -> system identifies the relevant condition -> user sees an accountable next action in context.","8","6","YES","MEDIUM","HUMAN-IN-LOOP","H","MEDIUM","BORDERLINE","A model can add meaningful semantic/perceptual interpretation, but non-AI baselines, safety constraints, product scope, or evaluation uncertainty remain material.","False"
"P002","Navigate online government procedure","low-literacy disabled citizens","6","read form upload evidence","Constrained capture guidance, classical CV/signal processing, templates, thresholds, and human review.","5","Known categories, structured records, deterministic constraints, and accountable workflow state.","Generalize robustly across unconstrained, variable, semantic input without extensive hand-coded rules or manual review.","Hybrid: model handles unstructured interpretation; deterministic workflow verifies, routes, and records the action.","CV/audio/speech/HTR","WITHOUT THE MODEL, robust semantic interpretation of variable real-world unstructured input would collapse into brittle templates, thresholds, or manual review.","8","AI-STRONGLY-JUSTIFIED","low-literacy disabled citizens -> forms scans speech -> CV/audio/speech/HTR interpretation or deterministic decision -> legible submission next step -> human feedback/record","8","Input arrives -> system identifies the relevant condition -> user sees an accountable next action in context.","8","6","YES","MEDIUM","HUMAN-IN-LOOP","H","MEDIUM","SURVIVE","Survives the adversary: a learned model is central to interpreting variable real-world unstructured input, while the product loop ends in a reviewable action.","False"
"P003","Route disparate citizen feedback","local officials","6","read classify assign followup","Constrained capture guidance, classical CV/signal processing, templates, thresholds, and human review.","5","Known categories, structured records, deterministic constraints, and accountable workflow state.","Generalize robustly across unconstrained, variable, semantic input without extensive hand-coded rules or manual review.","Hybrid: model handles unstructured interpretation; deterministic workflow verifies, routes, and records the action.","CV/audio/speech/HTR","WITHOUT THE MODEL, robust semantic interpretation of variable real-world unstructured input would collapse into brittle templates, thresholds, or manual review.","8","AI-STRONGLY-JUSTIFIED","local officials -> text photos locations cases -> CV/audio/speech/HTR interpretation or deterministic decision -> case route unresolved view -> human feedback/record","8","Input arrives -> system identifies the relevant condition -> user sees an accountable next action in context.","8","6","YES","MEDIUM","HUMAN-IN-LOOP","H","MEDIUM","SURVIVE","Survives the adversary: a learned model is central to interpreting variable real-world unstructured input, while the product loop ends in a reviewable action.","False"
"P004","Choose crop intervention","smallholders","7","observe crop consult advice","Constrained capture guidance, classical CV/signal processing, templates, thresholds, and human review.","5","Known categories, structured records, deterministic constraints, and accountable workflow state.","Generalize robustly across unconstrained, variable, semantic input without extensive hand-coded rules or manual review.","Hybrid: model handles unstructured interpretation; deterministic workflow verifies, routes, and records the action.","CV/audio/speech/HTR","WITHOUT THE MODEL, robust semantic interpretation of variable real-world unstructured input would collapse into brittle templates, thresholds, or manual review.","9","AI-NATIVE","smallholders -> photos weather crop stage -> CV/audio/speech/HTR interpretation or deterministic decision -> timely action -> human feedback/record","8","Input arrives -> system identifies the relevant condition -> user sees an accountable next action in context.","8","6","YES","HIGH","REGULATED","H","MEDIUM","SURVIVE","Survives the adversary: a learned model is central to interpreting variable real-world unstructured input, while the product loop ends in a reviewable action.","False"
"P005","Document certification processes","market farmers","6","record and hand off records","Rules, forms, database/search, checklists, audit logs, and where applicable CP-SAT/graph optimization/statistics/signal processing.","9","Known categories, structured records, deterministic constraints, and accountable workflow state.","Open-ended semantic/perceptual cases only; these are not central enough here to justify a model.","No learned model in core system; conventional software is recommended.","none","WITHOUT THE MODEL, the core need still works through deterministic rules, search, databases, statistics, graph algorithms, or CP-SAT.","2","NON-AI-BETTER","market farmers -> forms receipts logs -> none interpretation or deterministic decision -> traceable record -> human feedback/record","6","No convincing model-dependent demo; show the classical workflow instead.","5","6","PARTIAL","HIGH","REGULATED","H","HIGH","KILL","ALGORITHM_TRAP: classical systems directly solve the stated decision/workflow. High-consequence setting requires human accountable review and safety validation.","True"
"P006","Access farm information","low-income farmers","8","use phone service","Rules, forms, database/search, checklists, audit logs, and where applicable CP-SAT/graph optimization/statistics/signal processing.","8","Known categories, structured records, deterministic constraints, and accountable workflow state.","Open-ended semantic/perceptual cases only; these are not central enough here to justify a model.","No learned model in core system; conventional software is recommended.","none","No learned capability is central; deterministic workflow software is sufficient.","5","AI-HELPFUL-BUT-NOT-NECESSARY","low-income farmers -> voice SMS local condition -> none interpretation or deterministic decision -> usable low-bandwidth information -> human feedback/record","6","No convincing model-dependent demo; show the classical workflow instead.","6","8","PARTIAL","HIGH","REGULATED","H","HIGH","BORDERLINE","A model can add meaningful semantic/perceptual interpretation, but non-AI baselines, safety constraints, product scope, or evaluation uncertainty remain material.","False"
"P007","Judge crop maturity and harvest timing","vegetable growers","6","inspect crop decide harvest","Constrained capture guidance, classical CV/signal processing, templates, thresholds, and human review.","5","Known categories, structured records, deterministic constraints, and accountable workflow state.","Generalize robustly across unconstrained, variable, semantic input without extensive hand-coded rules or manual review.","Hybrid: model handles unstructured interpretation; deterministic workflow verifies, routes, and records the action.","CV/audio/speech/HTR","WITHOUT THE MODEL, robust semantic interpretation of variable real-world unstructured input would collapse into brittle templates, thresholds, or manual review.","8","AI-STRONGLY-JUSTIFIED","vegetable growers -> photos notes dates -> CV/audio/speech/HTR interpretation or deterministic decision -> consistent maturity decision -> human feedback/record","8","Input arrives -> system identifies the relevant condition -> user sees an accountable next action in context.","8","6","YES","HIGH","REGULATED","M","MEDIUM","SURVIVE","Survives the adversary: a learned model is central to interpreting variable real-world unstructured input, while the product loop ends in a reviewable action.","False"
"P008","Align quality practices across farms","grower aggregators","6","issue advice compare records","Constrained capture guidance, classical CV/signal processing, templates, thresholds, and human review.","5","Known categories, structured records, deterministic constraints, and accountable workflow state.","Generalize robustly across unconstrained, variable, semantic input without extensive hand-coded rules or manual review.","Hybrid: model handles unstructured interpretation; deterministic workflow verifies, routes, and records the action.","CV/audio/speech/HTR","WITHOUT THE MODEL, robust semantic interpretation of variable real-world unstructured input would collapse into brittle templates, thresholds, or manual review.","4","AI-HELPFUL-BUT-NOT-NECESSARY","grower aggregators -> logs images specs -> CV/audio/speech/HTR interpretation or deterministic decision -> comparable quality record -> human feedback/record","8","Input arrives -> system identifies the relevant condition -> user sees an accountable next action in context.","8","6","YES","HIGH","REGULATED","M","MEDIUM","KILL","The core action depends on interpreting variable unstructured input that fixed rules cannot cover reliably. High-consequence setting requires human accountable review and safety validation.","False"
"P009","Receive and act on flood landslide warnings","remote communities","6","hear interpret evacuate","Rules, forms, database/search, checklists, audit logs, and where applicable CP-SAT/graph optimization/statistics/signal processing.","9","Known categories, structured records, deterministic constraints, and accountable workflow state.","Open-ended semantic/perceptual cases only; these are not central enough here to justify a model.","No learned model in core system; conventional software is recommended.","none","WITHOUT THE MODEL, the core need still works through deterministic rules, search, databases, statistics, graph algorithms, or CP-SAT.","2","NON-AI-BETTER","remote communities -> forecast maps contacts -> none interpretation or deterministic decision -> local warning action -> human feedback/record","5","No convincing model-dependent demo; show the classical workflow instead.","4","6","YES","LOW","NONE","H","HIGH","KILL","ALGORITHM_TRAP: classical systems directly solve the stated decision/workflow.","True"
"P010","Prepare evacuation tasks","commune teams","6","assemble needs routes weather","Rules, forms, database/search, checklists, audit logs, and where applicable CP-SAT/graph optimization/statistics/signal processing.","8","Known categories, structured records, deterministic constraints, and accountable workflow state.","Open-ended semantic/perceptual cases only; these are not central enough here to justify a model.","No learned model in core system; conventional software is recommended.","none","No learned capability is central; deterministic workflow software is sufficient.","3","NON-AI-BETTER","commune teams -> maps population lists updates -> none interpretation or deterministic decision -> prioritized task plan -> human feedback/record","5","No convincing model-dependent demo; show the classical workflow instead.","4","6","YES","LOW","NONE","H","HIGH","KILL","A strong classical workflow/optimization/rules system addresses the core need without a learned model.","False"
"P011","Operate under flood forecast","reservoir managers","6","combine gauges forecast rules","Rules, forms, database/search, checklists, audit logs, and where applicable CP-SAT/graph optimization/statistics/signal processing.","9","Known categories, structured records, deterministic constraints, and accountable workflow state.","Open-ended semantic/perceptual cases only; these are not central enough here to justify a model.","No learned model in core system; conventional software is recommended.","none","WITHOUT THE MODEL, the core need still works through deterministic rules, search, databases, statistics, graph algorithms, or CP-SAT.","2","NON-AI-BETTER","reservoir managers -> gauges rain constraints -> none interpretation or deterministic decision -> risk-informed operation -> human feedback/record","5","No convincing model-dependent demo; show the classical workflow instead.","4","6","YES","LOW","NONE","H","HIGH","KILL","ALGORITHM_TRAP: classical systems directly solve the stated decision/workflow.","True"
"P012","Monitor landslide risk","exposed households","6","watch slope and rain","Constrained capture guidance, classical CV/signal processing, templates, thresholds, and human review.","5","Known categories, structured records, deterministic constraints, and accountable workflow state.","Generalize robustly across unconstrained, variable, semantic input without extensive hand-coded rules or manual review.","Hybrid: model handles unstructured interpretation; deterministic workflow verifies, routes, and records the action.","CV/audio/speech/HTR","WITHOUT THE MODEL, robust semantic interpretation of variable real-world unstructured input would collapse into brittle templates, thresholds, or manual review.","8","AI-STRONGLY-JUSTIFIED","exposed households -> rain imagery reports -> CV/audio/speech/HTR interpretation or deterministic decision -> early risk flag -> human feedback/record","8","Input arrives -> system identifies the relevant condition -> user sees an accountable next action in context.","8","6","YES","MEDIUM","NONE","H","MEDIUM","SURVIVE","Survives the adversary: a learned model is central to interpreting variable real-world unstructured input, while the product loop ends in a reviewable action.","False"
"P013","Prioritize road safety treatments","local authorities","8","combine crash road traffic evidence","Constrained capture guidance, classical CV/signal processing, templates, thresholds, and human review.","5","Known categories, structured records, deterministic constraints, and accountable workflow state.","Generalize robustly across unconstrained, variable, semantic input without extensive hand-coded rules or manual review.","Hybrid: model handles unstructured interpretation; deterministic workflow verifies, routes, and records the action.","CV/audio/speech/HTR","WITHOUT THE MODEL, robust semantic interpretation of variable real-world unstructured input would collapse into brittle templates, thresholds, or manual review.","8","AI-NATIVE","local authorities -> reports imagery counts -> CV/audio/speech/HTR interpretation or deterministic decision -> prioritized locations -> human feedback/record","8","Input arrives -> system identifies the relevant condition -> user sees an accountable next action in context.","8","8","YES","MEDIUM","NONE","H","MEDIUM","BORDERLINE","A model can add meaningful semantic/perceptual interpretation, but non-AI baselines, safety constraints, product scope, or evaluation uncertainty remain material.","False"
"P014","Complete accessible urban trips","vulnerable riders","8","plan route and travel mixed traffic","Rules, forms, database/search, checklists, audit logs, and where applicable CP-SAT/graph optimization/statistics/signal processing.","9","Known categories, structured records, deterministic constraints, and accountable workflow state.","Open-ended semantic/perceptual cases only; these are not central enough here to justify a model.","No learned model in core system; conventional software is recommended.","none","WITHOUT THE MODEL, the core need still works through deterministic rules, search, databases, statistics, graph algorithms, or CP-SAT.","5","AI-HELPFUL-BUT-NOT-NECESSARY","vulnerable riders -> route crowding needs -> none interpretation or deterministic decision -> dependable accessible trip -> human feedback/record","6","No convincing model-dependent demo; show the classical workflow instead.","6","8","YES","LOW","NONE","H","HIGH","BORDERLINE","A model can add meaningful semantic/perceptual interpretation, but non-AI baselines, safety constraints, product scope, or evaluation uncertainty remain material.","True"
"P015","Identify unsafe corridor conditions","pedestrians motorcyclists","8","navigate crossings and lanes","Constrained capture guidance, classical CV/signal processing, templates, thresholds, and human review.","5","Known categories, structured records, deterministic constraints, and accountable workflow state.","Generalize robustly across unconstrained, variable, semantic input without extensive hand-coded rules or manual review.","Hybrid: model handles unstructured interpretation; deterministic workflow verifies, routes, and records the action.","CV/audio/speech/HTR","WITHOUT THE MODEL, robust semantic interpretation of variable real-world unstructured input would collapse into brittle templates, thresholds, or manual review.","8","AI-STRONGLY-JUSTIFIED","pedestrians motorcyclists -> street video maps flows -> CV/audio/speech/HTR interpretation or deterministic decision -> condition report -> human feedback/record","8","Input arrives -> system identifies the relevant condition -> user sees an accountable next action in context.","8","8","YES","MEDIUM","NONE","H","MEDIUM","SURVIVE","Survives the adversary: a learned model is central to interpreting variable real-world unstructured input, while the product loop ends in a reviewable action.","False"
"P016","Allocate road space","city planners","6","model competing mode demand","Rules, forms, database/search, checklists, audit logs, and where applicable CP-SAT/graph optimization/statistics/signal processing.","8","Known categories, structured records, deterministic constraints, and accountable workflow state.","Open-ended semantic/perceptual cases only; these are not central enough here to justify a model.","No learned model in core system; conventional software is recommended.","none","No learned capability is central; deterministic workflow software is sufficient.","3","NON-AI-BETTER","city planners -> maps GPS counts -> none interpretation or deterministic decision -> scenario intervention -> human feedback/record","5","No convincing model-dependent demo; show the classical workflow instead.","4","6","YES","LOW","NONE","H","HIGH","KILL","A strong classical workflow/optimization/rules system addresses the core need without a learned model.","False"
"P017","Participate in ordinary lessons","disabled students teachers","8","adapt lesson and support learner","Rules, forms, database/search, checklists, audit logs, and where applicable CP-SAT/graph optimization/statistics/signal processing.","8","Known categories, structured records, deterministic constraints, and accountable workflow state.","Open-ended semantic/perceptual cases only; these are not central enough here to justify a model.","No learned model in core system; conventional software is recommended.","none","No learned capability is central; deterministic workflow software is sufficient.","5","AI-HELPFUL-BUT-NOT-NECESSARY","disabled students teachers -> materials responses needs -> none interpretation or deterministic decision -> usable accommodation -> human feedback/record","6","No convincing model-dependent demo; show the classical workflow instead.","6","8","YES","LOW","HUMAN-IN-LOOP","H","HIGH","BORDERLINE","A model can add meaningful semantic/perceptual interpretation, but non-AI baselines, safety constraints, product scope, or evaluation uncertainty remain material.","False"
"P018","Access signed public information","deaf users","8","interpret speech text video","Constrained capture guidance, classical CV/signal processing, templates, thresholds, and human review.","5","Known categories, structured records, deterministic constraints, and accountable workflow state.","Generalize robustly across unconstrained, variable, semantic input without extensive hand-coded rules or manual review.","Hybrid: model handles unstructured interpretation; deterministic workflow verifies, routes, and records the action.","CV/audio/speech/HTR","WITHOUT THE MODEL, robust semantic interpretation of variable real-world unstructured input would collapse into brittle templates, thresholds, or manual review.","9","AI-NATIVE","deaf users -> audio video text signing -> CV/audio/speech/HTR interpretation or deterministic decision -> understandable visual equivalent -> human feedback/record","8","Input arrives -> system identifies the relevant condition -> user sees an accountable next action in context.","8","8","YES","MEDIUM","HUMAN-IN-LOOP","H","MEDIUM","SURVIVE","Survives the adversary: a learned model is central to interpreting variable real-world unstructured input, while the product loop ends in a reviewable action.","False"
"P019","Use digital materials and services","visually impaired users","8","navigate scans sites apps","Rules, forms, database/search, checklists, audit logs, and where applicable CP-SAT/graph optimization/statistics/signal processing.","5","Known categories, structured records, deterministic constraints, and accountable workflow state.","Open-ended semantic/perceptual cases only; these are not central enough here to justify a model.","No learned model in core system; conventional software is recommended.","none","No learned capability is central; deterministic workflow software is sufficient.","8","AI-STRONGLY-JUSTIFIED","visually impaired users -> pages scans screens -> none interpretation or deterministic decision -> navigable accessible version -> human feedback/record","8","No convincing model-dependent demo; show the classical workflow instead.","8","8","YES","LOW","HUMAN-IN-LOOP","H","MEDIUM","SURVIVE","Survives the adversary: a learned model is central to interpreting variable real-world unstructured input, while the product loop ends in a reviewable action.","False"
"P020","Verify route and venue access","wheelchair users","8","check location before trip","Constrained capture guidance, classical CV/signal processing, templates, thresholds, and human review.","5","Known categories, structured records, deterministic constraints, and accountable workflow state.","Generalize robustly across unconstrained, variable, semantic input without extensive hand-coded rules or manual review.","Hybrid: model handles unstructured interpretation; deterministic workflow verifies, routes, and records the action.","CV/audio/speech/HTR","WITHOUT THE MODEL, robust semantic interpretation of variable real-world unstructured input would collapse into brittle templates, thresholds, or manual review.","8","AI-NATIVE","wheelchair users -> photos map reports -> CV/audio/speech/HTR interpretation or deterministic decision -> access condition route -> human feedback/record","8","Input arrives -> system identifies the relevant condition -> user sees an accountable next action in context.","8","8","YES","MEDIUM","HUMAN-IN-LOOP","H","MEDIUM","BORDERLINE","A model can add meaningful semantic/perceptual interpretation, but non-AI baselines, safety constraints, product scope, or evaluation uncertainty remain material.","False"
"P021","Access mainstream school environment","disabled secondary students","8","move learn communicate","Constrained capture guidance, classical CV/signal processing, templates, thresholds, and human review.","5","Known categories, structured records, deterministic constraints, and accountable workflow state.","Generalize robustly across unconstrained, variable, semantic input without extensive hand-coded rules or manual review.","Hybrid: model handles unstructured interpretation; deterministic workflow verifies, routes, and records the action.","CV/audio/speech/HTR","WITHOUT THE MODEL, robust semantic interpretation of variable real-world unstructured input would collapse into brittle templates, thresholds, or manual review.","4","AI-HELPFUL-BUT-NOT-NECESSARY","disabled secondary students -> documents audio layouts -> CV/audio/speech/HTR interpretation or deterministic decision -> accommodation plan -> human feedback/record","8","Input arrives -> system identifies the relevant condition -> user sees an accountable next action in context.","8","8","YES","MEDIUM","HUMAN-IN-LOOP","H","MEDIUM","KILL","The core action depends on interpreting variable unstructured input that fixed rules cannot cover reliably.","False"
"P022","Find accessible suitable work","disabled job seekers","8","read role communicate needs","Constrained capture guidance, classical CV/signal processing, templates, thresholds, and human review.","5","Known categories, structured records, deterministic constraints, and accountable workflow state.","Generalize robustly across unconstrained, variable, semantic input without extensive hand-coded rules or manual review.","Hybrid: model handles unstructured interpretation; deterministic workflow verifies, routes, and records the action.","CV/audio/speech/HTR","WITHOUT THE MODEL, robust semantic interpretation of variable real-world unstructured input would collapse into brittle templates, thresholds, or manual review.","4","AI-HELPFUL-BUT-NOT-NECESSARY","disabled job seekers -> job text needs photos -> CV/audio/speech/HTR interpretation or deterministic decision -> fit and accommodation facts -> human feedback/record","8","Input arrives -> system identifies the relevant condition -> user sees an accountable next action in context.","8","8","YES","MEDIUM","NONE","H","MEDIUM","KILL","The core action depends on interpreting variable unstructured input that fixed rules cannot cover reliably.","False"
"P023","Recognize and report task hazards","young workers","8","briefing work incident report","Constrained capture guidance, classical CV/signal processing, templates, thresholds, and human review.","5","Known categories, structured records, deterministic constraints, and accountable workflow state.","Generalize robustly across unconstrained, variable, semantic input without extensive hand-coded rules or manual review.","Hybrid: model handles unstructured interpretation; deterministic workflow verifies, routes, and records the action.","CV/audio/speech/HTR","WITHOUT THE MODEL, robust semantic interpretation of variable real-world unstructured input would collapse into brittle templates, thresholds, or manual review.","8","AI-STRONGLY-JUSTIFIED","young workers -> images task narrative -> CV/audio/speech/HTR interpretation or deterministic decision -> hazard prevention guidance -> human feedback/record","8","Input arrives -> system identifies the relevant condition -> user sees an accountable next action in context.","8","8","YES","MEDIUM","NONE","H","MEDIUM","SURVIVE","Survives the adversary: a learned model is central to interpreting variable real-world unstructured input, while the product loop ends in a reviewable action.","False"
"P024","Consolidate occupational injuries","local officials","8","merge reports and classify","Rules, forms, database/search, checklists, audit logs, and where applicable CP-SAT/graph optimization/statistics/signal processing.","8","Known categories, structured records, deterministic constraints, and accountable workflow state.","Open-ended semantic/perceptual cases only; these are not central enough here to justify a model.","No learned model in core system; conventional software is recommended.","none","No learned capability is central; deterministic workflow software is sufficient.","3","NON-AI-BETTER","local officials -> notes forms job data -> none interpretation or deterministic decision -> standard record trend -> human feedback/record","5","No convincing model-dependent demo; show the classical workflow instead.","4","8","YES","LOW","NONE","H","HIGH","KILL","A strong classical workflow/optimization/rules system addresses the core need without a learned model.","False"
"P025","Connect work exposure to follow-up","informal workers clinicians","6","elicit job history and refer","Rules, forms, database/search, checklists, audit logs, and where applicable CP-SAT/graph optimization/statistics/signal processing.","8","Known categories, structured records, deterministic constraints, and accountable workflow state.","Open-ended semantic/perceptual cases only; these are not central enough here to justify a model.","No learned model in core system; conventional software is recommended.","none","No learned capability is central; deterministic workflow software is sufficient.","5","AI-HELPFUL-BUT-NOT-NECESSARY","informal workers clinicians -> narrative task history -> none interpretation or deterministic decision -> review flag not diagnosis -> human feedback/record","6","No convincing model-dependent demo; show the classical workflow instead.","6","6","YES","LOW","NONE","H","HIGH","BORDERLINE","A model can add meaningful semantic/perceptual interpretation, but non-AI baselines, safety constraints, product scope, or evaluation uncertainty remain material.","False"
"P026","Document hazards and incidents","craft-village managers","8","inspect record patterns","Constrained capture guidance, classical CV/signal processing, templates, thresholds, and human review.","5","Known categories, structured records, deterministic constraints, and accountable workflow state.","Generalize robustly across unconstrained, variable, semantic input without extensive hand-coded rules or manual review.","Hybrid: model handles unstructured interpretation; deterministic workflow verifies, routes, and records the action.","CV/audio/speech/HTR","WITHOUT THE MODEL, robust semantic interpretation of variable real-world unstructured input would collapse into brittle templates, thresholds, or manual review.","4","AI-HELPFUL-BUT-NOT-NECESSARY","craft-village managers -> photos narratives tasks -> CV/audio/speech/HTR interpretation or deterministic decision -> comparable report -> human feedback/record","8","Input arrives -> system identifies the relevant condition -> user sees an accountable next action in context.","8","8","YES","MEDIUM","NONE","H","MEDIUM","KILL","The core action depends on interpreting variable unstructured input that fixed rules cannot cover reliably.","False"
"P027","Find viable work around care constraints","informal women workers","6","match skills time jobs","Rules, forms, database/search, checklists, audit logs, and where applicable CP-SAT/graph optimization/statistics/signal processing.","9","Known categories, structured records, deterministic constraints, and accountable workflow state.","Open-ended semantic/perceptual cases only; these are not central enough here to justify a model.","No learned model in core system; conventional software is recommended.","none","WITHOUT THE MODEL, the core need still works through deterministic rules, search, databases, statistics, graph algorithms, or CP-SAT.","2","NON-AI-BETTER","informal women workers -> skills schedules jobs -> none interpretation or deterministic decision -> realistic pathway -> human feedback/record","5","No convincing model-dependent demo; show the classical workflow instead.","4","6","YES","LOW","HUMAN-IN-LOOP","H","HIGH","KILL","ALGORITHM_TRAP: classical systems directly solve the stated decision/workflow.","True"
"P028","Separate mixed waste","households managers","6","identify item and collection rule","Constrained capture guidance, classical CV/signal processing, templates, thresholds, and human review.","5","Known categories, structured records, deterministic constraints, and accountable workflow state.","Generalize robustly across unconstrained, variable, semantic input without extensive hand-coded rules or manual review.","Hybrid: model handles unstructured interpretation; deterministic workflow verifies, routes, and records the action.","CV/audio/speech/HTR","WITHOUT THE MODEL, robust semantic interpretation of variable real-world unstructured input would collapse into brittle templates, thresholds, or manual review.","8","AI-STRONGLY-JUSTIFIED","households managers -> item photos labels rules -> CV/audio/speech/HTR interpretation or deterministic decision -> correct sorting instruction -> human feedback/record","8","Input arrives -> system identifies the relevant condition -> user sees an accountable next action in context.","8","6","YES","MEDIUM","NONE","M","MEDIUM","SURVIVE","Survives the adversary: a learned model is central to interpreting variable real-world unstructured input, while the product loop ends in a reviewable action.","False"
"P029","Plan safe efficient collection","informal collectors","6","collect transport load","Rules, forms, database/search, checklists, audit logs, and where applicable CP-SAT/graph optimization/statistics/signal processing.","9","Known categories, structured records, deterministic constraints, and accountable workflow state.","Open-ended semantic/perceptual cases only; these are not central enough here to justify a model.","No learned model in core system; conventional software is recommended.","none","WITHOUT THE MODEL, the core need still works through deterministic rules, search, databases, statistics, graph algorithms, or CP-SAT.","2","NON-AI-BETTER","informal collectors -> route load records -> none interpretation or deterministic decision -> safer collection plan -> human feedback/record","5","No convincing model-dependent demo; show the classical workflow instead.","4","6","YES","LOW","NONE","M","HIGH","KILL","ALGORITHM_TRAP: classical systems directly solve the stated decision/workflow.","True"
"P030","Grade recyclable materials","scrap collectors","6","inspect sort price","Constrained capture guidance, classical CV/signal processing, templates, thresholds, and human review.","5","Known categories, structured records, deterministic constraints, and accountable workflow state.","Generalize robustly across unconstrained, variable, semantic input without extensive hand-coded rules or manual review.","Hybrid: model handles unstructured interpretation; deterministic workflow verifies, routes, and records the action.","CV/audio/speech/HTR","WITHOUT THE MODEL, robust semantic interpretation of variable real-world unstructured input would collapse into brittle templates, thresholds, or manual review.","8","AI-STRONGLY-JUSTIFIED","scrap collectors -> surface photos weights -> CV/audio/speech/HTR interpretation or deterministic decision -> grade record -> human feedback/record","8","Input arrives -> system identifies the relevant condition -> user sees an accountable next action in context.","8","6","YES","MEDIUM","NONE","M","MEDIUM","SURVIVE","Survives the adversary: a learned model is central to interpreting variable real-world unstructured input, while the product loop ends in a reviewable action.","False"
"P031","Handle devices safely","informal recyclers","6","dismantle and dispose","Rules, forms, database/search, checklists, audit logs, and where applicable CP-SAT/graph optimization/statistics/signal processing.","8","Known categories, structured records, deterministic constraints, and accountable workflow state.","Open-ended semantic/perceptual cases only; these are not central enough here to justify a model.","No learned model in core system; conventional software is recommended.","none","No learned capability is central; deterministic workflow software is sufficient.","3","NON-AI-BETTER","informal recyclers -> device type process log -> none interpretation or deterministic decision -> hazard handling flag -> human feedback/record","5","No convincing model-dependent demo; show the classical workflow instead.","4","6","YES","LOW","NONE","M","HIGH","KILL","A strong classical workflow/optimization/rules system addresses the core need without a learned model.","False"
"P032","Check catch compliance","crab fishers buyers","6","inspect size sex season","Constrained capture guidance, classical CV/signal processing, templates, thresholds, and human review.","5","Known categories, structured records, deterministic constraints, and accountable workflow state.","Generalize robustly across unconstrained, variable, semantic input without extensive hand-coded rules or manual review.","Hybrid: model handles unstructured interpretation; deterministic workflow verifies, routes, and records the action.","CV/audio/speech/HTR","WITHOUT THE MODEL, robust semantic interpretation of variable real-world unstructured input would collapse into brittle templates, thresholds, or manual review.","8","AI-NATIVE","crab fishers buyers -> photo measurement date -> CV/audio/speech/HTR interpretation or deterministic decision -> compliant record -> human feedback/record","8","Input arrives -> system identifies the relevant condition -> user sees an accountable next action in context.","8","6","YES","MEDIUM","NONE","M","MEDIUM","BORDERLINE","A model can add meaningful semantic/perceptual interpretation, but non-AI baselines, safety constraints, product scope, or evaluation uncertainty remain material.","False"
"P033","Prove seafood origin","fishers processors","6","link landing batches handoffs","Constrained capture guidance, classical CV/signal processing, templates, thresholds, and human review.","5","Known categories, structured records, deterministic constraints, and accountable workflow state.","Generalize robustly across unconstrained, variable, semantic input without extensive hand-coded rules or manual review.","Hybrid: model handles unstructured interpretation; deterministic workflow verifies, routes, and records the action.","CV/audio/speech/HTR","WITHOUT THE MODEL, robust semantic interpretation of variable real-world unstructured input would collapse into brittle templates, thresholds, or manual review.","4","AI-HELPFUL-BUT-NOT-NECESSARY","fishers processors -> logs batch photos -> CV/audio/speech/HTR interpretation or deterministic decision -> traceability trail -> human feedback/record","8","Input arrives -> system identifies the relevant condition -> user sees an accountable next action in context.","8","6","YES","MEDIUM","NONE","M","MEDIUM","KILL","The core action depends on interpreting variable unstructured input that fixed rules cannot cover reliably.","False"
"P034","Enforce fishery rules","managers fishers","6","inspect catch gear time place","Constrained capture guidance, classical CV/signal processing, templates, thresholds, and human review.","5","Known categories, structured records, deterministic constraints, and accountable workflow state.","Generalize robustly across unconstrained, variable, semantic input without extensive hand-coded rules or manual review.","Hybrid: model handles unstructured interpretation; deterministic workflow verifies, routes, and records the action.","CV/audio/speech/HTR","WITHOUT THE MODEL, robust semantic interpretation of variable real-world unstructured input would collapse into brittle templates, thresholds, or manual review.","8","AI-NATIVE","managers fishers -> images logs location -> CV/audio/speech/HTR interpretation or deterministic decision -> violation flag for review -> human feedback/record","8","Input arrives -> system identifies the relevant condition -> user sees an accountable next action in context.","8","6","YES","MEDIUM","NONE","M","MEDIUM","BORDERLINE","A model can add meaningful semantic/perceptual interpretation, but non-AI baselines, safety constraints, product scope, or evaluation uncertainty remain material.","False"
"P035","Plan accessible visits","disabled travellers","8","check venue transport heritage","Constrained capture guidance, classical CV/signal processing, templates, thresholds, and human review.","5","Known categories, structured records, deterministic constraints, and accountable workflow state.","Generalize robustly across unconstrained, variable, semantic input without extensive hand-coded rules or manual review.","Hybrid: model handles unstructured interpretation; deterministic workflow verifies, routes, and records the action.","CV/audio/speech/HTR","WITHOUT THE MODEL, robust semantic interpretation of variable real-world unstructured input would collapse into brittle templates, thresholds, or manual review.","4","AI-HELPFUL-BUT-NOT-NECESSARY","disabled travellers -> photos reviews maps -> CV/audio/speech/HTR interpretation or deterministic decision -> verified profile -> human feedback/record","8","Input arrives -> system identifies the relevant condition -> user sees an accountable next action in context.","8","8","YES","MEDIUM","NONE","M","MEDIUM","KILL","The core action depends on interpreting variable unstructured input that fixed rules cannot cover reliably.","False"
"P036","Serve disabled visitors","frontline staff","6","read booking and site conditions","Rules, forms, database/search, checklists, audit logs, and where applicable CP-SAT/graph optimization/statistics/signal processing.","8","Known categories, structured records, deterministic constraints, and accountable workflow state.","Open-ended semantic/perceptual cases only; these are not central enough here to justify a model.","No learned model in core system; conventional software is recommended.","none","No learned capability is central; deterministic workflow software is sufficient.","3","NON-AI-BETTER","frontline staff -> requests site details -> none interpretation or deterministic decision -> accommodation checklist -> human feedback/record","5","No convincing model-dependent demo; show the classical workflow instead.","4","6","YES","LOW","NONE","M","HIGH","KILL","A strong classical workflow/optimization/rules system addresses the core need without a learned model.","False"
"P037","Reach evacuation support","isolated residents","6","match warnings to needs","Rules, forms, database/search, checklists, audit logs, and where applicable CP-SAT/graph optimization/statistics/signal processing.","8","Known categories, structured records, deterministic constraints, and accountable workflow state.","Open-ended semantic/perceptual cases only; these are not central enough here to justify a model.","No learned model in core system; conventional software is recommended.","none","No learned capability is central; deterministic workflow software is sufficient.","3","NON-AI-BETTER","isolated residents -> location needs road status -> none interpretation or deterministic decision -> reachable-person priority list -> human feedback/record","5","No convincing model-dependent demo; show the classical workflow instead.","4","6","YES","LOW","NONE","H","HIGH","KILL","A strong classical workflow/optimization/rules system addresses the core need without a learned model.","False"
"P038","Relocate people and belongings early","community teams","6","match water assets resources","Rules, forms, database/search, checklists, audit logs, and where applicable CP-SAT/graph optimization/statistics/signal processing.","8","Known categories, structured records, deterministic constraints, and accountable workflow state.","Open-ended semantic/perceptual cases only; these are not central enough here to justify a model.","No learned model in core system; conventional software is recommended.","none","No learned capability is central; deterministic workflow software is sufficient.","3","NON-AI-BETTER","community teams -> weather water assets -> none interpretation or deterministic decision -> prestorm resource plan -> human feedback/record","5","No convincing model-dependent demo; show the classical workflow instead.","4","6","YES","LOW","NONE","M","HIGH","KILL","A strong classical workflow/optimization/rules system addresses the core need without a learned model.","False"
"P039","Interpret warning as action","rural residents","6","read forecast map and decide","Rules, forms, database/search, checklists, audit logs, and where applicable CP-SAT/graph optimization/statistics/signal processing.","9","Known categories, structured records, deterministic constraints, and accountable workflow state.","Open-ended semantic/perceptual cases only; these are not central enough here to justify a model.","No learned model in core system; conventional software is recommended.","none","WITHOUT THE MODEL, the core need still works through deterministic rules, search, databases, statistics, graph algorithms, or CP-SAT.","2","NON-AI-BETTER","rural residents -> warning maps landmarks -> none interpretation or deterministic decision -> plain local instruction -> human feedback/record","5","No convincing model-dependent demo; show the classical workflow instead.","4","6","YES","LOW","NONE","M","HIGH","KILL","ALGORITHM_TRAP: classical systems directly solve the stated decision/workflow.","True"
"P040","Maintain connected farm data","farmers offices","6","compile field forms records","Rules, forms, database/search, checklists, audit logs, and where applicable CP-SAT/graph optimization/statistics/signal processing.","8","Known categories, structured records, deterministic constraints, and accountable workflow state.","Open-ended semantic/perceptual cases only; these are not central enough here to justify a model.","No learned model in core system; conventional software is recommended.","none","No learned capability is central; deterministic workflow software is sufficient.","3","NON-AI-BETTER","farmers offices -> forms maps readings -> none interpretation or deterministic decision -> linked farm record -> human feedback/record","5","No convincing model-dependent demo; show the classical workflow instead.","4","6","YES","LOW","NONE","H","HIGH","KILL","A strong classical workflow/optimization/rules system addresses the core need without a learned model.","False"
"P041","Re-enter patient program data","facility staff","6","enter same data across tools","Rules, forms, database/search, checklists, audit logs, and where applicable CP-SAT/graph optimization/statistics/signal processing.","8","Known categories, structured records, deterministic constraints, and accountable workflow state.","Open-ended semantic/perceptual cases only; these are not central enough here to justify a model.","No learned model in core system; conventional software is recommended.","none","No learned capability is central; deterministic workflow software is sufficient.","3","NON-AI-BETTER","facility staff -> forms records -> none interpretation or deterministic decision -> one consistent record -> human feedback/record","5","No convincing model-dependent demo; show the classical workflow instead.","4","6","YES","LOW","NONE","H","HIGH","KILL","A strong classical workflow/optimization/rules system addresses the core need without a learned model.","False"
"P042","Aggregate recurring reports","frontline workers","6","compile facility forms","Rules, forms, database/search, checklists, audit logs, and where applicable CP-SAT/graph optimization/statistics/signal processing.","8","Known categories, structured records, deterministic constraints, and accountable workflow state.","Open-ended semantic/perceptual cases only; these are not central enough here to justify a model.","No learned model in core system; conventional software is recommended.","none","No learned capability is central; deterministic workflow software is sufficient.","3","NON-AI-BETTER","frontline workers -> facility forms -> none interpretation or deterministic decision -> ready report -> human feedback/record","5","No convincing model-dependent demo; show the classical workflow instead.","4","6","YES","LOW","NONE","H","HIGH","KILL","A strong classical workflow/optimization/rules system addresses the core need without a learned model.","False"
"P043","Record patient data consistently","health workers","6","collect individual information","Rules, forms, database/search, checklists, audit logs, and where applicable CP-SAT/graph optimization/statistics/signal processing.","9","Known categories, structured records, deterministic constraints, and accountable workflow state.","Open-ended semantic/perceptual cases only; these are not central enough here to justify a model.","No learned model in core system; conventional software is recommended.","none","WITHOUT THE MODEL, the core need still works through deterministic rules, search, databases, statistics, graph algorithms, or CP-SAT.","2","NON-AI-BETTER","health workers -> forms computers -> none interpretation or deterministic decision -> complete record -> human feedback/record","5","No convincing model-dependent demo; show the classical workflow instead.","4","6","YES","LOW","NONE","H","HIGH","KILL","ALGORITHM_TRAP: classical systems directly solve the stated decision/workflow.","True"
"P044","Trust routine data","facility managers","6","check submitted reports","Rules, forms, database/search, checklists, audit logs, and where applicable CP-SAT/graph optimization/statistics/signal processing.","8","Known categories, structured records, deterministic constraints, and accountable workflow state.","Open-ended semantic/perceptual cases only; these are not central enough here to justify a model.","No learned model in core system; conventional software is recommended.","none","No learned capability is central; deterministic workflow software is sufficient.","3","NON-AI-BETTER","facility managers -> routine data -> none interpretation or deterministic decision -> DQA action -> human feedback/record","5","No convincing model-dependent demo; show the classical workflow instead.","4","6","YES","LOW","NONE","H","HIGH","KILL","A strong classical workflow/optimization/rules system addresses the core need without a learned model.","False"
"P045","Avoid fragmented digital tools","health services","6","adopt vertical applications","Rules, forms, database/search, checklists, audit logs, and where applicable CP-SAT/graph optimization/statistics/signal processing.","8","Known categories, structured records, deterministic constraints, and accountable workflow state.","Open-ended semantic/perceptual cases only; these are not central enough here to justify a model.","No learned model in core system; conventional software is recommended.","none","No learned capability is central; deterministic workflow software is sufficient.","3","NON-AI-BETTER","health services -> tool outputs -> none interpretation or deterministic decision -> integrated workflow -> human feedback/record","5","No convincing model-dependent demo; show the classical workflow instead.","4","6","YES","LOW","NONE","H","HIGH","KILL","A strong classical workflow/optimization/rules system addresses the core need without a learned model.","False"
"P046","Find visible deterioration","technicians","6","walk down equipment","Constrained capture guidance, classical CV/signal processing, templates, thresholds, and human review.","5","Known categories, structured records, deterministic constraints, and accountable workflow state.","Generalize robustly across unconstrained, variable, semantic input without extensive hand-coded rules or manual review.","Hybrid: model handles unstructured interpretation; deterministic workflow verifies, routes, and records the action.","CV/audio/speech/HTR","WITHOUT THE MODEL, robust semantic interpretation of variable real-world unstructured input would collapse into brittle templates, thresholds, or manual review.","8","AI-STRONGLY-JUSTIFIED","technicians -> visual observations -> CV/audio/speech/HTR interpretation or deterministic decision -> defect finding -> human feedback/record","8","Input arrives -> system identifies the relevant condition -> user sees an accountable next action in context.","8","6","YES","MEDIUM","NONE","M","MEDIUM","SURVIVE","Survives the adversary: a learned model is central to interpreting variable real-world unstructured input, while the product loop ends in a reviewable action.","False"
"P047","Turn finding into repair","maintenance teams","6","inspect then create order","Rules, forms, database/search, checklists, audit logs, and where applicable CP-SAT/graph optimization/statistics/signal processing.","8","Known categories, structured records, deterministic constraints, and accountable workflow state.","Open-ended semantic/perceptual cases only; these are not central enough here to justify a model.","No learned model in core system; conventional software is recommended.","none","No learned capability is central; deterministic workflow software is sufficient.","3","NON-AI-BETTER","maintenance teams -> inspection notes -> none interpretation or deterministic decision -> corrective work order -> human feedback/record","5","No convincing model-dependent demo; show the classical workflow instead.","4","6","YES","LOW","NONE","M","HIGH","KILL","A strong classical workflow/optimization/rules system addresses the core need without a learned model.","False"
"P048","See conditions sensors miss","technicians","7","inspect mounts covers couplings","Constrained capture guidance, classical CV/signal processing, templates, thresholds, and human review.","5","Known categories, structured records, deterministic constraints, and accountable workflow state.","Generalize robustly across unconstrained, variable, semantic input without extensive hand-coded rules or manual review.","Hybrid: model handles unstructured interpretation; deterministic workflow verifies, routes, and records the action.","CV/audio/speech/HTR","WITHOUT THE MODEL, robust semantic interpretation of variable real-world unstructured input would collapse into brittle templates, thresholds, or manual review.","9","AI-NATIVE","technicians -> photos observations -> CV/audio/speech/HTR interpretation or deterministic decision -> visible condition finding -> human feedback/record","8","Input arrives -> system identifies the relevant condition -> user sees an accountable next action in context.","8","6","YES","MEDIUM","NONE","M","MEDIUM","SURVIVE","Survives the adversary: a learned model is central to interpreting variable real-world unstructured input, while the product loop ends in a reviewable action.","False"
"P049","Separate observations from tasks","reliability teams","6","record inspection and repair together","Rules, forms, database/search, checklists, audit logs, and where applicable CP-SAT/graph optimization/statistics/signal processing.","9","Known categories, structured records, deterministic constraints, and accountable workflow state.","Open-ended semantic/perceptual cases only; these are not central enough here to justify a model.","No learned model in core system; conventional software is recommended.","none","WITHOUT THE MODEL, the core need still works through deterministic rules, search, databases, statistics, graph algorithms, or CP-SAT.","2","NON-AI-BETTER","reliability teams -> notes tasks -> none interpretation or deterministic decision -> distinct finding record -> human feedback/record","5","No convincing model-dependent demo; show the classical workflow instead.","4","6","YES","LOW","NONE","M","HIGH","KILL","ALGORITHM_TRAP: classical systems directly solve the stated decision/workflow.","True"
"P050","Inspect product stages","quality inspectors","7","inspect materials WIP finished goods","Constrained capture guidance, classical CV/signal processing, templates, thresholds, and human review.","5","Known categories, structured records, deterministic constraints, and accountable workflow state.","Generalize robustly across unconstrained, variable, semantic input without extensive hand-coded rules or manual review.","Hybrid: model handles unstructured interpretation; deterministic workflow verifies, routes, and records the action.","CV/audio/speech/HTR","WITHOUT THE MODEL, robust semantic interpretation of variable real-world unstructured input would collapse into brittle templates, thresholds, or manual review.","8","AI-STRONGLY-JUSTIFIED","quality inspectors -> product images -> CV/audio/speech/HTR interpretation or deterministic decision -> inspection result -> human feedback/record","8","Input arrives -> system identifies the relevant condition -> user sees an accountable next action in context.","8","6","YES","MEDIUM","NONE","M","MEDIUM","SURVIVE","Survives the adversary: a learned model is central to interpreting variable real-world unstructured input, while the product loop ends in a reviewable action.","False"
"P051","Apply consistent defect judgment","quality inspectors","7","visually assess defects","Constrained capture guidance, classical CV/signal processing, templates, thresholds, and human review.","5","Known categories, structured records, deterministic constraints, and accountable workflow state.","Generalize robustly across unconstrained, variable, semantic input without extensive hand-coded rules or manual review.","Hybrid: model handles unstructured interpretation; deterministic workflow verifies, routes, and records the action.","CV/audio/speech/HTR","WITHOUT THE MODEL, robust semantic interpretation of variable real-world unstructured input would collapse into brittle templates, thresholds, or manual review.","9","AI-NATIVE","quality inspectors -> visual samples -> CV/audio/speech/HTR interpretation or deterministic decision -> consistent assessment -> human feedback/record","8","Input arrives -> system identifies the relevant condition -> user sees an accountable next action in context.","8","6","YES","MEDIUM","NONE","M","MEDIUM","SURVIVE","Survives the adversary: a learned model is central to interpreting variable real-world unstructured input, while the product loop ends in a reviewable action.","False"
"P052","Avoid fatigue-based misses","quality teams","7","inspect repetitive products","Constrained capture guidance, classical CV/signal processing, templates, thresholds, and human review.","5","Known categories, structured records, deterministic constraints, and accountable workflow state.","Generalize robustly across unconstrained, variable, semantic input without extensive hand-coded rules or manual review.","Hybrid: model handles unstructured interpretation; deterministic workflow verifies, routes, and records the action.","CV/audio/speech/HTR","WITHOUT THE MODEL, robust semantic interpretation of variable real-world unstructured input would collapse into brittle templates, thresholds, or manual review.","8","AI-STRONGLY-JUSTIFIED","quality teams -> images video -> CV/audio/speech/HTR interpretation or deterministic decision -> review priority -> human feedback/record","8","Input arrives -> system identifies the relevant condition -> user sees an accountable next action in context.","8","6","YES","MEDIUM","NONE","M","MEDIUM","SURVIVE","Survives the adversary: a learned model is central to interpreting variable real-world unstructured input, while the product loop ends in a reviewable action.","False"
"P053","Compile inspection evidence","quality teams","6","collect photos actions reports","Constrained capture guidance, classical CV/signal processing, templates, thresholds, and human review.","5","Known categories, structured records, deterministic constraints, and accountable workflow state.","Generalize robustly across unconstrained, variable, semantic input without extensive hand-coded rules or manual review.","Hybrid: model handles unstructured interpretation; deterministic workflow verifies, routes, and records the action.","CV/audio/speech/HTR","WITHOUT THE MODEL, robust semantic interpretation of variable real-world unstructured input would collapse into brittle templates, thresholds, or manual review.","4","AI-HELPFUL-BUT-NOT-NECESSARY","quality teams -> photos tasks -> CV/audio/speech/HTR interpretation or deterministic decision -> complete report -> human feedback/record","8","Input arrives -> system identifies the relevant condition -> user sees an accountable next action in context.","8","6","YES","MEDIUM","NONE","M","MEDIUM","KILL","The core action depends on interpreting variable unstructured input that fixed rules cannot cover reliably.","False"
"P054","Coordinate small trucking contracts","ocean carriers","6","arrange many hauliers","Rules, forms, database/search, checklists, audit logs, and where applicable CP-SAT/graph optimization/statistics/signal processing.","9","Known categories, structured records, deterministic constraints, and accountable workflow state.","Open-ended semantic/perceptual cases only; these are not central enough here to justify a model.","No learned model in core system; conventional software is recommended.","none","WITHOUT THE MODEL, the core need still works through deterministic rules, search, databases, statistics, graph algorithms, or CP-SAT.","2","NON-AI-BETTER","ocean carriers -> contracts schedules -> none interpretation or deterministic decision -> transport plan -> human feedback/record","5","No convincing model-dependent demo; show the classical workflow instead.","4","6","YES","LOW","NONE","H","HIGH","KILL","ALGORITHM_TRAP: classical systems directly solve the stated decision/workflow.","True"
"P055","Monitor external transport","operators","6","arrange partner moves","Rules, forms, database/search, checklists, audit logs, and where applicable CP-SAT/graph optimization/statistics/signal processing.","8","Known categories, structured records, deterministic constraints, and accountable workflow state.","Open-ended semantic/perceptual cases only; these are not central enough here to justify a model.","No learned model in core system; conventional software is recommended.","none","No learned capability is central; deterministic workflow software is sufficient.","3","NON-AI-BETTER","operators -> partner status -> none interpretation or deterministic decision -> monitored shipment -> human feedback/record","5","No convincing model-dependent demo; show the classical workflow instead.","4","6","YES","LOW","NONE","H","HIGH","KILL","A strong classical workflow/optimization/rules system addresses the core need without a learned model.","False"
"P056","Complete customs procedures","freight firms","6","prepare submit documents","Rules, forms, database/search, checklists, audit logs, and where applicable CP-SAT/graph optimization/statistics/signal processing.","7","Known categories, structured records, deterministic constraints, and accountable workflow state.","Open-ended semantic/perceptual cases only; these are not central enough here to justify a model.","Hybrid: model handles unstructured interpretation; deterministic workflow verifies, routes, and records the action.","LLM/VLM/document model","WITHOUT THE MODEL, semantic triage or extraction would be slower and less flexible, but structured forms, retrieval, templates, and human review still solve the core need.","6","AI-HELPFUL-BUT-NOT-NECESSARY","freight firms -> documents regulations -> LLM/VLM/document model interpretation or deterministic decision -> correct submission -> human feedback/record","6","Input arrives -> system identifies the relevant condition -> user sees an accountable next action in context.","6","6","YES","LOW","NONE","H","HIGH","BORDERLINE","A model can add meaningful semantic/perceptual interpretation, but non-AI baselines, safety constraints, product scope, or evaluation uncertainty remain material.","False"
"P057","Coordinate curbside delivery","couriers receivers","6","find load unload space","Rules, forms, database/search, checklists, audit logs, and where applicable CP-SAT/graph optimization/statistics/signal processing.","8","Known categories, structured records, deterministic constraints, and accountable workflow state.","Open-ended semantic/perceptual cases only; these are not central enough here to justify a model.","No learned model in core system; conventional software is recommended.","none","No learned capability is central; deterministic workflow software is sufficient.","3","NON-AI-BETTER","couriers receivers -> location timing -> none interpretation or deterministic decision -> delivery handoff -> human feedback/record","5","No convincing model-dependent demo; show the classical workflow instead.","4","6","YES","LOW","NONE","H","HIGH","KILL","A strong classical workflow/optimization/rules system addresses the core need without a learned model.","False"
"P058","Plan restricted truck trip","urban operators","6","navigate congestion time rules","Rules, forms, database/search, checklists, audit logs, and where applicable CP-SAT/graph optimization/statistics/signal processing.","8","Known categories, structured records, deterministic constraints, and accountable workflow state.","Open-ended semantic/perceptual cases only; these are not central enough here to justify a model.","No learned model in core system; conventional software is recommended.","none","No learned capability is central; deterministic workflow software is sufficient.","3","NON-AI-BETTER","urban operators -> maps times rules -> none interpretation or deterministic decision -> feasible trip plan -> human feedback/record","5","No convincing model-dependent demo; show the classical workflow instead.","4","6","YES","LOW","NONE","H","HIGH","KILL","A strong classical workflow/optimization/rules system addresses the core need without a learned model.","False"
"P059","Pass paper clearance documents","port staff","6","queue stamps checks","Rules, forms, database/search, checklists, audit logs, and where applicable CP-SAT/graph optimization/statistics/signal processing.","7","Known categories, structured records, deterministic constraints, and accountable workflow state.","Open-ended semantic/perceptual cases only; these are not central enough here to justify a model.","Hybrid: model handles unstructured interpretation; deterministic workflow verifies, routes, and records the action.","LLM/VLM/document model","WITHOUT THE MODEL, semantic triage or extraction would be slower and less flexible, but structured forms, retrieval, templates, and human review still solve the core need.","6","AI-HELPFUL-BUT-NOT-NECESSARY","port staff -> documents bookings -> LLM/VLM/document model interpretation or deterministic decision -> completed clearance -> human feedback/record","6","Input arrives -> system identifies the relevant condition -> user sees an accountable next action in context.","5","6","YES","LOW","NONE","H","HIGH","KILL","Models may compress unstructured interpretation but a strong source-bound non-AI workflow remains plausible.","False"
"P060","Recover from disruption","small trucking firms","6","reroute support shipments","Rules, forms, database/search, checklists, audit logs, and where applicable CP-SAT/graph optimization/statistics/signal processing.","9","Known categories, structured records, deterministic constraints, and accountable workflow state.","Open-ended semantic/perceptual cases only; these are not central enough here to justify a model.","No learned model in core system; conventional software is recommended.","none","WITHOUT THE MODEL, the core need still works through deterministic rules, search, databases, statistics, graph algorithms, or CP-SAT.","2","NON-AI-BETTER","small trucking firms -> status capacity -> none interpretation or deterministic decision -> contingency action -> human feedback/record","5","No convincing model-dependent demo; show the classical workflow instead.","4","6","YES","LOW","NONE","H","HIGH","KILL","ALGORITHM_TRAP: classical systems directly solve the stated decision/workflow.","True"
"P061","Deliver fragmented drops","couriers retailers","6","repeated last-mile dispatch","Rules, forms, database/search, checklists, audit logs, and where applicable CP-SAT/graph optimization/statistics/signal processing.","8","Known categories, structured records, deterministic constraints, and accountable workflow state.","Open-ended semantic/perceptual cases only; these are not central enough here to justify a model.","No learned model in core system; conventional software is recommended.","none","No learned capability is central; deterministic workflow software is sufficient.","3","NON-AI-BETTER","couriers retailers -> orders routes -> none interpretation or deterministic decision -> delivered order -> human feedback/record","5","No convincing model-dependent demo; show the classical workflow instead.","4","6","YES","LOW","NONE","H","HIGH","KILL","A strong classical workflow/optimization/rules system addresses the core need without a learned model.","False"
"P062","Exchange cross-agency data","stakeholders","6","reenter information across parties","Rules, forms, database/search, checklists, audit logs, and where applicable CP-SAT/graph optimization/statistics/signal processing.","8","Known categories, structured records, deterministic constraints, and accountable workflow state.","Open-ended semantic/perceptual cases only; these are not central enough here to justify a model.","No learned model in core system; conventional software is recommended.","none","No learned capability is central; deterministic workflow software is sufficient.","3","NON-AI-BETTER","stakeholders -> customs port shipment data -> none interpretation or deterministic decision -> shared record -> human feedback/record","5","No convincing model-dependent demo; show the classical workflow instead.","4","6","YES","LOW","NONE","H","HIGH","KILL","A strong classical workflow/optimization/rules system addresses the core need without a learned model.","False"
"P063","Make efficiency case","firms","6","interpret consumption data","Rules, forms, database/search, checklists, audit logs, and where applicable CP-SAT/graph optimization/statistics/signal processing.","9","Known categories, structured records, deterministic constraints, and accountable workflow state.","Open-ended semantic/perceptual cases only; these are not central enough here to justify a model.","No learned model in core system; conventional software is recommended.","none","WITHOUT THE MODEL, the core need still works through deterministic rules, search, databases, statistics, graph algorithms, or CP-SAT.","2","NON-AI-BETTER","firms -> meter data costs -> none interpretation or deterministic decision -> actionable business case -> human feedback/record","5","No convincing model-dependent demo; show the classical workflow instead.","4","6","YES","LOW","NONE","H","HIGH","KILL","ALGORITHM_TRAP: classical systems directly solve the stated decision/workflow.","True"
"P064","Manage energy use","small firms","6","review consumption choose measures","Rules, forms, database/search, checklists, audit logs, and where applicable CP-SAT/graph optimization/statistics/signal processing.","9","Known categories, structured records, deterministic constraints, and accountable workflow state.","Open-ended semantic/perceptual cases only; these are not central enough here to justify a model.","No learned model in core system; conventional software is recommended.","none","WITHOUT THE MODEL, the core need still works through deterministic rules, search, databases, statistics, graph algorithms, or CP-SAT.","2","NON-AI-BETTER","small firms -> bills meters -> none interpretation or deterministic decision -> management action -> human feedback/record","5","No convincing model-dependent demo; show the classical workflow instead.","4","6","YES","LOW","NONE","H","HIGH","KILL","ALGORITHM_TRAP: classical systems directly solve the stated decision/workflow.","True"
"P065","Continuously manage energy","factories","6","monitor operational use","Rules, forms, database/search, checklists, audit logs, and where applicable CP-SAT/graph optimization/statistics/signal processing.","9","Known categories, structured records, deterministic constraints, and accountable workflow state.","Open-ended semantic/perceptual cases only; these are not central enough here to justify a model.","No learned model in core system; conventional software is recommended.","none","WITHOUT THE MODEL, the core need still works through deterministic rules, search, databases, statistics, graph algorithms, or CP-SAT.","5","AI-HELPFUL-BUT-NOT-NECESSARY","factories -> energy streams -> none interpretation or deterministic decision -> ongoing decision -> human feedback/record","6","No convincing model-dependent demo; show the classical workflow instead.","6","6","YES","LOW","NONE","H","HIGH","BORDERLINE","A model can add meaningful semantic/perceptual interpretation, but non-AI baselines, safety constraints, product scope, or evaluation uncertainty remain material.","True"
"P066","Stop unoccupied consumption","building managers","6","operate HVAC servers","Rules, forms, database/search, checklists, audit logs, and where applicable CP-SAT/graph optimization/statistics/signal processing.","9","Known categories, structured records, deterministic constraints, and accountable workflow state.","Open-ended semantic/perceptual cases only; these are not central enough here to justify a model.","No learned model in core system; conventional software is recommended.","none","WITHOUT THE MODEL, the core need still works through deterministic rules, search, databases, statistics, graph algorithms, or CP-SAT.","2","NON-AI-BETTER","building managers -> occupancy equipment use -> none interpretation or deterministic decision -> reduce unnecessary load -> human feedback/record","5","No convincing model-dependent demo; show the classical workflow instead.","4","6","YES","LOW","NONE","H","HIGH","KILL","ALGORITHM_TRAP: classical systems directly solve the stated decision/workflow.","True"
"P067","Interpret performance data","building managers","6","inspect operational streams","Rules, forms, database/search, checklists, audit logs, and where applicable CP-SAT/graph optimization/statistics/signal processing.","9","Known categories, structured records, deterministic constraints, and accountable workflow state.","Open-ended semantic/perceptual cases only; these are not central enough here to justify a model.","No learned model in core system; conventional software is recommended.","none","WITHOUT THE MODEL, the core need still works through deterministic rules, search, databases, statistics, graph algorithms, or CP-SAT.","5","AI-HELPFUL-BUT-NOT-NECESSARY","building managers -> performance data -> none interpretation or deterministic decision -> maintenance savings signal -> human feedback/record","6","No convincing model-dependent demo; show the classical workflow instead.","6","6","YES","LOW","NONE","H","HIGH","BORDERLINE","A model can add meaningful semantic/perceptual interpretation, but non-AI baselines, safety constraints, product scope, or evaluation uncertainty remain material.","True"
"P068","Sort transport recyclables","waste pickers","7","collect separate sell material","Rules, forms, database/search, checklists, audit logs, and where applicable CP-SAT/graph optimization/statistics/signal processing.","5","Known categories, structured records, deterministic constraints, and accountable workflow state.","Open-ended semantic/perceptual cases only; these are not central enough here to justify a model.","No learned model in core system; conventional software is recommended.","none","No learned capability is central; deterministic workflow software is sufficient.","8","AI-STRONGLY-JUSTIFIED","waste pickers -> material observations -> none interpretation or deterministic decision -> sorted handoff -> human feedback/record","8","No convincing model-dependent demo; show the classical workflow instead.","8","6","YES","LOW","NONE","H","MEDIUM","SURVIVE","Survives the adversary: a learned model is central to interpreting variable real-world unstructured input, while the product loop ends in a reviewable action.","False"
"P069","Gain recognition and protection","informal workers","6","participate in planning","Rules, forms, database/search, checklists, audit logs, and where applicable CP-SAT/graph optimization/statistics/signal processing.","8","Known categories, structured records, deterministic constraints, and accountable workflow state.","Open-ended semantic/perceptual cases only; these are not central enough here to justify a model.","No learned model in core system; conventional software is recommended.","none","No learned capability is central; deterministic workflow software is sufficient.","3","NON-AI-BETTER","informal workers -> work reports -> none interpretation or deterministic decision -> recognized support -> human feedback/record","5","No convincing model-dependent demo; show the classical workflow instead.","4","6","YES","LOW","NONE","H","HIGH","KILL","A strong classical workflow/optimization/rules system addresses the core need without a learned model.","False"
"P070","Recover materials safely","informal recyclers","6","dismantle devices","Rules, forms, database/search, checklists, audit logs, and where applicable CP-SAT/graph optimization/statistics/signal processing.","8","Known categories, structured records, deterministic constraints, and accountable workflow state.","Open-ended semantic/perceptual cases only; these are not central enough here to justify a model.","No learned model in core system; conventional software is recommended.","none","No learned capability is central; deterministic workflow software is sufficient.","5","AI-HELPFUL-BUT-NOT-NECESSARY","informal recyclers -> device waste stream -> none interpretation or deterministic decision -> safe escalation -> human feedback/record","6","No convincing model-dependent demo; show the classical workflow instead.","6","6","YES","LOW","NONE","H","HIGH","BORDERLINE","A model can add meaningful semantic/perceptual interpretation, but non-AI baselines, safety constraints, product scope, or evaluation uncertainty remain material.","False"
"P071","Measure food waste","retailers municipalities","6","combine purchasing inventory sales receipts","Rules, forms, database/search, checklists, audit logs, and where applicable CP-SAT/graph optimization/statistics/signal processing.","9","Known categories, structured records, deterministic constraints, and accountable workflow state.","Open-ended semantic/perceptual cases only; these are not central enough here to justify a model.","No learned model in core system; conventional software is recommended.","none","WITHOUT THE MODEL, the core need still works through deterministic rules, search, databases, statistics, graph algorithms, or CP-SAT.","2","NON-AI-BETTER","retailers municipalities -> records receipts -> none interpretation or deterministic decision -> waste measure -> human feedback/record","5","No convincing model-dependent demo; show the classical workflow instead.","4","6","YES","LOW","NONE","H","HIGH","KILL","ALGORITHM_TRAP: classical systems directly solve the stated decision/workflow.","True"
"P072","Manage collection sorting workforce","cities","6","coordinate service activities","Rules, forms, database/search, checklists, audit logs, and where applicable CP-SAT/graph optimization/statistics/signal processing.","8","Known categories, structured records, deterministic constraints, and accountable workflow state.","Open-ended semantic/perceptual cases only; these are not central enough here to justify a model.","No learned model in core system; conventional software is recommended.","none","No learned capability is central; deterministic workflow software is sufficient.","3","NON-AI-BETTER","cities -> collection sorting data -> none interpretation or deterministic decision -> operational view -> human feedback/record","5","No convincing model-dependent demo; show the classical workflow instead.","4","6","YES","LOW","NONE","H","HIGH","KILL","A strong classical workflow/optimization/rules system addresses the core need without a learned model.","False"
"P073","Coordinate long-term services","families","6","navigate health social housing referrals","Rules, forms, database/search, checklists, audit logs, and where applicable CP-SAT/graph optimization/statistics/signal processing.","8","Known categories, structured records, deterministic constraints, and accountable workflow state.","Open-ended semantic/perceptual cases only; these are not central enough here to justify a model.","No learned model in core system; conventional software is recommended.","none","No learned capability is central; deterministic workflow software is sufficient.","3","NON-AI-BETTER","families -> assessments needs -> none interpretation or deterministic decision -> coordinated next action -> human feedback/record","5","No convincing model-dependent demo; show the classical workflow instead.","4","6","YES","LOW","HUMAN-IN-LOOP","H","HIGH","KILL","A strong classical workflow/optimization/rules system addresses the core need without a learned model.","False"
"P074","Repeat assessments","family carers","6","provide same information across services","Rules, forms, database/search, checklists, audit logs, and where applicable CP-SAT/graph optimization/statistics/signal processing.","8","Known categories, structured records, deterministic constraints, and accountable workflow state.","Open-ended semantic/perceptual cases only; these are not central enough here to justify a model.","No learned model in core system; conventional software is recommended.","none","No learned capability is central; deterministic workflow software is sufficient.","3","NON-AI-BETTER","family carers -> assessments -> none interpretation or deterministic decision -> portable assessment -> human feedback/record","5","No convincing model-dependent demo; show the classical workflow instead.","4","6","YES","LOW","HUMAN-IN-LOOP","H","HIGH","KILL","A strong classical workflow/optimization/rules system addresses the core need without a learned model.","False"
"P075","Find respite and support","unpaid carers","6","manage intense care","Rules, forms, database/search, checklists, audit logs, and where applicable CP-SAT/graph optimization/statistics/signal processing.","8","Known categories, structured records, deterministic constraints, and accountable workflow state.","Open-ended semantic/perceptual cases only; these are not central enough here to justify a model.","No learned model in core system; conventional software is recommended.","none","No learned capability is central; deterministic workflow software is sufficient.","3","NON-AI-BETTER","unpaid carers -> routine needs -> none interpretation or deterministic decision -> support referral -> human feedback/record","5","No convincing model-dependent demo; show the classical workflow instead.","4","6","YES","LOW","HUMAN-IN-LOOP","H","HIGH","KILL","A strong classical workflow/optimization/rules system addresses the core need without a learned model.","False"
"P076","Coordinate care practical support","informal carers","6","manage cases training counselling","Rules, forms, database/search, checklists, audit logs, and where applicable CP-SAT/graph optimization/statistics/signal processing.","8","Known categories, structured records, deterministic constraints, and accountable workflow state.","Open-ended semantic/perceptual cases only; these are not central enough here to justify a model.","No learned model in core system; conventional software is recommended.","none","No learned capability is central; deterministic workflow software is sufficient.","3","NON-AI-BETTER","informal carers -> care notes -> none interpretation or deterministic decision -> coordinated support -> human feedback/record","5","No convincing model-dependent demo; show the classical workflow instead.","4","6","YES","LOW","HUMAN-IN-LOOP","H","HIGH","KILL","A strong classical workflow/optimization/rules system addresses the core need without a learned model.","False"
"P077","Manage medicines across transitions","patients carers","8","track medications in high-risk contexts","Rules, forms, database/search, checklists, audit logs, and where applicable CP-SAT/graph optimization/statistics/signal processing.","8","Known categories, structured records, deterministic constraints, and accountable workflow state.","Open-ended semantic/perceptual cases only; these are not central enough here to justify a model.","No learned model in core system; conventional software is recommended.","none","No learned capability is central; deterministic workflow software is sufficient.","3","NON-AI-BETTER","patients carers -> medication lists -> none interpretation or deterministic decision -> review action -> human feedback/record","5","No convincing model-dependent demo; show the classical workflow instead.","4","8","PARTIAL","HIGH","REGULATED","H","HIGH","KILL","A strong classical workflow/optimization/rules system addresses the core need without a learned model. High-consequence setting requires human accountable review and safety validation.","False"
"P078","Recognize suspicious messages","SMB employees","7","inspect link message and escalate","Rules, forms, database/search, checklists, audit logs, and where applicable CP-SAT/graph optimization/statistics/signal processing.","5","Known categories, structured records, deterministic constraints, and accountable workflow state.","Open-ended semantic/perceptual cases only; these are not central enough here to justify a model.","No learned model in core system; conventional software is recommended.","none","No learned capability is central; deterministic workflow software is sufficient.","8","AI-STRONGLY-JUSTIFIED","SMB employees -> messages URLs -> none interpretation or deterministic decision -> escalated suspicion -> human feedback/record","8","No convincing model-dependent demo; show the classical workflow instead.","8","6","YES","LOW","HUMAN-IN-LOOP","H","MEDIUM","SURVIVE","Survives the adversary: a learned model is central to interpreting variable real-world unstructured input, while the product loop ends in a reviewable action.","False"
"P079","Respond to incidents","SMBs","6","activate roles contacts actions","Rules, forms, database/search, checklists, audit logs, and where applicable CP-SAT/graph optimization/statistics/signal processing.","8","Known categories, structured records, deterministic constraints, and accountable workflow state.","Open-ended semantic/perceptual cases only; these are not central enough here to justify a model.","No learned model in core system; conventional software is recommended.","none","No learned capability is central; deterministic workflow software is sufficient.","3","NON-AI-BETTER","SMBs -> incident reports -> none interpretation or deterministic decision -> response plan -> human feedback/record","5","No convincing model-dependent demo; show the classical workflow instead.","4","6","YES","LOW","HUMAN-IN-LOOP","H","HIGH","KILL","A strong classical workflow/optimization/rules system addresses the core need without a learned model.","False"
"P080","Report strange activity early","SMB staff","6","notice blocked attack behavior","Rules, forms, database/search, checklists, audit logs, and where applicable CP-SAT/graph optimization/statistics/signal processing.","9","Known categories, structured records, deterministic constraints, and accountable workflow state.","Open-ended semantic/perceptual cases only; these are not central enough here to justify a model.","No learned model in core system; conventional software is recommended.","none","WITHOUT THE MODEL, the core need still works through deterministic rules, search, databases, statistics, graph algorithms, or CP-SAT.","2","NON-AI-BETTER","SMB staff -> alerts narratives -> none interpretation or deterministic decision -> early report -> human feedback/record","5","No convincing model-dependent demo; show the classical workflow instead.","4","6","YES","LOW","HUMAN-IN-LOOP","H","HIGH","KILL","ALGORITHM_TRAP: classical systems directly solve the stated decision/workflow.","True"
"P081","Triage evolving threats","SMBs","6","assess suspected phishing ransomware","Rules, forms, database/search, checklists, audit logs, and where applicable CP-SAT/graph optimization/statistics/signal processing.","5","Known categories, structured records, deterministic constraints, and accountable workflow state.","Open-ended semantic/perceptual cases only; these are not central enough here to justify a model.","No learned model in core system; conventional software is recommended.","none","No learned capability is central; deterministic workflow software is sufficient.","8","AI-STRONGLY-JUSTIFIED","SMBs -> messages system signals -> none interpretation or deterministic decision -> review priority -> human feedback/record","8","No convincing model-dependent demo; show the classical workflow instead.","8","6","YES","LOW","HUMAN-IN-LOOP","H","MEDIUM","SURVIVE","Survives the adversary: a learned model is central to interpreting variable real-world unstructured input, while the product loop ends in a reviewable action.","False"
"P082","Serve visitors with access needs","heritage operators","8","assess site and visitor requirements","Rules, forms, database/search, checklists, audit logs, and where applicable CP-SAT/graph optimization/statistics/signal processing.","8","Known categories, structured records, deterministic constraints, and accountable workflow state.","Open-ended semantic/perceptual cases only; these are not central enough here to justify a model.","No learned model in core system; conventional software is recommended.","none","No learned capability is central; deterministic workflow software is sufficient.","3","NON-AI-BETTER","heritage operators -> site data requests -> none interpretation or deterministic decision -> accessible visit plan -> human feedback/record","5","No convincing model-dependent demo; show the classical workflow instead.","4","8","YES","LOW","NONE","H","HIGH","KILL","A strong classical workflow/optimization/rules system addresses the core need without a learned model.","False"
"P083","Preserve resources while serving visitors","destination managers","6","manage infrastructure skills conflicts","Rules, forms, database/search, checklists, audit logs, and where applicable CP-SAT/graph optimization/statistics/signal processing.","8","Known categories, structured records, deterministic constraints, and accountable workflow state.","Open-ended semantic/perceptual cases only; these are not central enough here to justify a model.","No learned model in core system; conventional software is recommended.","none","No learned capability is central; deterministic workflow software is sufficient.","3","NON-AI-BETTER","destination managers -> site reports visitor data -> none interpretation or deterministic decision -> managed intervention -> human feedback/record","5","No convincing model-dependent demo; show the classical workflow instead.","4","6","YES","LOW","NONE","H","HIGH","KILL","A strong classical workflow/optimization/rules system addresses the core need without a learned model.","False"
"P084","Complete planning marking admin","teachers","6","prepare mark report across tools","Rules, forms, database/search, checklists, audit logs, and where applicable CP-SAT/graph optimization/statistics/signal processing.","9","Known categories, structured records, deterministic constraints, and accountable workflow state.","Open-ended semantic/perceptual cases only; these are not central enough here to justify a model.","No learned model in core system; conventional software is recommended.","none","WITHOUT THE MODEL, the core need still works through deterministic rules, search, databases, statistics, graph algorithms, or CP-SAT.","5","AI-HELPFUL-BUT-NOT-NECESSARY","teachers -> student work grades -> none interpretation or deterministic decision -> usable instruction record -> human feedback/record","6","No convincing model-dependent demo; show the classical workflow instead.","6","6","YES","LOW","NONE","H","HIGH","BORDERLINE","A model can add meaningful semantic/perceptual interpretation, but non-AI baselines, safety constraints, product scope, or evaluation uncertainty remain material.","True"
"P085","Book interpreters","coordinators","8","request schedule confirm interpreter","Rules, forms, database/search, checklists, audit logs, and where applicable CP-SAT/graph optimization/statistics/signal processing.","9","Known categories, structured records, deterministic constraints, and accountable workflow state.","Open-ended semantic/perceptual cases only; these are not central enough here to justify a model.","No learned model in core system; conventional software is recommended.","none","WITHOUT THE MODEL, the core need still works through deterministic rules, search, databases, statistics, graph algorithms, or CP-SAT.","2","NON-AI-BETTER","coordinators -> language time calendars -> none interpretation or deterministic decision -> confirmed interaction -> human feedback/record","6","No convincing model-dependent demo; show the classical workflow instead.","5","8","YES","LOW","HUMAN-IN-LOOP","H","HIGH","KILL","ALGORITHM_TRAP: classical systems directly solve the stated decision/workflow.","True"
"P086","Aid AAC users during class","teachers","6","learn troubleshoot personal system","Rules, forms, database/search, checklists, audit logs, and where applicable CP-SAT/graph optimization/statistics/signal processing.","5","Known categories, structured records, deterministic constraints, and accountable workflow state.","Open-ended semantic/perceptual cases only; these are not central enough here to justify a model.","No learned model in core system; conventional software is recommended.","none","No learned capability is central; deterministic workflow software is sufficient.","8","AI-STRONGLY-JUSTIFIED","teachers -> device state activity attempts -> none interpretation or deterministic decision -> communication support -> human feedback/record","8","No convincing model-dependent demo; show the classical workflow instead.","8","6","YES","LOW","HUMAN-IN-LOOP","M","MEDIUM","SURVIVE","Survives the adversary: a learned model is central to interpreting variable real-world unstructured input, while the product loop ends in a reviewable action.","False"
"P087","Use inaccessible course content","students teachers","8","publish adapt PDFs images LMS","Constrained capture guidance, classical CV/signal processing, templates, thresholds, and human review.","5","Known categories, structured records, deterministic constraints, and accountable workflow state.","Generalize robustly across unconstrained, variable, semantic input without extensive hand-coded rules or manual review.","Hybrid: model handles unstructured interpretation; deterministic workflow verifies, routes, and records the action.","CV/audio/speech/HTR","WITHOUT THE MODEL, robust semantic interpretation of variable real-world unstructured input would collapse into brittle templates, thresholds, or manual review.","8","AI-STRONGLY-JUSTIFIED","students teachers -> pdfs slides images -> CV/audio/speech/HTR interpretation or deterministic decision -> accessible material -> human feedback/record","8","Input arrives -> system identifies the relevant condition -> user sees an accountable next action in context.","8","8","YES","MEDIUM","HUMAN-IN-LOOP","H","MEDIUM","SURVIVE","Survives the adversary: a learned model is central to interpreting variable real-world unstructured input, while the product loop ends in a reviewable action.","False"
"P088","Schedule multi-school services","SLPs","6","fit caseload travel compliance","Rules, forms, database/search, checklists, audit logs, and where applicable CP-SAT/graph optimization/statistics/signal processing.","9","Known categories, structured records, deterministic constraints, and accountable workflow state.","Open-ended semantic/perceptual cases only; these are not central enough here to justify a model.","No learned model in core system; conventional software is recommended.","none","WITHOUT THE MODEL, the core need still works through deterministic rules, search, databases, statistics, graph algorithms, or CP-SAT.","2","NON-AI-BETTER","SLPs -> caseload schedules notes -> none interpretation or deterministic decision -> feasible schedule -> human feedback/record","5","No convincing model-dependent demo; show the classical workflow instead.","4","6","YES","LOW","HUMAN-IN-LOOP","H","HIGH","KILL","ALGORITHM_TRAP: classical systems directly solve the stated decision/workflow.","True"
"P089","Follow class instructions and discussion","language-difficulty learners","6","observe respond refer","Rules, forms, database/search, checklists, audit logs, and where applicable CP-SAT/graph optimization/statistics/signal processing.","8","Known categories, structured records, deterministic constraints, and accountable workflow state.","Open-ended semantic/perceptual cases only; these are not central enough here to justify a model.","No learned model in core system; conventional software is recommended.","none","No learned capability is central; deterministic workflow software is sufficient.","5","AI-HELPFUL-BUT-NOT-NECESSARY","language-difficulty learners -> tasks responses -> none interpretation or deterministic decision -> understood task -> human feedback/record","6","No convincing model-dependent demo; show the classical workflow instead.","6","6","YES","LOW","NONE","M","HIGH","BORDERLINE","A model can add meaningful semantic/perceptual interpretation, but non-AI baselines, safety constraints, product scope, or evaluation uncertainty remain material.","False"
"P090","Meet language requirement","language-course students","6","practice with support","Constrained capture guidance, classical CV/signal processing, templates, thresholds, and human review.","5","Known categories, structured records, deterministic constraints, and accountable workflow state.","Generalize robustly across unconstrained, variable, semantic input without extensive hand-coded rules or manual review.","Hybrid: model handles unstructured interpretation; deterministic workflow verifies, routes, and records the action.","CV/audio/speech/HTR","WITHOUT THE MODEL, robust semantic interpretation of variable real-world unstructured input would collapse into brittle templates, thresholds, or manual review.","4","AI-HELPFUL-BUT-NOT-NECESSARY","language-course students -> speech writing tasks -> CV/audio/speech/HTR interpretation or deterministic decision -> appropriate practice path -> human feedback/record","8","Input arrives -> system identifies the relevant condition -> user sees an accountable next action in context.","8","6","YES","MEDIUM","NONE","M","MEDIUM","KILL","The core action depends on interpreting variable unstructured input that fixed rules cannot cover reliably.","False"
"P091","Give timely complex feedback","teachers students","6","review projects comment revise","Rules, forms, database/search, checklists, audit logs, and where applicable CP-SAT/graph optimization/statistics/signal processing.","5","Known categories, structured records, deterministic constraints, and accountable workflow state.","Open-ended semantic/perceptual cases only; these are not central enough here to justify a model.","No learned model in core system; conventional software is recommended.","none","No learned capability is central; deterministic workflow software is sufficient.","8","AI-STRONGLY-JUSTIFIED","teachers students -> essays oral projects -> none interpretation or deterministic decision -> useful feedback -> human feedback/record","8","No convincing model-dependent demo; show the classical workflow instead.","8","6","YES","LOW","NONE","H","MEDIUM","SURVIVE","Survives the adversary: a learned model is central to interpreting variable real-world unstructured input, while the product loop ends in a reviewable action.","False"
"P092","Receive reading-aloud feedback","early readers parents","7","listen spot miscues correct","Constrained capture guidance, classical CV/signal processing, templates, thresholds, and human review.","5","Known categories, structured records, deterministic constraints, and accountable workflow state.","Generalize robustly across unconstrained, variable, semantic input without extensive hand-coded rules or manual review.","Hybrid: model handles unstructured interpretation; deterministic workflow verifies, routes, and records the action.","CV/audio/speech/HTR","WITHOUT THE MODEL, robust semantic interpretation of variable real-world unstructured input would collapse into brittle templates, thresholds, or manual review.","9","AI-NATIVE","early readers parents -> audio passage text -> CV/audio/speech/HTR interpretation or deterministic decision -> feedback event -> human feedback/record","8","Input arrives -> system identifies the relevant condition -> user sees an accountable next action in context.","8","6","YES","MEDIUM","NONE","H","MEDIUM","SURVIVE","Survives the adversary: a learned model is central to interpreting variable real-world unstructured input, while the product loop ends in a reviewable action.","False"
"P093","Understand and reply to school information","multilingual families","6","translate messages arrange interpreter","Constrained capture guidance, classical CV/signal processing, templates, thresholds, and human review.","5","Known categories, structured records, deterministic constraints, and accountable workflow state.","Generalize robustly across unconstrained, variable, semantic input without extensive hand-coded rules or manual review.","Hybrid: model handles unstructured interpretation; deterministic workflow verifies, routes, and records the action.","CV/audio/speech/HTR","WITHOUT THE MODEL, robust semantic interpretation of variable real-world unstructured input would collapse into brittle templates, thresholds, or manual review.","8","AI-STRONGLY-JUSTIFIED","multilingual families -> speech forms messages -> CV/audio/speech/HTR interpretation or deterministic decision -> understood exchange -> human feedback/record","8","Input arrives -> system identifies the relevant condition -> user sees an accountable next action in context.","8","6","YES","MEDIUM","HUMAN-IN-LOOP","M","MEDIUM","SURVIVE","Survives the adversary: a learned model is central to interpreting variable real-world unstructured input, while the product loop ends in a reviewable action.","False"
"P094","Obtain appropriate assistive product","disabled families","8","identify afford train use","Rules, forms, database/search, checklists, audit logs, and where applicable CP-SAT/graph optimization/statistics/signal processing.","8","Known categories, structured records, deterministic constraints, and accountable workflow state.","Open-ended semantic/perceptual cases only; these are not central enough here to justify a model.","No learned model in core system; conventional software is recommended.","none","No learned capability is central; deterministic workflow software is sufficient.","3","NON-AI-BETTER","disabled families -> needs availability -> none interpretation or deterministic decision -> appropriate support -> human feedback/record","5","No convincing model-dependent demo; show the classical workflow instead.","4","8","YES","LOW","NONE","H","HIGH","KILL","A strong classical workflow/optimization/rules system addresses the core need without a learned model.","False"
"P095","Complete accessible health visit","disabled patients","8","plan transport appointment communication","Rules, forms, database/search, checklists, audit logs, and where applicable CP-SAT/graph optimization/statistics/signal processing.","8","Known categories, structured records, deterministic constraints, and accountable workflow state.","Open-ended semantic/perceptual cases only; these are not central enough here to justify a model.","No learned model in core system; conventional software is recommended.","none","No learned capability is central; deterministic workflow software is sufficient.","3","NON-AI-BETTER","disabled patients -> instructions access needs -> none interpretation or deterministic decision -> completed visit -> human feedback/record","5","No convincing model-dependent demo; show the classical workflow instead.","4","8","YES","LOW","NONE","H","HIGH","KILL","A strong classical workflow/optimization/rules system addresses the core need without a learned model.","False"
"P096","Understand service information","disabled people","8","read signs forms announcements","Constrained capture guidance, classical CV/signal processing, templates, thresholds, and human review.","5","Known categories, structured records, deterministic constraints, and accountable workflow state.","Generalize robustly across unconstrained, variable, semantic input without extensive hand-coded rules or manual review.","Hybrid: model handles unstructured interpretation; deterministic workflow verifies, routes, and records the action.","CV/audio/speech/HTR","WITHOUT THE MODEL, robust semantic interpretation of variable real-world unstructured input would collapse into brittle templates, thresholds, or manual review.","8","AI-STRONGLY-JUSTIFIED","disabled people -> audio forms signs -> CV/audio/speech/HTR interpretation or deterministic decision -> accessible information -> human feedback/record","8","Input arrives -> system identifies the relevant condition -> user sees an accountable next action in context.","8","8","YES","MEDIUM","NONE","H","MEDIUM","SURVIVE","Survives the adversary: a learned model is central to interpreting variable real-world unstructured input, while the product loop ends in a reviewable action.","False"
"P097","Learn technology for routines","disabled adults","6","execute task steps with device","Rules, forms, database/search, checklists, audit logs, and where applicable CP-SAT/graph optimization/statistics/signal processing.","8","Known categories, structured records, deterministic constraints, and accountable workflow state.","Open-ended semantic/perceptual cases only; these are not central enough here to justify a model.","No learned model in core system; conventional software is recommended.","none","No learned capability is central; deterministic workflow software is sufficient.","5","AI-HELPFUL-BUT-NOT-NECESSARY","disabled adults -> task steps device actions -> none interpretation or deterministic decision -> usable routine -> human feedback/record","6","No convincing model-dependent demo; show the classical workflow instead.","6","6","YES","LOW","NONE","M","HIGH","BORDERLINE","A model can add meaningful semantic/perceptual interpretation, but non-AI baselines, safety constraints, product scope, or evaluation uncertainty remain material.","False"
"P098","Match and train support technology","providers families","6","observe routines device use","Rules, forms, database/search, checklists, audit logs, and where applicable CP-SAT/graph optimization/statistics/signal processing.","8","Known categories, structured records, deterministic constraints, and accountable workflow state.","Open-ended semantic/perceptual cases only; these are not central enough here to justify a model.","No learned model in core system; conventional software is recommended.","none","No learned capability is central; deterministic workflow software is sufficient.","3","NON-AI-BETTER","providers families -> observations device use -> none interpretation or deterministic decision -> matched support -> human feedback/record","5","No convincing model-dependent demo; show the classical workflow instead.","4","6","YES","LOW","NONE","H","HIGH","KILL","A strong classical workflow/optimization/rules system addresses the core need without a learned model.","False"
"P099","Plan barrier-free trip","disabled people","6","inspect route space","Rules, forms, database/search, checklists, audit logs, and where applicable CP-SAT/graph optimization/statistics/signal processing.","5","Known categories, structured records, deterministic constraints, and accountable workflow state.","Open-ended semantic/perceptual cases only; these are not central enough here to justify a model.","No learned model in core system; conventional software is recommended.","none","WITHOUT THE MODEL, the core need still works through deterministic rules, search, databases, statistics, graph algorithms, or CP-SAT.","8","AI-STRONGLY-JUSTIFIED","disabled people -> place route obstacles -> none interpretation or deterministic decision -> accessible route -> human feedback/record","8","No convincing model-dependent demo; show the classical workflow instead.","8","6","YES","LOW","NONE","H","MEDIUM","SURVIVE","Survives the adversary: a learned model is central to interpreting variable real-world unstructured input, while the product loop ends in a reviewable action.","True"
"P100","Share needs across transitions","caregivers disabled people","6","retell history instructions","Constrained capture guidance, classical CV/signal processing, templates, thresholds, and human review.","5","Known categories, structured records, deterministic constraints, and accountable workflow state.","Generalize robustly across unconstrained, variable, semantic input without extensive hand-coded rules or manual review.","Hybrid: model handles unstructured interpretation; deterministic workflow verifies, routes, and records the action.","CV/audio/speech/HTR","WITHOUT THE MODEL, robust semantic interpretation of variable real-world unstructured input would collapse into brittle templates, thresholds, or manual review.","8","AI-NATIVE","caregivers disabled people -> speech reports records -> CV/audio/speech/HTR interpretation or deterministic decision -> understood handoff -> human feedback/record","8","Input arrives -> system identifies the relevant condition -> user sees an accountable next action in context.","8","6","YES","MEDIUM","HUMAN-IN-LOOP","H","MEDIUM","BORDERLINE","A model can add meaningful semantic/perceptual interpretation, but non-AI baselines, safety constraints, product scope, or evaluation uncertainty remain material.","False"
"P101","Coordinate daily care routine","caregivers older adults","6","manage care cleaning supplies","Rules, forms, database/search, checklists, audit logs, and where applicable CP-SAT/graph optimization/statistics/signal processing.","9","Known categories, structured records, deterministic constraints, and accountable workflow state.","Open-ended semantic/perceptual cases only; these are not central enough here to justify a model.","No learned model in core system; conventional software is recommended.","none","WITHOUT THE MODEL, the core need still works through deterministic rules, search, databases, statistics, graph algorithms, or CP-SAT.","2","NON-AI-BETTER","caregivers older adults -> routine inventory notes -> none interpretation or deterministic decision -> completed routine -> human feedback/record","5","No convincing model-dependent demo; show the classical workflow instead.","4","6","YES","LOW","HUMAN-IN-LOOP","L-M","HIGH","KILL","ALGORITHM_TRAP: classical systems directly solve the stated decision/workflow.","True"
"P102","Check fall fire hazards","caregivers older adults","8","walk through home","Constrained capture guidance, classical CV/signal processing, templates, thresholds, and human review.","5","Known categories, structured records, deterministic constraints, and accountable workflow state.","Generalize robustly across unconstrained, variable, semantic input without extensive hand-coded rules or manual review.","Hybrid: model handles unstructured interpretation; deterministic workflow verifies, routes, and records the action.","CV/audio/speech/HTR","WITHOUT THE MODEL, robust semantic interpretation of variable real-world unstructured input would collapse into brittle templates, thresholds, or manual review.","8","AI-STRONGLY-JUSTIFIED","caregivers older adults -> room photos alarms -> CV/audio/speech/HTR interpretation or deterministic decision -> hazard action -> human feedback/record","8","Input arrives -> system identifies the relevant condition -> user sees an accountable next action in context.","8","8","YES","MEDIUM","NONE","L-M","MEDIUM","SURVIVE","Survives the adversary: a learned model is central to interpreting variable real-world unstructured input, while the product loop ends in a reviewable action.","False"
"P103","Review subtle technique","youth coaches","7","record rewind frame review","Constrained capture guidance, classical CV/signal processing, templates, thresholds, and human review.","5","Known categories, structured records, deterministic constraints, and accountable workflow state.","Generalize robustly across unconstrained, variable, semantic input without extensive hand-coded rules or manual review.","Hybrid: model handles unstructured interpretation; deterministic workflow verifies, routes, and records the action.","CV/audio/speech/HTR","WITHOUT THE MODEL, robust semantic interpretation of variable real-world unstructured input would collapse into brittle templates, thresholds, or manual review.","9","AI-NATIVE","youth coaches -> video sport context -> CV/audio/speech/HTR interpretation or deterministic decision -> technique feedback -> human feedback/record","8","Input arrives -> system identifies the relevant condition -> user sees an accountable next action in context.","8","6","YES","MEDIUM","NONE","M","MEDIUM","SURVIVE","Survives the adversary: a learned model is central to interpreting variable real-world unstructured input, while the product loop ends in a reviewable action.","False"
"P104","Receive remote practice review","remote athletes coaches","6","send recorded drill","Constrained capture guidance, classical CV/signal processing, templates, thresholds, and human review.","5","Known categories, structured records, deterministic constraints, and accountable workflow state.","Generalize robustly across unconstrained, variable, semantic input without extensive hand-coded rules or manual review.","Hybrid: model handles unstructured interpretation; deterministic workflow verifies, routes, and records the action.","CV/audio/speech/HTR","WITHOUT THE MODEL, robust semantic interpretation of variable real-world unstructured input would collapse into brittle templates, thresholds, or manual review.","8","AI-STRONGLY-JUSTIFIED","remote athletes coaches -> video goals notes -> CV/audio/speech/HTR interpretation or deterministic decision -> consistent review -> human feedback/record","8","Input arrives -> system identifies the relevant condition -> user sees an accountable next action in context.","8","6","YES","MEDIUM","NONE","M","MEDIUM","SURVIVE","Survives the adversary: a learned model is central to interpreting variable real-world unstructured input, while the product loop ends in a reviewable action.","False"
"P105","Collect injury illness reports","amateur teams","8","request self report","Rules, forms, database/search, checklists, audit logs, and where applicable CP-SAT/graph optimization/statistics/signal processing.","9","Known categories, structured records, deterministic constraints, and accountable workflow state.","Open-ended semantic/perceptual cases only; these are not central enough here to justify a model.","No learned model in core system; conventional software is recommended.","none","WITHOUT THE MODEL, the core need still works through deterministic rules, search, databases, statistics, graph algorithms, or CP-SAT.","2","NON-AI-BETTER","amateur teams -> reports dates participation -> none interpretation or deterministic decision -> timely record -> human feedback/record","5","No convincing model-dependent demo; show the classical workflow instead.","4","8","YES","LOW","NONE","H","HIGH","KILL","ALGORITHM_TRAP: classical systems directly solve the stated decision/workflow.","True"
"P106","Manage individual training load","coaches athletes","6","combine sessions recovery","Rules, forms, database/search, checklists, audit logs, and where applicable CP-SAT/graph optimization/statistics/signal processing.","8","Known categories, structured records, deterministic constraints, and accountable workflow state.","Open-ended semantic/perceptual cases only; these are not central enough here to justify a model.","No learned model in core system; conventional software is recommended.","none","No learned capability is central; deterministic workflow software is sufficient.","5","AI-HELPFUL-BUT-NOT-NECESSARY","coaches athletes -> load wellness GPS -> none interpretation or deterministic decision -> load decision -> human feedback/record","6","No convincing model-dependent demo; show the classical workflow instead.","6","6","YES","LOW","NONE","M","HIGH","BORDERLINE","A model can add meaningful semantic/perceptual interpretation, but non-AI baselines, safety constraints, product scope, or evaluation uncertainty remain material.","False"
"P107","Hand off sensitive participation status","coaches physios","6","share messages forms","Rules, forms, database/search, checklists, audit logs, and where applicable CP-SAT/graph optimization/statistics/signal processing.","8","Known categories, structured records, deterministic constraints, and accountable workflow state.","Open-ended semantic/perceptual cases only; these are not central enough here to justify a model.","No learned model in core system; conventional software is recommended.","none","No learned capability is central; deterministic workflow software is sufficient.","3","NON-AI-BETTER","coaches physios -> health notes logs -> none interpretation or deterministic decision -> informed status -> human feedback/record","5","No convincing model-dependent demo; show the classical workflow instead.","4","6","YES","LOW","NONE","H","HIGH","KILL","A strong classical workflow/optimization/rules system addresses the core need without a learned model.","False"
"P108","Compare movement to prescription","recovering athletes","7","practice between sessions","Constrained capture guidance, classical CV/signal processing, templates, thresholds, and human review.","5","Known categories, structured records, deterministic constraints, and accountable workflow state.","Generalize robustly across unconstrained, variable, semantic input without extensive hand-coded rules or manual review.","Hybrid: model handles unstructured interpretation; deterministic workflow verifies, routes, and records the action.","CV/audio/speech/HTR","WITHOUT THE MODEL, robust semantic interpretation of variable real-world unstructured input would collapse into brittle templates, thresholds, or manual review.","9","AI-NATIVE","recovering athletes -> video prescription history -> CV/audio/speech/HTR interpretation or deterministic decision -> movement comparison -> human feedback/record","8","Input arrives -> system identifies the relevant condition -> user sees an accountable next action in context.","8","6","YES","MEDIUM","NONE","M","MEDIUM","SURVIVE","Survives the adversary: a learned model is central to interpreting variable real-world unstructured input, while the product loop ends in a reviewable action.","False"
"P109","Report local flood conditions","residents emergency staff","7","submit geotagged observation","Constrained capture guidance, classical CV/signal processing, templates, thresholds, and human review.","5","Known categories, structured records, deterministic constraints, and accountable workflow state.","Generalize robustly across unconstrained, variable, semantic input without extensive hand-coded rules or manual review.","Hybrid: model handles unstructured interpretation; deterministic workflow verifies, routes, and records the action.","CV/audio/speech/HTR","WITHOUT THE MODEL, robust semantic interpretation of variable real-world unstructured input would collapse into brittle templates, thresholds, or manual review.","9","AI-NATIVE","residents emergency staff -> photo water level text -> CV/audio/speech/HTR interpretation or deterministic decision -> usable observation -> human feedback/record","8","Input arrives -> system identifies the relevant condition -> user sees an accountable next action in context.","8","6","YES","MEDIUM","NONE","H","MEDIUM","SURVIVE","Survives the adversary: a learned model is central to interpreting variable real-world unstructured input, while the product loop ends in a reviewable action.","False"
"P110","Document hyperlocal pollution","residents agencies","6","submit sensor photo report","Constrained capture guidance, classical CV/signal processing, templates, thresholds, and human review.","5","Known categories, structured records, deterministic constraints, and accountable workflow state.","Generalize robustly across unconstrained, variable, semantic input without extensive hand-coded rules or manual review.","Hybrid: model handles unstructured interpretation; deterministic workflow verifies, routes, and records the action.","CV/audio/speech/HTR","WITHOUT THE MODEL, robust semantic interpretation of variable real-world unstructured input would collapse into brittle templates, thresholds, or manual review.","8","AI-NATIVE","residents agencies -> sensor photo location -> CV/audio/speech/HTR interpretation or deterministic decision -> actionable report -> human feedback/record","8","Input arrives -> system identifies the relevant condition -> user sees an accountable next action in context.","8","6","YES","MEDIUM","NONE","M","MEDIUM","BORDERLINE","A model can add meaningful semantic/perceptual interpretation, but non-AI baselines, safety constraints, product scope, or evaluation uncertainty remain material.","False"
"P111","Report dumping spills anomalies","volunteers authorities","6","observe many sites","Constrained capture guidance, classical CV/signal processing, templates, thresholds, and human review.","5","Known categories, structured records, deterministic constraints, and accountable workflow state.","Generalize robustly across unconstrained, variable, semantic input without extensive hand-coded rules or manual review.","Hybrid: model handles unstructured interpretation; deterministic workflow verifies, routes, and records the action.","CV/audio/speech/HTR","WITHOUT THE MODEL, robust semantic interpretation of variable real-world unstructured input would collapse into brittle templates, thresholds, or manual review.","8","AI-STRONGLY-JUSTIFIED","volunteers authorities -> photos sensor location -> CV/audio/speech/HTR interpretation or deterministic decision -> escalated incident -> human feedback/record","8","Input arrives -> system identifies the relevant condition -> user sees an accountable next action in context.","8","6","YES","MEDIUM","NONE","M","MEDIUM","SURVIVE","Survives the adversary: a learned model is central to interpreting variable real-world unstructured input, while the product loop ends in a reviewable action.","False"
"P112","Collect seasonal species observations","volunteers ecologists","7","identify and submit observations","Constrained capture guidance, classical CV/signal processing, templates, thresholds, and human review.","5","Known categories, structured records, deterministic constraints, and accountable workflow state.","Generalize robustly across unconstrained, variable, semantic input without extensive hand-coded rules or manual review.","Hybrid: model handles unstructured interpretation; deterministic workflow verifies, routes, and records the action.","CV/audio/speech/HTR","WITHOUT THE MODEL, robust semantic interpretation of variable real-world unstructured input would collapse into brittle templates, thresholds, or manual review.","9","AI-NATIVE","volunteers ecologists -> photo audio date location -> CV/audio/speech/HTR interpretation or deterministic decision -> usable record -> human feedback/record","8","Input arrives -> system identifies the relevant condition -> user sees an accountable next action in context.","8","6","YES","MEDIUM","NONE","M","MEDIUM","SURVIVE","Survives the adversary: a learned model is central to interpreting variable real-world unstructured input, while the product loop ends in a reviewable action.","False"
"P113","Classify plastic-litter surveys","community NGOs","6","aggregate site observations","Constrained capture guidance, classical CV/signal processing, templates, thresholds, and human review.","5","Known categories, structured records, deterministic constraints, and accountable workflow state.","Generalize robustly across unconstrained, variable, semantic input without extensive hand-coded rules or manual review.","Hybrid: model handles unstructured interpretation; deterministic workflow verifies, routes, and records the action.","CV/audio/speech/HTR","WITHOUT THE MODEL, robust semantic interpretation of variable real-world unstructured input would collapse into brittle templates, thresholds, or manual review.","8","AI-STRONGLY-JUSTIFIED","community NGOs -> photos categories counts -> CV/audio/speech/HTR interpretation or deterministic decision -> QA record -> human feedback/record","8","Input arrives -> system identifies the relevant condition -> user sees an accountable next action in context.","8","6","YES","MEDIUM","NONE","H","MEDIUM","SURVIVE","Survives the adversary: a learned model is central to interpreting variable real-world unstructured input, while the product loop ends in a reviewable action.","False"
"P114","Verify volunteer reports","coordinators","6","compare heterogeneous observations","Rules, forms, database/search, checklists, audit logs, and where applicable CP-SAT/graph optimization/statistics/signal processing.","7","Known categories, structured records, deterministic constraints, and accountable workflow state.","Open-ended semantic/perceptual cases only; these are not central enough here to justify a model.","Hybrid: model handles unstructured interpretation; deterministic workflow verifies, routes, and records the action.","LLM/VLM/document model","WITHOUT THE MODEL, semantic triage or extraction would be slower and less flexible, but structured forms, retrieval, templates, and human review still solve the core need.","6","AI-HELPFUL-BUT-NOT-NECESSARY","coordinators -> records calibration metadata -> LLM/VLM/document model interpretation or deterministic decision -> fitness decision -> human feedback/record","6","Input arrives -> system identifies the relevant condition -> user sees an accountable next action in context.","6","6","YES","LOW","NONE","H","HIGH","BORDERLINE","A model can add meaningful semantic/perceptual interpretation, but non-AI baselines, safety constraints, product scope, or evaluation uncertainty remain material.","False"
"P115","Retain environmental volunteers","coordinators","6","maintain participation","Rules, forms, database/search, checklists, audit logs, and where applicable CP-SAT/graph optimization/statistics/signal processing.","7","Known categories, structured records, deterministic constraints, and accountable workflow state.","Open-ended semantic/perceptual cases only; these are not central enough here to justify a model.","Hybrid: model handles unstructured interpretation; deterministic workflow verifies, routes, and records the action.","LLM/VLM/document model","WITHOUT THE MODEL, semantic triage or extraction would be slower and less flexible, but structured forms, retrieval, templates, and human review still solve the core need.","6","AI-HELPFUL-BUT-NOT-NECESSARY","coordinators -> participation history -> LLM/VLM/document model interpretation or deterministic decision -> engagement action -> human feedback/record","6","Input arrives -> system identifies the relevant condition -> user sees an accountable next action in context.","5","6","YES","LOW","NONE","H","HIGH","KILL","Models may compress unstructured interpretation but a strong source-bound non-AI workflow remains plausible.","False"
"P116","Turn report into action","community agencies","6","validate and route observation","Rules, forms, database/search, checklists, audit logs, and where applicable CP-SAT/graph optimization/statistics/signal processing.","5","Known categories, structured records, deterministic constraints, and accountable workflow state.","Open-ended semantic/perceptual cases only; these are not central enough here to justify a model.","No learned model in core system; conventional software is recommended.","none","WITHOUT THE MODEL, the core need still works through deterministic rules, search, databases, statistics, graph algorithms, or CP-SAT.","8","AI-STRONGLY-JUSTIFIED","community agencies -> multimodal report threshold -> none interpretation or deterministic decision -> response action -> human feedback/record","8","No convincing model-dependent demo; show the classical workflow instead.","8","6","YES","LOW","NONE","H","MEDIUM","SURVIVE","Survives the adversary: a learned model is central to interpreting variable real-world unstructured input, while the product loop ends in a reviewable action.","True"
"P117","Find correct media asset","small teams","6","search scattered drives","Rules, forms, database/search, checklists, audit logs, and where applicable CP-SAT/graph optimization/statistics/signal processing.","5","Known categories, structured records, deterministic constraints, and accountable workflow state.","Open-ended semantic/perceptual cases only; these are not central enough here to justify a model.","Hybrid: model handles unstructured interpretation; deterministic workflow verifies, routes, and records the action.","LLM/VLM/document model","WITHOUT THE MODEL, semantic triage or extraction would be slower and less flexible, but structured forms, retrieval, templates, and human review still solve the core need.","8","AI-STRONGLY-JUSTIFIED","small teams -> media metadata brief -> LLM/VLM/document model interpretation or deterministic decision -> correct asset -> human feedback/record","8","Input arrives -> system identifies the relevant condition -> user sees an accountable next action in context.","8","6","YES","LOW","NONE","M","MEDIUM","SURVIVE","Survives the adversary: a learned model is central to interpreting variable real-world unstructured input, while the product loop ends in a reviewable action.","False"
"P118","Resolve video feedback","producers editors clients","6","collect time comments","Constrained capture guidance, classical CV/signal processing, templates, thresholds, and human review.","5","Known categories, structured records, deterministic constraints, and accountable workflow state.","Generalize robustly across unconstrained, variable, semantic input without extensive hand-coded rules or manual review.","Hybrid: model handles unstructured interpretation; deterministic workflow verifies, routes, and records the action.","CV/audio/speech/HTR","WITHOUT THE MODEL, robust semantic interpretation of variable real-world unstructured input would collapse into brittle templates, thresholds, or manual review.","4","AI-HELPFUL-BUT-NOT-NECESSARY","producers editors clients -> video comments stage -> CV/audio/speech/HTR interpretation or deterministic decision -> approved revision -> human feedback/record","8","Input arrives -> system identifies the relevant condition -> user sees an accountable next action in context.","8","6","YES","MEDIUM","NONE","H","MEDIUM","KILL","The core action depends on interpreting variable unstructured input that fixed rules cannot cover reliably.","False"
"P119","Manage production handoff","producers editors","6","transfer footage proxy transcript","Constrained capture guidance, classical CV/signal processing, templates, thresholds, and human review.","5","Known categories, structured records, deterministic constraints, and accountable workflow state.","Generalize robustly across unconstrained, variable, semantic input without extensive hand-coded rules or manual review.","Hybrid: model handles unstructured interpretation; deterministic workflow verifies, routes, and records the action.","CV/audio/speech/HTR","WITHOUT THE MODEL, robust semantic interpretation of variable real-world unstructured input would collapse into brittle templates, thresholds, or manual review.","4","AI-HELPFUL-BUT-NOT-NECESSARY","producers editors -> media files task status -> CV/audio/speech/HTR interpretation or deterministic decision -> ready handoff -> human feedback/record","8","Input arrives -> system identifies the relevant condition -> user sees an accountable next action in context.","8","6","YES","MEDIUM","NONE","M","MEDIUM","KILL","The core action depends on interpreting variable unstructured input that fixed rules cannot cover reliably.","False"
"P120","Know ownership and status","team managers","6","assign assets approvals","Rules, forms, database/search, checklists, audit logs, and where applicable CP-SAT/graph optimization/statistics/signal processing.","8","Known categories, structured records, deterministic constraints, and accountable workflow state.","Open-ended semantic/perceptual cases only; these are not central enough here to justify a model.","No learned model in core system; conventional software is recommended.","none","No learned capability is central; deterministic workflow software is sufficient.","3","NON-AI-BETTER","team managers -> brief versions messages -> none interpretation or deterministic decision -> clear status -> human feedback/record","5","No convincing model-dependent demo; show the classical workflow instead.","4","6","YES","LOW","NONE","M","HIGH","KILL","A strong classical workflow/optimization/rules system addresses the core need without a learned model.","False"
"P121","Create accessible video deliverable","producers viewers","8","caption transcribe describe","Constrained capture guidance, classical CV/signal processing, templates, thresholds, and human review.","5","Known categories, structured records, deterministic constraints, and accountable workflow state.","Generalize robustly across unconstrained, variable, semantic input without extensive hand-coded rules or manual review.","Hybrid: model handles unstructured interpretation; deterministic workflow verifies, routes, and records the action.","CV/audio/speech/HTR","WITHOUT THE MODEL, robust semantic interpretation of variable real-world unstructured input would collapse into brittle templates, thresholds, or manual review.","9","AI-NATIVE","producers viewers -> audio video transcript -> CV/audio/speech/HTR interpretation or deterministic decision -> accessible deliverable -> human feedback/record","8","Input arrives -> system identifies the relevant condition -> user sees an accountable next action in context.","8","8","YES","MEDIUM","NONE","M","MEDIUM","SURVIVE","Survives the adversary: a learned model is central to interpreting variable real-world unstructured input, while the product loop ends in a reviewable action.","False"
"P122","Plan food purchase to meals","shoppers cooks","6","check pantry plan buy","Rules, forms, database/search, checklists, audit logs, and where applicable CP-SAT/graph optimization/statistics/signal processing.","9","Known categories, structured records, deterministic constraints, and accountable workflow state.","Open-ended semantic/perceptual cases only; these are not central enough here to justify a model.","No learned model in core system; conventional software is recommended.","none","WITHOUT THE MODEL, the core need still works through deterministic rules, search, databases, statistics, graph algorithms, or CP-SAT.","2","NON-AI-BETTER","shoppers cooks -> inventory meal receipts -> none interpretation or deterministic decision -> appropriate purchase -> human feedback/record","5","No convincing model-dependent demo; show the classical workflow instead.","4","6","YES","LOW","NONE","H","HIGH","KILL","ALGORITHM_TRAP: classical systems directly solve the stated decision/workflow.","True"
"P123","Track leftovers safely","cooks","6","remember item date storage","Constrained capture guidance, classical CV/signal processing, templates, thresholds, and human review.","5","Known categories, structured records, deterministic constraints, and accountable workflow state.","Generalize robustly across unconstrained, variable, semantic input without extensive hand-coded rules or manual review.","Hybrid: model handles unstructured interpretation; deterministic workflow verifies, routes, and records the action.","CV/audio/speech/HTR","WITHOUT THE MODEL, robust semantic interpretation of variable real-world unstructured input would collapse into brittle templates, thresholds, or manual review.","4","AI-HELPFUL-BUT-NOT-NECESSARY","cooks -> leftover date photo -> CV/audio/speech/HTR interpretation or deterministic decision -> usable reminder -> human feedback/record","8","Input arrives -> system identifies the relevant condition -> user sees an accountable next action in context.","8","6","YES","MEDIUM","NONE","H","MEDIUM","KILL","The core action depends on interpreting variable unstructured input that fixed rules cannot cover reliably.","False"
"P124","Rotate perishables and supplies","caregivers shoppers","6","inspect dates restock","Rules, forms, database/search, checklists, audit logs, and where applicable CP-SAT/graph optimization/statistics/signal processing.","8","Known categories, structured records, deterministic constraints, and accountable workflow state.","Open-ended semantic/perceptual cases only; these are not central enough here to justify a model.","No learned model in core system; conventional software is recommended.","none","No learned capability is central; deterministic workflow software is sufficient.","3","NON-AI-BETTER","caregivers shoppers -> labels dates quantity -> none interpretation or deterministic decision -> use-first action -> human feedback/record","5","No convincing model-dependent demo; show the classical workflow instead.","4","6","YES","LOW","NONE","M","HIGH","KILL","A strong classical workflow/optimization/rules system addresses the core need without a learned model.","False"
"P125","See recurring waste causes","households","6","record discarded food","Rules, forms, database/search, checklists, audit logs, and where applicable CP-SAT/graph optimization/statistics/signal processing.","9","Known categories, structured records, deterministic constraints, and accountable workflow state.","Open-ended semantic/perceptual cases only; these are not central enough here to justify a model.","No learned model in core system; conventional software is recommended.","none","WITHOUT THE MODEL, the core need still works through deterministic rules, search, databases, statistics, graph algorithms, or CP-SAT.","2","NON-AI-BETTER","households -> item reason meal context -> none interpretation or deterministic decision -> waste pattern -> human feedback/record","5","No convincing model-dependent demo; show the classical workflow instead.","4","6","YES","LOW","NONE","M","HIGH","KILL","ALGORITHM_TRAP: classical systems directly solve the stated decision/workflow.","True"
"P126","Detect an outage-related carbon-monoxide cluster for outreach","emergency public-health team","8","emergency public-health team; ED, EMS, poison-centre events","Rules, forms, database/search, checklists, audit logs, and where applicable CP-SAT/graph optimization/statistics/signal processing.","8","Known categories, structured records, deterministic constraints, and accountable workflow state.","Open-ended semantic/perceptual cases only; these are not central enough here to justify a model.","No learned model in core system; conventional software is recommended.","none","No learned capability is central; deterministic workflow software is sufficient.","5","AI-HELPFUL-BUT-NOT-NECESSARY","emergency public-health team -> emergency public-health team; ED, EMS, poison-centre events -> none interpretation or deterministic decision -> accountable next action -> human feedback/record","6","No convincing model-dependent demo; show the classical workflow instead.","6","8","PARTIAL","HIGH","REGULATED","H/M","HIGH","BORDERLINE","A model can add meaningful semantic/perceptual interpretation, but non-AI baselines, safety constraints, product scope, or evaluation uncertainty remain material.","False"
"P127","Prevent untrained confined-space rescue cascades","entrant/attendant","6","entrant/attendant; gas meter, permit, radio distress","Rules, forms, database/search, checklists, audit logs, and where applicable CP-SAT/graph optimization/statistics/signal processing.","8","Known categories, structured records, deterministic constraints, and accountable workflow state.","Open-ended semantic/perceptual cases only; these are not central enough here to justify a model.","No learned model in core system; conventional software is recommended.","none","No learned capability is central; deterministic workflow software is sufficient.","5","AI-HELPFUL-BUT-NOT-NECESSARY","entrant/attendant -> entrant/attendant; gas meter, permit, radio distress -> none interpretation or deterministic decision -> accountable next action -> human feedback/record","6","No convincing model-dependent demo; show the classical workflow instead.","6","6","PARTIAL","HIGH","REGULATED","H/M","HIGH","BORDERLINE","A model can add meaningful semantic/perceptual interpretation, but non-AI baselines, safety constraints, product scope, or evaluation uncertainty remain material.","False"
"P128","Prioritize pipeline SCADA alarm bursts","pipeline controller","6","pipeline controller; alarm/pressure/flow time series","Rules, forms, database/search, checklists, audit logs, and where applicable CP-SAT/graph optimization/statistics/signal processing.","8","Known categories, structured records, deterministic constraints, and accountable workflow state.","Open-ended semantic/perceptual cases only; these are not central enough here to justify a model.","No learned model in core system; conventional software is recommended.","none","No learned capability is central; deterministic workflow software is sufficient.","5","AI-HELPFUL-BUT-NOT-NECESSARY","pipeline controller -> pipeline controller; alarm/pressure/flow time series -> none interpretation or deterministic decision -> accountable next action -> human feedback/record","6","No convincing model-dependent demo; show the classical workflow instead.","6","6","PARTIAL","HIGH","REGULATED","H/M","HIGH","BORDERLINE","A model can add meaningful semantic/perceptual interpretation, but non-AI baselines, safety constraints, product scope, or evaluation uncertainty remain material.","False"
"P129","Find recurring false safety alarms","controller","8","controller; alarm IDs, acknowledgements, maintenance records","Rules, forms, database/search, checklists, audit logs, and where applicable CP-SAT/graph optimization/statistics/signal processing.","8","Known categories, structured records, deterministic constraints, and accountable workflow state.","Open-ended semantic/perceptual cases only; these are not central enough here to justify a model.","No learned model in core system; conventional software is recommended.","none","No learned capability is central; deterministic workflow software is sufficient.","5","AI-HELPFUL-BUT-NOT-NECESSARY","controller -> controller; alarm IDs, acknowledgements, maintenance records -> none interpretation or deterministic decision -> accountable next action -> human feedback/record","6","No convincing model-dependent demo; show the classical workflow instead.","6","8","YES","LOW","NONE","H/M","HIGH","BORDERLINE","A model can add meaningful semantic/perceptual interpretation, but non-AI baselines, safety constraints, product scope, or evaluation uncertainty remain material.","False"
"P130","Turn hospital fire-readiness observations into remediation tasks","facility manager","6","facility manager; inspection, detector, egress, occupancy data","Rules, forms, database/search, checklists, audit logs, and where applicable CP-SAT/graph optimization/statistics/signal processing.","9","Known categories, structured records, deterministic constraints, and accountable workflow state.","Open-ended semantic/perceptual cases only; these are not central enough here to justify a model.","No learned model in core system; conventional software is recommended.","none","WITHOUT THE MODEL, the core need still works through deterministic rules, search, databases, statistics, graph algorithms, or CP-SAT.","2","NON-AI-BETTER","facility manager -> facility manager; inspection, detector, egress, occupancy data -> none interpretation or deterministic decision -> accountable next action -> human feedback/record","5","No convincing model-dependent demo; show the classical workflow instead.","4","6","YES","LOW","NONE","H/M","HIGH","KILL","ALGORITHM_TRAP: classical systems directly solve the stated decision/workflow.","True"
"P131","Maintain clinical oxygen-system continuity","ward/biomedical staff","6","ward/biomedical staff; saturation, power, equipment, stock data","Rules, forms, database/search, checklists, audit logs, and where applicable CP-SAT/graph optimization/statistics/signal processing.","8","Known categories, structured records, deterministic constraints, and accountable workflow state.","Open-ended semantic/perceptual cases only; these are not central enough here to justify a model.","No learned model in core system; conventional software is recommended.","none","No learned capability is central; deterministic workflow software is sufficient.","5","AI-HELPFUL-BUT-NOT-NECESSARY","ward/biomedical staff -> ward/biomedical staff; saturation, power, equipment, stock data -> none interpretation or deterministic decision -> accountable next action -> human feedback/record","6","No convincing model-dependent demo; show the classical workflow instead.","6","6","PARTIAL","HIGH","REGULATED","H/M","HIGH","BORDERLINE","A model can add meaningful semantic/perceptual interpretation, but non-AI baselines, safety constraints, product scope, or evaluation uncertainty remain material.","False"
"P132","Keep smoke outside schools/institutions during wildfire","manager","6","manager; AQI, indoor PM, filter/HVAC status","Rules, forms, database/search, checklists, audit logs, and where applicable CP-SAT/graph optimization/statistics/signal processing.","8","Known categories, structured records, deterministic constraints, and accountable workflow state.","Open-ended semantic/perceptual cases only; these are not central enough here to justify a model.","No learned model in core system; conventional software is recommended.","none","No learned capability is central; deterministic workflow software is sufficient.","3","NON-AI-BETTER","manager -> manager; AQI, indoor PM, filter/HVAC status -> none interpretation or deterministic decision -> accountable next action -> human feedback/record","5","No convincing model-dependent demo; show the classical workflow instead.","4","6","YES","LOW","HUMAN-IN-LOOP","H/M","HIGH","KILL","A strong classical workflow/optimization/rules system addresses the core need without a learned model.","False"
"P133","Calibrate earthquake-warning uncertainty","warning-system operator","6","warning-system operator; waveform, geometry, uncertainty","Rules, forms, database/search, checklists, audit logs, and where applicable CP-SAT/graph optimization/statistics/signal processing.","8","Known categories, structured records, deterministic constraints, and accountable workflow state.","Open-ended semantic/perceptual cases only; these are not central enough here to justify a model.","No learned model in core system; conventional software is recommended.","none","No learned capability is central; deterministic workflow software is sufficient.","3","NON-AI-BETTER","warning-system operator -> warning-system operator; waveform, geometry, uncertainty -> none interpretation or deterministic decision -> accountable next action -> human feedback/record","5","No convincing model-dependent demo; show the classical workflow instead.","4","6","YES","LOW","NONE","H/M","HIGH","KILL","A strong classical workflow/optimization/rules system addresses the core need without a learned model.","False"
"P134","Ensure warnings reach people with disability needs","emergency manager","8","emergency manager; channel delivery and access requirements","Rules, forms, database/search, checklists, audit logs, and where applicable CP-SAT/graph optimization/statistics/signal processing.","8","Known categories, structured records, deterministic constraints, and accountable workflow state.","Open-ended semantic/perceptual cases only; these are not central enough here to justify a model.","No learned model in core system; conventional software is recommended.","none","No learned capability is central; deterministic workflow software is sufficient.","5","AI-HELPFUL-BUT-NOT-NECESSARY","emergency manager -> emergency manager; channel delivery and access requirements -> none interpretation or deterministic decision -> accountable next action -> human feedback/record","6","No convincing model-dependent demo; show the classical workflow instead.","6","8","PARTIAL","HIGH","REGULATED","H/M","HIGH","BORDERLINE","A model can add meaningful semantic/perceptual interpretation, but non-AI baselines, safety constraints, product scope, or evaluation uncertainty remain material.","False"
"P135","Maintain dam emergency contacts and acknowledgements","dam owner/emergency manager","8","dam owner/emergency manager; levels, contacts, road status","Rules, forms, database/search, checklists, audit logs, and where applicable CP-SAT/graph optimization/statistics/signal processing.","8","Known categories, structured records, deterministic constraints, and accountable workflow state.","Open-ended semantic/perceptual cases only; these are not central enough here to justify a model.","No learned model in core system; conventional software is recommended.","none","No learned capability is central; deterministic workflow software is sufficient.","3","NON-AI-BETTER","dam owner/emergency manager -> dam owner/emergency manager; levels, contacts, road status -> none interpretation or deterministic decision -> accountable next action -> human feedback/record","5","No convincing model-dependent demo; show the classical workflow instead.","4","8","PARTIAL","HIGH","REGULATED","H/M","HIGH","KILL","A strong classical workflow/optimization/rules system addresses the core need without a learned model. High-consequence setting requires human accountable review and safety validation.","False"
"P136","Monitor vaccine cold-chain excursions","remote clinic","6","remote clinic; temperature, power, inventory events","Rules, forms, database/search, checklists, audit logs, and where applicable CP-SAT/graph optimization/statistics/signal processing.","9","Known categories, structured records, deterministic constraints, and accountable workflow state.","Open-ended semantic/perceptual cases only; these are not central enough here to justify a model.","No learned model in core system; conventional software is recommended.","none","WITHOUT THE MODEL, the core need still works through deterministic rules, search, databases, statistics, graph algorithms, or CP-SAT.","2","NON-AI-BETTER","remote clinic -> remote clinic; temperature, power, inventory events -> none interpretation or deterministic decision -> accountable next action -> human feedback/record","5","No convincing model-dependent demo; show the classical workflow instead.","4","6","PARTIAL","HIGH","REGULATED","H/M","HIGH","KILL","ALGORITHM_TRAP: classical systems directly solve the stated decision/workflow. High-consequence setting requires human accountable review and safety validation.","True"
"P137","Verify emergency eyewash/shower readiness","industrial crews","8","industrial crews; location, flow/temperature inspections","Rules, forms, database/search, checklists, audit logs, and where applicable CP-SAT/graph optimization/statistics/signal processing.","8","Known categories, structured records, deterministic constraints, and accountable workflow state.","Open-ended semantic/perceptual cases only; these are not central enough here to justify a model.","No learned model in core system; conventional software is recommended.","none","No learned capability is central; deterministic workflow software is sufficient.","3","NON-AI-BETTER","industrial crews -> industrial crews; location, flow/temperature inspections -> none interpretation or deterministic decision -> accountable next action -> human feedback/record","5","No convincing model-dependent demo; show the classical workflow instead.","4","8","PARTIAL","HIGH","REGULATED","H/M","HIGH","KILL","A strong classical workflow/optimization/rules system addresses the core need without a learned model. High-consequence setting requires human accountable review and safety validation.","False"
"P138","Verify locust field observations before control decisions","scouts/locust units","7","scouts/locust units; photos, geotagged reports, weather","Constrained capture guidance, classical CV/signal processing, templates, thresholds, and human review.","5","Known categories, structured records, deterministic constraints, and accountable workflow state.","Generalize robustly across unconstrained, variable, semantic input without extensive hand-coded rules or manual review.","Hybrid: model handles unstructured interpretation; deterministic workflow verifies, routes, and records the action.","CV/audio/speech/HTR","WITHOUT THE MODEL, robust semantic interpretation of variable real-world unstructured input would collapse into brittle templates, thresholds, or manual review.","8","AI-STRONGLY-JUSTIFIED","scouts/locust units -> scouts/locust units; photos, geotagged reports, weather -> CV/audio/speech/HTR interpretation or deterministic decision -> accountable next action -> human feedback/record","8","Input arrives -> system identifies the relevant condition -> user sees an accountable next action in context.","8","6","YES","MEDIUM","NONE","H/M","MEDIUM","SURVIVE","Survives the adversary: a learned model is central to interpreting variable real-world unstructured input, while the product loop ends in a reviewable action.","False"
"P139","Identify exoplanet signals for follow-up","researchers","6","researchers; light curves","Constrained capture guidance, classical CV/signal processing, templates, thresholds, and human review.","5","Known categories, structured records, deterministic constraints, and accountable workflow state.","Generalize robustly across unconstrained, variable, semantic input without extensive hand-coded rules or manual review.","Hybrid: model handles unstructured interpretation; deterministic workflow verifies, routes, and records the action.","CV/audio/speech/HTR","WITHOUT THE MODEL, robust semantic interpretation of variable real-world unstructured input would collapse into brittle templates, thresholds, or manual review.","4","AI-HELPFUL-BUT-NOT-NECESSARY","researchers -> researchers; light curves -> CV/audio/speech/HTR interpretation or deterministic decision -> accountable next action -> human feedback/record","8","Input arrives -> system identifies the relevant condition -> user sees an accountable next action in context.","8","6","YES","MEDIUM","NONE","H/M","MEDIUM","KILL","The core action depends on interpreting variable unstructured input that fixed rules cannot cover reliably.","False"
"P140","Retrieve mission-biology evidence across experiments","mission researchers","6","mission researchers; papers, metadata, results","Rules, forms, database/search, checklists, audit logs, and where applicable CP-SAT/graph optimization/statistics/signal processing.","7","Known categories, structured records, deterministic constraints, and accountable workflow state.","Open-ended semantic/perceptual cases only; these are not central enough here to justify a model.","Hybrid: model handles unstructured interpretation; deterministic workflow verifies, routes, and records the action.","LLM/VLM/document model","WITHOUT THE MODEL, semantic triage or extraction would be slower and less flexible, but structured forms, retrieval, templates, and human review still solve the core need.","6","AI-HELPFUL-BUT-NOT-NECESSARY","mission researchers -> mission researchers; papers, metadata, results -> LLM/VLM/document model interpretation or deterministic decision -> accountable next action -> human feedback/record","6","Input arrives -> system identifies the relevant condition -> user sees an accountable next action in context.","5","6","YES","LOW","NONE","H/M","HIGH","KILL","Models may compress unstructured interpretation but a strong source-bound non-AI workflow remains plausible.","False"
"P141","Explore extreme-resolution scientific imagery","analysts","7","analysts; gigapixel imagery/video and labels","Constrained capture guidance, classical CV/signal processing, templates, thresholds, and human review.","5","Known categories, structured records, deterministic constraints, and accountable workflow state.","Generalize robustly across unconstrained, variable, semantic input without extensive hand-coded rules or manual review.","Hybrid: model handles unstructured interpretation; deterministic workflow verifies, routes, and records the action.","CV/audio/speech/HTR","WITHOUT THE MODEL, robust semantic interpretation of variable real-world unstructured input would collapse into brittle templates, thresholds, or manual review.","9","AI-NATIVE","analysts -> analysts; gigapixel imagery/video and labels -> CV/audio/speech/HTR interpretation or deterministic decision -> accountable next action -> human feedback/record","8","Input arrives -> system identifies the relevant condition -> user sees an accountable next action in context.","8","6","YES","MEDIUM","NONE","H/M","MEDIUM","SURVIVE","Survives the adversary: a learned model is central to interpreting variable real-world unstructured input, while the product loop ends in a reviewable action.","False"
"P142","Track flowering phenology across geography","ecologists","6","ecologists; EO vegetation time series","Constrained capture guidance, classical CV/signal processing, templates, thresholds, and human review.","5","Known categories, structured records, deterministic constraints, and accountable workflow state.","Generalize robustly across unconstrained, variable, semantic input without extensive hand-coded rules or manual review.","Hybrid: model handles unstructured interpretation; deterministic workflow verifies, routes, and records the action.","CV/audio/speech/HTR","WITHOUT THE MODEL, robust semantic interpretation of variable real-world unstructured input would collapse into brittle templates, thresholds, or manual review.","8","AI-NATIVE","ecologists -> ecologists; EO vegetation time series -> CV/audio/speech/HTR interpretation or deterministic decision -> accountable next action -> human feedback/record","8","Input arrives -> system identifies the relevant condition -> user sees an accountable next action in context.","8","6","YES","MEDIUM","NONE","H/M","MEDIUM","BORDERLINE","A model can add meaningful semantic/perceptual interpretation, but non-AI baselines, safety constraints, product scope, or evaluation uncertainty remain material.","False"
"P143","Make local air-quality exposure decisions","residents/planners","6","residents/planners; satellite, ground, weather feeds","Rules, forms, database/search, checklists, audit logs, and where applicable CP-SAT/graph optimization/statistics/signal processing.","8","Known categories, structured records, deterministic constraints, and accountable workflow state.","Open-ended semantic/perceptual cases only; these are not central enough here to justify a model.","No learned model in core system; conventional software is recommended.","none","No learned capability is central; deterministic workflow software is sufficient.","5","AI-HELPFUL-BUT-NOT-NECESSARY","residents/planners -> residents/planners; satellite, ground, weather feeds -> none interpretation or deterministic decision -> accountable next action -> human feedback/record","6","No convincing model-dependent demo; show the classical workflow instead.","6","6","YES","LOW","NONE","H/M","HIGH","BORDERLINE","A model can add meaningful semantic/perceptual interpretation, but non-AI baselines, safety constraints, product scope, or evaluation uncertainty remain material.","False"
"P144","Reconcile satellite biodiversity mapping with sparse ground truth","conservation teams","7","conservation teams; spectroscopy and field labels","Rules, forms, database/search, checklists, audit logs, and where applicable CP-SAT/graph optimization/statistics/signal processing.","5","Known categories, structured records, deterministic constraints, and accountable workflow state.","Open-ended semantic/perceptual cases only; these are not central enough here to justify a model.","No learned model in core system; conventional software is recommended.","none","No learned capability is central; deterministic workflow software is sufficient.","9","AI-NATIVE","conservation teams -> conservation teams; spectroscopy and field labels -> none interpretation or deterministic decision -> accountable next action -> human feedback/record","8","No convincing model-dependent demo; show the classical workflow instead.","8","6","YES","LOW","NONE","H/M","MEDIUM","SURVIVE","Survives the adversary: a learned model is central to interpreting variable real-world unstructured input, while the product loop ends in a reviewable action.","False"
"P145","Characterize GHG source/sink uncertainty","climate stakeholders","6","climate stakeholders; gridded and satellite data","Rules, forms, database/search, checklists, audit logs, and where applicable CP-SAT/graph optimization/statistics/signal processing.","8","Known categories, structured records, deterministic constraints, and accountable workflow state.","Open-ended semantic/perceptual cases only; these are not central enough here to justify a model.","No learned model in core system; conventional software is recommended.","none","No learned capability is central; deterministic workflow software is sufficient.","3","NON-AI-BETTER","climate stakeholders -> climate stakeholders; gridded and satellite data -> none interpretation or deterministic decision -> accountable next action -> human feedback/record","5","No convincing model-dependent demo; show the classical workflow instead.","4","6","YES","LOW","NONE","H/M","HIGH","KILL","A strong classical workflow/optimization/rules system addresses the core need without a learned model.","False"
"P146","Make legal-aid intake reachable for language/cognitive access needs","client/intake worker","8","client/intake worker; spoken or online intake data","Rules, forms, database/search, checklists, audit logs, and where applicable CP-SAT/graph optimization/statistics/signal processing.","7","Known categories, structured records, deterministic constraints, and accountable workflow state.","Open-ended semantic/perceptual cases only; these are not central enough here to justify a model.","Hybrid: model handles unstructured interpretation; deterministic workflow verifies, routes, and records the action.","LLM/VLM/document model","WITHOUT THE MODEL, semantic triage or extraction would be slower and less flexible, but structured forms, retrieval, templates, and human review still solve the core need.","6","AI-HELPFUL-BUT-NOT-NECESSARY","client/intake worker -> client/intake worker; spoken or online intake data -> LLM/VLM/document model interpretation or deterministic decision -> accountable next action -> human feedback/record","6","Input arrives -> system identifies the relevant condition -> user sees an accountable next action in context.","6","8","YES","LOW","NONE","H/M","HIGH","BORDERLINE","A model can add meaningful semantic/perceptual interpretation, but non-AI baselines, safety constraints, product scope, or evaluation uncertainty remain material.","False"
"P147","Refer people to the legal provider that actually accepts their case","community referrer","6","community referrer; case facts/location/income","Rules, forms, database/search, checklists, audit logs, and where applicable CP-SAT/graph optimization/statistics/signal processing.","8","Known categories, structured records, deterministic constraints, and accountable workflow state.","Open-ended semantic/perceptual cases only; these are not central enough here to justify a model.","No learned model in core system; conventional software is recommended.","none","No learned capability is central; deterministic workflow software is sufficient.","3","NON-AI-BETTER","community referrer -> community referrer; case facts/location/income -> none interpretation or deterministic decision -> accountable next action -> human feedback/record","5","No convincing model-dependent demo; show the classical workflow instead.","4","6","YES","LOW","NONE","H/M","HIGH","KILL","A strong classical workflow/optimization/rules system addresses the core need without a learned model.","False"
"P148","Keep jurisdiction-specific court forms/procedure current","legal-aid worker","6","legal-aid worker; jurisdiction/case/form","Rules, forms, database/search, checklists, audit logs, and where applicable CP-SAT/graph optimization/statistics/signal processing.","7","Known categories, structured records, deterministic constraints, and accountable workflow state.","Open-ended semantic/perceptual cases only; these are not central enough here to justify a model.","Hybrid: model handles unstructured interpretation; deterministic workflow verifies, routes, and records the action.","LLM/VLM/document model","WITHOUT THE MODEL, semantic triage or extraction would be slower and less flexible, but structured forms, retrieval, templates, and human review still solve the core need.","6","AI-HELPFUL-BUT-NOT-NECESSARY","legal-aid worker -> legal-aid worker; jurisdiction/case/form -> LLM/VLM/document model interpretation or deterministic decision -> accountable next action -> human feedback/record","6","Input arrives -> system identifies the relevant condition -> user sees an accountable next action in context.","5","6","YES","LOW","NONE","H/M","HIGH","KILL","Models may compress unstructured interpretation but a strong source-bound non-AI workflow remains plausible.","False"
"P149","Move self-represented user from legal issue to next filing task","litigant","6","litigant; stage and documents","Rules, forms, database/search, checklists, audit logs, and where applicable CP-SAT/graph optimization/statistics/signal processing.","7","Known categories, structured records, deterministic constraints, and accountable workflow state.","Open-ended semantic/perceptual cases only; these are not central enough here to justify a model.","Hybrid: model handles unstructured interpretation; deterministic workflow verifies, routes, and records the action.","LLM/VLM/document model","WITHOUT THE MODEL, semantic triage or extraction would be slower and less flexible, but structured forms, retrieval, templates, and human review still solve the core need.","6","AI-HELPFUL-BUT-NOT-NECESSARY","litigant -> litigant; stage and documents -> LLM/VLM/document model interpretation or deterministic decision -> accountable next action -> human feedback/record","6","Input arrives -> system identifies the relevant condition -> user sees an accountable next action in context.","5","6","YES","LOW","NONE","H/M","HIGH","KILL","Models may compress unstructured interpretation but a strong source-bound non-AI workflow remains plausible.","False"
"P150","Securely collect legal-aid documents and schedule callbacks","applicant/intake","6","applicant/intake; supporting documents and availability","Rules, forms, database/search, checklists, audit logs, and where applicable CP-SAT/graph optimization/statistics/signal processing.","9","Known categories, structured records, deterministic constraints, and accountable workflow state.","Open-ended semantic/perceptual cases only; these are not central enough here to justify a model.","No learned model in core system; conventional software is recommended.","none","WITHOUT THE MODEL, the core need still works through deterministic rules, search, databases, statistics, graph algorithms, or CP-SAT.","2","NON-AI-BETTER","applicant/intake -> applicant/intake; supporting documents and availability -> none interpretation or deterministic decision -> accountable next action -> human feedback/record","6","No convincing model-dependent demo; show the classical workflow instead.","5","6","YES","LOW","NONE","H/M","HIGH","KILL","ALGORITHM_TRAP: classical systems directly solve the stated decision/workflow.","True"
"P151","Turn community-paralegal cases into privacy-aware program learning","NGO/paralegal","6","NGO/paralegal; case trajectory/outcome data","Rules, forms, database/search, checklists, audit logs, and where applicable CP-SAT/graph optimization/statistics/signal processing.","8","Known categories, structured records, deterministic constraints, and accountable workflow state.","Open-ended semantic/perceptual cases only; these are not central enough here to justify a model.","No learned model in core system; conventional software is recommended.","none","No learned capability is central; deterministic workflow software is sufficient.","3","NON-AI-BETTER","NGO/paralegal -> NGO/paralegal; case trajectory/outcome data -> none interpretation or deterministic decision -> accountable next action -> human feedback/record","5","No convincing model-dependent demo; show the classical workflow instead.","4","6","YES","LOW","NONE","H/M","HIGH","KILL","A strong classical workflow/optimization/rules system addresses the core need without a learned model.","False"
"P152","Process uncatalogued archival collections into discoverable records","archivist/researcher","7","archivist/researcher; item text/image/context","Constrained capture guidance, classical CV/signal processing, templates, thresholds, and human review.","5","Known categories, structured records, deterministic constraints, and accountable workflow state.","Generalize robustly across unconstrained, variable, semantic input without extensive hand-coded rules or manual review.","Hybrid: model handles unstructured interpretation; deterministic workflow verifies, routes, and records the action.","CV/audio/speech/HTR","WITHOUT THE MODEL, robust semantic interpretation of variable real-world unstructured input would collapse into brittle templates, thresholds, or manual review.","9","AI-NATIVE","archivist/researcher -> archivist/researcher; item text/image/context -> CV/audio/speech/HTR interpretation or deterministic decision -> accountable next action -> human feedback/record","8","Input arrives -> system identifies the relevant condition -> user sees an accountable next action in context.","8","6","YES","MEDIUM","NONE","H/M","MEDIUM","SURVIVE","Survives the adversary: a learned model is central to interpreting variable real-world unstructured input, while the product loop ends in a reviewable action.","False"
"P153","Catalog non-Latin-script resources despite specialist scarcity","cataloger","7","cataloger; text/image/script","Constrained capture guidance, classical CV/signal processing, templates, thresholds, and human review.","5","Known categories, structured records, deterministic constraints, and accountable workflow state.","Generalize robustly across unconstrained, variable, semantic input without extensive hand-coded rules or manual review.","Hybrid: model handles unstructured interpretation; deterministic workflow verifies, routes, and records the action.","CV/audio/speech/HTR","WITHOUT THE MODEL, robust semantic interpretation of variable real-world unstructured input would collapse into brittle templates, thresholds, or manual review.","9","AI-NATIVE","cataloger -> cataloger; text/image/script -> CV/audio/speech/HTR interpretation or deterministic decision -> accountable next action -> human feedback/record","8","Input arrives -> system identifies the relevant condition -> user sees an accountable next action in context.","8","6","YES","MEDIUM","NONE","H/M","MEDIUM","SURVIVE","Survives the adversary: a learned model is central to interpreting variable real-world unstructured input, while the product loop ends in a reviewable action.","False"
"P154","Flag harmful/inaccurate/personal legacy heritage metadata","GLAM staff","6","GLAM staff; historical records and standards","Rules, forms, database/search, checklists, audit logs, and where applicable CP-SAT/graph optimization/statistics/signal processing.","7","Known categories, structured records, deterministic constraints, and accountable workflow state.","Open-ended semantic/perceptual cases only; these are not central enough here to justify a model.","Hybrid: model handles unstructured interpretation; deterministic workflow verifies, routes, and records the action.","LLM/VLM/document model","WITHOUT THE MODEL, semantic triage or extraction would be slower and less flexible, but structured forms, retrieval, templates, and human review still solve the core need.","6","AI-HELPFUL-BUT-NOT-NECESSARY","GLAM staff -> GLAM staff; historical records and standards -> LLM/VLM/document model interpretation or deterministic decision -> accountable next action -> human feedback/record","6","Input arrives -> system identifies the relevant condition -> user sees an accountable next action in context.","6","6","YES","LOW","NONE","H/M","HIGH","BORDERLINE","A model can add meaningful semantic/perceptual interpretation, but non-AI baselines, safety constraints, product scope, or evaluation uncertainty remain material.","False"
"P155","Plan viable digitization before scanning","library/heritage partner","6","library/heritage partner; condition, rights, metadata","Rules, forms, database/search, checklists, audit logs, and where applicable CP-SAT/graph optimization/statistics/signal processing.","7","Known categories, structured records, deterministic constraints, and accountable workflow state.","Open-ended semantic/perceptual cases only; these are not central enough here to justify a model.","Hybrid: model handles unstructured interpretation; deterministic workflow verifies, routes, and records the action.","LLM/VLM/document model","WITHOUT THE MODEL, semantic triage or extraction would be slower and less flexible, but structured forms, retrieval, templates, and human review still solve the core need.","6","AI-HELPFUL-BUT-NOT-NECESSARY","library/heritage partner -> library/heritage partner; condition, rights, metadata -> LLM/VLM/document model interpretation or deterministic decision -> accountable next action -> human feedback/record","6","Input arrives -> system identifies the relevant condition -> user sees an accountable next action in context.","5","6","YES","LOW","NONE","H/M","HIGH","KILL","Models may compress unstructured interpretation but a strong source-bound non-AI workflow remains plausible.","False"
"P156","Estimate/archive-process backlogs without inaccessible collections","archivist","8","archivist; collection size/condition/metadata","Rules, forms, database/search, checklists, audit logs, and where applicable CP-SAT/graph optimization/statistics/signal processing.","7","Known categories, structured records, deterministic constraints, and accountable workflow state.","Open-ended semantic/perceptual cases only; these are not central enough here to justify a model.","Hybrid: model handles unstructured interpretation; deterministic workflow verifies, routes, and records the action.","LLM/VLM/document model","WITHOUT THE MODEL, semantic triage or extraction would be slower and less flexible, but structured forms, retrieval, templates, and human review still solve the core need.","6","AI-HELPFUL-BUT-NOT-NECESSARY","archivist -> archivist; collection size/condition/metadata -> LLM/VLM/document model interpretation or deterministic decision -> accountable next action -> human feedback/record","6","Input arrives -> system identifies the relevant condition -> user sees an accountable next action in context.","5","8","YES","LOW","NONE","H/M","HIGH","KILL","Models may compress unstructured interpretation but a strong source-bound non-AI workflow remains plausible.","False"
"P157","Find defensibly responsive records for FOIA","FOIA staff","8","FOIA staff; request, repositories, access constraints","Rules, forms, database/search, checklists, audit logs, and where applicable CP-SAT/graph optimization/statistics/signal processing.","7","Known categories, structured records, deterministic constraints, and accountable workflow state.","Open-ended semantic/perceptual cases only; these are not central enough here to justify a model.","Hybrid: model handles unstructured interpretation; deterministic workflow verifies, routes, and records the action.","LLM/VLM/document model","WITHOUT THE MODEL, semantic triage or extraction would be slower and less flexible, but structured forms, retrieval, templates, and human review still solve the core need.","6","AI-HELPFUL-BUT-NOT-NECESSARY","FOIA staff -> FOIA staff; request, repositories, access constraints -> LLM/VLM/document model interpretation or deterministic decision -> accountable next action -> human feedback/record","6","Input arrives -> system identifies the relevant condition -> user sees an accountable next action in context.","6","8","YES","LOW","NONE","H/M","HIGH","BORDERLINE","A model can add meaningful semantic/perceptual interpretation, but non-AI baselines, safety constraints, product scope, or evaluation uncertainty remain material.","False"
"P158","Capture construction incidents/near misses across subcontractors","site manager","6","site manager; reports/photos/task data","Constrained capture guidance, classical CV/signal processing, templates, thresholds, and human review.","5","Known categories, structured records, deterministic constraints, and accountable workflow state.","Generalize robustly across unconstrained, variable, semantic input without extensive hand-coded rules or manual review.","Hybrid: model handles unstructured interpretation; deterministic workflow verifies, routes, and records the action.","CV/audio/speech/HTR","WITHOUT THE MODEL, robust semantic interpretation of variable real-world unstructured input would collapse into brittle templates, thresholds, or manual review.","8","AI-NATIVE","site manager -> site manager; reports/photos/task data -> CV/audio/speech/HTR interpretation or deterministic decision -> accountable next action -> human feedback/record","8","Input arrives -> system identifies the relevant condition -> user sees an accountable next action in context.","8","6","YES","MEDIUM","NONE","H/M","MEDIUM","BORDERLINE","A model can add meaningful semantic/perceptual interpretation, but non-AI baselines, safety constraints, product scope, or evaluation uncertainty remain material.","False"
"P159","Track building-safety remediation evidence and blockers","owner/regulator","8","owner/regulator; inspection/status/dependency records","Rules, forms, database/search, checklists, audit logs, and where applicable CP-SAT/graph optimization/statistics/signal processing.","9","Known categories, structured records, deterministic constraints, and accountable workflow state.","Open-ended semantic/perceptual cases only; these are not central enough here to justify a model.","No learned model in core system; conventional software is recommended.","none","WITHOUT THE MODEL, the core need still works through deterministic rules, search, databases, statistics, graph algorithms, or CP-SAT.","2","NON-AI-BETTER","owner/regulator -> owner/regulator; inspection/status/dependency records -> none interpretation or deterministic decision -> accountable next action -> human feedback/record","5","No convincing model-dependent demo; show the classical workflow instead.","4","8","YES","LOW","NONE","H/M","HIGH","KILL","ALGORITHM_TRAP: classical systems directly solve the stated decision/workflow.","True"
"P160","Reconcile shelter intake, placement, transfer and time in care","shelter manager","6","shelter manager; animal and outcome records","Rules, forms, database/search, checklists, audit logs, and where applicable CP-SAT/graph optimization/statistics/signal processing.","9","Known categories, structured records, deterministic constraints, and accountable workflow state.","Open-ended semantic/perceptual cases only; these are not central enough here to justify a model.","No learned model in core system; conventional software is recommended.","none","WITHOUT THE MODEL, the core need still works through deterministic rules, search, databases, statistics, graph algorithms, or CP-SAT.","2","NON-AI-BETTER","shelter manager -> shelter manager; animal and outcome records -> none interpretation or deterministic decision -> accountable next action -> human feedback/record","5","No convincing model-dependent demo; show the classical workflow instead.","4","6","YES","LOW","HUMAN-IN-LOOP","H/M","HIGH","KILL","ALGORITHM_TRAP: classical systems directly solve the stated decision/workflow.","True"
"P161","Maintain species-inclusive shelter data definitions","multi-species shelter","6","multi-species shelter; intake/outcome records","Constrained capture guidance, classical CV/signal processing, templates, thresholds, and human review.","5","Known categories, structured records, deterministic constraints, and accountable workflow state.","Generalize robustly across unconstrained, variable, semantic input without extensive hand-coded rules or manual review.","Hybrid: model handles unstructured interpretation; deterministic workflow verifies, routes, and records the action.","CV/audio/speech/HTR","WITHOUT THE MODEL, robust semantic interpretation of variable real-world unstructured input would collapse into brittle templates, thresholds, or manual review.","4","AI-HELPFUL-BUT-NOT-NECESSARY","multi-species shelter -> multi-species shelter; intake/outcome records -> CV/audio/speech/HTR interpretation or deterministic decision -> accountable next action -> human feedback/record","8","Input arrives -> system identifies the relevant condition -> user sees an accountable next action in context.","8","6","YES","MEDIUM","NONE","H/M","MEDIUM","KILL","The core action depends on interpreting variable unstructured input that fixed rules cannot cover reliably.","False"
"P162","Separate animal-control case records from welfare/adoption records","staff","6","staff; enforcement and care histories","Rules, forms, database/search, checklists, audit logs, and where applicable CP-SAT/graph optimization/statistics/signal processing.","8","Known categories, structured records, deterministic constraints, and accountable workflow state.","Open-ended semantic/perceptual cases only; these are not central enough here to justify a model.","No learned model in core system; conventional software is recommended.","none","No learned capability is central; deterministic workflow software is sufficient.","3","NON-AI-BETTER","staff -> staff; enforcement and care histories -> none interpretation or deterministic decision -> accountable next action -> human feedback/record","5","No convincing model-dependent demo; show the classical workflow instead.","4","6","YES","LOW","HUMAN-IN-LOOP","H/M","HIGH","KILL","A strong classical workflow/optimization/rules system addresses the core need without a learned model.","False"
"P163","Reduce veterinary nonclinical back-office burden","clinic owner","6","clinic owner; administrative workflow records","Rules, forms, database/search, checklists, audit logs, and where applicable CP-SAT/graph optimization/statistics/signal processing.","9","Known categories, structured records, deterministic constraints, and accountable workflow state.","Open-ended semantic/perceptual cases only; these are not central enough here to justify a model.","No learned model in core system; conventional software is recommended.","none","WITHOUT THE MODEL, the core need still works through deterministic rules, search, databases, statistics, graph algorithms, or CP-SAT.","2","NON-AI-BETTER","clinic owner -> clinic owner; administrative workflow records -> none interpretation or deterministic decision -> accountable next action -> human feedback/record","5","No convincing model-dependent demo; show the classical workflow instead.","4","6","PARTIAL","HIGH","REGULATED","H/M","HIGH","KILL","ALGORITHM_TRAP: classical systems directly solve the stated decision/workflow. High-consequence setting requires human accountable review and safety validation.","True"
"P164","Close food-service critical violations with evidence","operator/inspector","6","operator/inspector; inspection and corrective-action records","Rules, forms, database/search, checklists, audit logs, and where applicable CP-SAT/graph optimization/statistics/signal processing.","8","Known categories, structured records, deterministic constraints, and accountable workflow state.","Open-ended semantic/perceptual cases only; these are not central enough here to justify a model.","No learned model in core system; conventional software is recommended.","none","No learned capability is central; deterministic workflow software is sufficient.","3","NON-AI-BETTER","operator/inspector -> operator/inspector; inspection and corrective-action records -> none interpretation or deterministic decision -> accountable next action -> human feedback/record","5","No convincing model-dependent demo; show the classical workflow instead.","4","6","YES","LOW","NONE","H/M","HIGH","KILL","A strong classical workflow/optimization/rules system addresses the core need without a learned model.","False"
"P165","Observe food-handler risk factors consistently","supervisors/inspectors","6","supervisors/inspectors; behavior observations","Rules, forms, database/search, checklists, audit logs, and where applicable CP-SAT/graph optimization/statistics/signal processing.","8","Known categories, structured records, deterministic constraints, and accountable workflow state.","Open-ended semantic/perceptual cases only; these are not central enough here to justify a model.","No learned model in core system; conventional software is recommended.","none","No learned capability is central; deterministic workflow software is sufficient.","5","AI-HELPFUL-BUT-NOT-NECESSARY","supervisors/inspectors -> supervisors/inspectors; behavior observations -> none interpretation or deterministic decision -> accountable next action -> human feedback/record","6","No convincing model-dependent demo; show the classical workflow instead.","6","6","YES","LOW","NONE","H/M","HIGH","BORDERLINE","A model can add meaningful semantic/perceptual interpretation, but non-AI baselines, safety constraints, product scope, or evaluation uncertainty remain material.","False"
"P166","Operate compliant mobile/temporary food service","mobile operator","6","mobile operator; location/process compliance context","Rules, forms, database/search, checklists, audit logs, and where applicable CP-SAT/graph optimization/statistics/signal processing.","9","Known categories, structured records, deterministic constraints, and accountable workflow state.","Open-ended semantic/perceptual cases only; these are not central enough here to justify a model.","No learned model in core system; conventional software is recommended.","none","WITHOUT THE MODEL, the core need still works through deterministic rules, search, databases, statistics, graph algorithms, or CP-SAT.","2","NON-AI-BETTER","mobile operator -> mobile operator; location/process compliance context -> none interpretation or deterministic decision -> accountable next action -> human feedback/record","5","No convincing model-dependent demo; show the classical workflow instead.","4","6","YES","LOW","NONE","H/M","HIGH","KILL","ALGORITHM_TRAP: classical systems directly solve the stated decision/workflow.","True"
"P167","Understand inspection records without treating one snapshot as a verdict","public/operator","6","public/operator; historical PDF/HTML reports","Rules, forms, database/search, checklists, audit logs, and where applicable CP-SAT/graph optimization/statistics/signal processing.","8","Known categories, structured records, deterministic constraints, and accountable workflow state.","Open-ended semantic/perceptual cases only; these are not central enough here to justify a model.","No learned model in core system; conventional software is recommended.","none","No learned capability is central; deterministic workflow software is sufficient.","3","NON-AI-BETTER","public/operator -> public/operator; historical PDF/HTML reports -> none interpretation or deterministic decision -> accountable next action -> human feedback/record","5","No convincing model-dependent demo; show the classical workflow instead.","4","6","YES","LOW","NONE","H/M","HIGH","KILL","A strong classical workflow/optimization/rules system addresses the core need without a learned model.","False"
"P168","Coordinate micro-merchant payment acceptance across a two-sided market","merchants/customers/suppliers","6","merchants/customers/suppliers; transaction/channel data","Rules, forms, database/search, checklists, audit logs, and where applicable CP-SAT/graph optimization/statistics/signal processing.","9","Known categories, structured records, deterministic constraints, and accountable workflow state.","Open-ended semantic/perceptual cases only; these are not central enough here to justify a model.","No learned model in core system; conventional software is recommended.","none","WITHOUT THE MODEL, the core need still works through deterministic rules, search, databases, statistics, graph algorithms, or CP-SAT.","2","NON-AI-BETTER","merchants/customers/suppliers -> merchants/customers/suppliers; transaction/channel data -> none interpretation or deterministic decision -> accountable next action -> human feedback/record","5","No convincing model-dependent demo; show the classical workflow instead.","4","6","YES","LOW","NONE","H/M","HIGH","KILL","ALGORITHM_TRAP: classical systems directly solve the stated decision/workflow.","True"
"P169","Capture rural e-commerce orders without displacing trusted channels","rural merchants","6","rural merchants; phone/WhatsApp orders/connectivity","Rules, forms, database/search, checklists, audit logs, and where applicable CP-SAT/graph optimization/statistics/signal processing.","8","Known categories, structured records, deterministic constraints, and accountable workflow state.","Open-ended semantic/perceptual cases only; these are not central enough here to justify a model.","No learned model in core system; conventional software is recommended.","none","No learned capability is central; deterministic workflow software is sufficient.","3","NON-AI-BETTER","rural merchants -> rural merchants; phone/WhatsApp orders/connectivity -> none interpretation or deterministic decision -> accountable next action -> human feedback/record","5","No convincing model-dependent demo; show the classical workflow instead.","4","6","YES","LOW","NONE","H/M","HIGH","KILL","A strong classical workflow/optimization/rules system addresses the core need without a learned model.","False"
"P170","Handle MSME procurement/market-access qualification paperwork","small firm","8","small firm; eligibility and documents","Rules, forms, database/search, checklists, audit logs, and where applicable CP-SAT/graph optimization/statistics/signal processing.","7","Known categories, structured records, deterministic constraints, and accountable workflow state.","Open-ended semantic/perceptual cases only; these are not central enough here to justify a model.","Hybrid: model handles unstructured interpretation; deterministic workflow verifies, routes, and records the action.","LLM/VLM/document model","WITHOUT THE MODEL, semantic triage or extraction would be slower and less flexible, but structured forms, retrieval, templates, and human review still solve the core need.","6","AI-HELPFUL-BUT-NOT-NECESSARY","small firm -> small firm; eligibility and documents -> LLM/VLM/document model interpretation or deterministic decision -> accountable next action -> human feedback/record","6","Input arrives -> system identifies the relevant condition -> user sees an accountable next action in context.","6","8","YES","LOW","NONE","H/M","HIGH","BORDERLINE","A model can add meaningful semantic/perceptual interpretation, but non-AI baselines, safety constraints, product scope, or evaluation uncertainty remain material.","False"
"P171","Reduce non-actionable ICU alarm burden without hiding true alarms","ICU team","6","ICU team; alarm audio/events","Constrained capture guidance, classical CV/signal processing, templates, thresholds, and human review.","5","Known categories, structured records, deterministic constraints, and accountable workflow state.","Generalize robustly across unconstrained, variable, semantic input without extensive hand-coded rules or manual review.","Hybrid: model handles unstructured interpretation; deterministic workflow verifies, routes, and records the action.","CV/audio/speech/HTR","WITHOUT THE MODEL, robust semantic interpretation of variable real-world unstructured input would collapse into brittle templates, thresholds, or manual review.","8","AI-NATIVE","ICU team -> ICU team; alarm audio/events -> CV/audio/speech/HTR interpretation or deterministic decision -> accountable next action -> human feedback/record","8","Input arrives -> system identifies the relevant condition -> user sees an accountable next action in context.","8","6","YES","HIGH","REGULATED","H/M","MEDIUM","BORDERLINE","A model can add meaningful semantic/perceptual interpretation, but non-AI baselines, safety constraints, product scope, or evaluation uncertainty remain material.","False"
"P172","Balance construction warning audibility with hearing protection","workers","6","workers; environmental sound","Constrained capture guidance, classical CV/signal processing, templates, thresholds, and human review.","5","Known categories, structured records, deterministic constraints, and accountable workflow state.","Generalize robustly across unconstrained, variable, semantic input without extensive hand-coded rules or manual review.","Hybrid: model handles unstructured interpretation; deterministic workflow verifies, routes, and records the action.","CV/audio/speech/HTR","WITHOUT THE MODEL, robust semantic interpretation of variable real-world unstructured input would collapse into brittle templates, thresholds, or manual review.","4","AI-HELPFUL-BUT-NOT-NECESSARY","workers -> workers; environmental sound -> CV/audio/speech/HTR interpretation or deterministic decision -> accountable next action -> human feedback/record","8","Input arrives -> system identifies the relevant condition -> user sees an accountable next action in context.","8","6","YES","MEDIUM","NONE","H/M","MEDIUM","KILL","The core action depends on interpreting variable unstructured input that fixed rules cannot cover reliably.","False"
"P173","Interpret variable pipe acoustics for water-loss investigation","utility operator","7","utility operator; acoustic recordings","Constrained capture guidance, classical CV/signal processing, templates, thresholds, and human review.","5","Known categories, structured records, deterministic constraints, and accountable workflow state.","Generalize robustly across unconstrained, variable, semantic input without extensive hand-coded rules or manual review.","Hybrid: model handles unstructured interpretation; deterministic workflow verifies, routes, and records the action.","CV/audio/speech/HTR","WITHOUT THE MODEL, robust semantic interpretation of variable real-world unstructured input would collapse into brittle templates, thresholds, or manual review.","9","AI-NATIVE","utility operator -> utility operator; acoustic recordings -> CV/audio/speech/HTR interpretation or deterministic decision -> accountable next action -> human feedback/record","8","Input arrives -> system identifies the relevant condition -> user sees an accountable next action in context.","8","6","YES","MEDIUM","NONE","H/M","MEDIUM","SURVIVE","Survives the adversary: a learned model is central to interpreting variable real-world unstructured input, while the product loop ends in a reviewable action.","False"
"P174","Search passive-acoustic archives for calls/noise/events","conservation team","7","conservation team; long audio streams","Constrained capture guidance, classical CV/signal processing, templates, thresholds, and human review.","5","Known categories, structured records, deterministic constraints, and accountable workflow state.","Generalize robustly across unconstrained, variable, semantic input without extensive hand-coded rules or manual review.","Hybrid: model handles unstructured interpretation; deterministic workflow verifies, routes, and records the action.","CV/audio/speech/HTR","WITHOUT THE MODEL, robust semantic interpretation of variable real-world unstructured input would collapse into brittle templates, thresholds, or manual review.","9","AI-NATIVE","conservation team -> conservation team; long audio streams -> CV/audio/speech/HTR interpretation or deterministic decision -> accountable next action -> human feedback/record","8","Input arrives -> system identifies the relevant condition -> user sees an accountable next action in context.","8","6","YES","MEDIUM","NONE","H/M","MEDIUM","SURVIVE","Survives the adversary: a learned model is central to interpreting variable real-world unstructured input, while the product loop ends in a reviewable action.","False"
"P175","Monitor remote forest disturbance with acoustics","ranger partner","7","ranger partner; edge audio/connectivity events","Constrained capture guidance, classical CV/signal processing, templates, thresholds, and human review.","5","Known categories, structured records, deterministic constraints, and accountable workflow state.","Generalize robustly across unconstrained, variable, semantic input without extensive hand-coded rules or manual review.","Hybrid: model handles unstructured interpretation; deterministic workflow verifies, routes, and records the action.","CV/audio/speech/HTR","WITHOUT THE MODEL, robust semantic interpretation of variable real-world unstructured input would collapse into brittle templates, thresholds, or manual review.","9","AI-NATIVE","ranger partner -> ranger partner; edge audio/connectivity events -> CV/audio/speech/HTR interpretation or deterministic decision -> accountable next action -> human feedback/record","8","Input arrives -> system identifies the relevant condition -> user sees an accountable next action in context.","8","6","YES","MEDIUM","NONE","H/M","MEDIUM","SURVIVE","Survives the adversary: a learned model is central to interpreting variable real-world unstructured input, while the product loop ends in a reviewable action.","False"
"P176","Maintain intelligible emergency radio traffic under incident load","incident command","8","incident command; radio audio/timeline","Constrained capture guidance, classical CV/signal processing, templates, thresholds, and human review.","5","Known categories, structured records, deterministic constraints, and accountable workflow state.","Generalize robustly across unconstrained, variable, semantic input without extensive hand-coded rules or manual review.","Hybrid: model handles unstructured interpretation; deterministic workflow verifies, routes, and records the action.","CV/audio/speech/HTR","WITHOUT THE MODEL, robust semantic interpretation of variable real-world unstructured input would collapse into brittle templates, thresholds, or manual review.","8","AI-NATIVE","incident command -> incident command; radio audio/timeline -> CV/audio/speech/HTR interpretation or deterministic decision -> accountable next action -> human feedback/record","8","Input arrives -> system identifies the relevant condition -> user sees an accountable next action in context.","8","8","YES","HIGH","REGULATED","H/M","MEDIUM","BORDERLINE","A model can add meaningful semantic/perceptual interpretation, but non-AI baselines, safety constraints, product scope, or evaluation uncertainty remain material.","False"
"P177","Preserve/authenticate legal recordings beyond a transcript","justice staff","6","justice staff; recording/transcript/speaker context","Constrained capture guidance, classical CV/signal processing, templates, thresholds, and human review.","5","Known categories, structured records, deterministic constraints, and accountable workflow state.","Generalize robustly across unconstrained, variable, semantic input without extensive hand-coded rules or manual review.","Hybrid: model handles unstructured interpretation; deterministic workflow verifies, routes, and records the action.","CV/audio/speech/HTR","WITHOUT THE MODEL, robust semantic interpretation of variable real-world unstructured input would collapse into brittle templates, thresholds, or manual review.","4","AI-HELPFUL-BUT-NOT-NECESSARY","justice staff -> justice staff; recording/transcript/speaker context -> CV/audio/speech/HTR interpretation or deterministic decision -> accountable next action -> human feedback/record","8","Input arrives -> system identifies the relevant condition -> user sees an accountable next action in context.","8","6","YES","HIGH","REGULATED","H/M","MEDIUM","KILL","The core action depends on interpreting variable unstructured input that fixed rules cannot cover reliably. High-consequence setting requires human accountable review and safety validation.","False"
"P178","Provide qualified communication across clinical language discordance","patient/provider","8","patient/provider; speech and access request","Constrained capture guidance, classical CV/signal processing, templates, thresholds, and human review.","5","Known categories, structured records, deterministic constraints, and accountable workflow state.","Generalize robustly across unconstrained, variable, semantic input without extensive hand-coded rules or manual review.","Hybrid: model handles unstructured interpretation; deterministic workflow verifies, routes, and records the action.","CV/audio/speech/HTR","WITHOUT THE MODEL, robust semantic interpretation of variable real-world unstructured input would collapse into brittle templates, thresholds, or manual review.","8","AI-NATIVE","patient/provider -> patient/provider; speech and access request -> CV/audio/speech/HTR interpretation or deterministic decision -> accountable next action -> human feedback/record","8","Input arrives -> system identifies the relevant condition -> user sees an accountable next action in context.","8","8","YES","HIGH","REGULATED","H/M","MEDIUM","BORDERLINE","A model can add meaningful semantic/perceptual interpretation, but non-AI baselines, safety constraints, product scope, or evaluation uncertainty remain material.","False"
"P179","Resolve unsafe ambiguous handwritten medication orders","pharmacist/clinician","8","pharmacist/clinician; prescription scans","Constrained capture guidance, classical CV/signal processing, templates, thresholds, and human review.","5","Known categories, structured records, deterministic constraints, and accountable workflow state.","Generalize robustly across unconstrained, variable, semantic input without extensive hand-coded rules or manual review.","Hybrid: model handles unstructured interpretation; deterministic workflow verifies, routes, and records the action.","CV/audio/speech/HTR","WITHOUT THE MODEL, robust semantic interpretation of variable real-world unstructured input would collapse into brittle templates, thresholds, or manual review.","8","AI-NATIVE","pharmacist/clinician -> pharmacist/clinician; prescription scans -> CV/audio/speech/HTR interpretation or deterministic decision -> accountable next action -> human feedback/record","8","Input arrives -> system identifies the relevant condition -> user sees an accountable next action in context.","8","8","YES","HIGH","REGULATED","H/M","MEDIUM","BORDERLINE","A model can add meaningful semantic/perceptual interpretation, but non-AI baselines, safety constraints, product scope, or evaluation uncertainty remain material.","False"
"P180","Keep paper clinic/lab forms connected to specimen identity","lab staff","6","lab staff; forms/labels/specimen records","Rules, forms, database/search, checklists, audit logs, and where applicable CP-SAT/graph optimization/statistics/signal processing.","8","Known categories, structured records, deterministic constraints, and accountable workflow state.","Open-ended semantic/perceptual cases only; these are not central enough here to justify a model.","No learned model in core system; conventional software is recommended.","none","No learned capability is central; deterministic workflow software is sufficient.","3","NON-AI-BETTER","lab staff -> lab staff; forms/labels/specimen records -> none interpretation or deterministic decision -> accountable next action -> human feedback/record","5","No convincing model-dependent demo; show the classical workflow instead.","4","6","PARTIAL","HIGH","REGULATED","H/M","HIGH","KILL","A strong classical workflow/optimization/rules system addresses the core need without a learned model. High-consequence setting requires human accountable review and safety validation.","False"
"P181","Transcribe handwritten archival records while retaining review","archivists/volunteers","7","archivists/volunteers; scans, marginalia","Constrained capture guidance, classical CV/signal processing, templates, thresholds, and human review.","5","Known categories, structured records, deterministic constraints, and accountable workflow state.","Generalize robustly across unconstrained, variable, semantic input without extensive hand-coded rules or manual review.","Hybrid: model handles unstructured interpretation; deterministic workflow verifies, routes, and records the action.","CV/audio/speech/HTR","WITHOUT THE MODEL, robust semantic interpretation of variable real-world unstructured input would collapse into brittle templates, thresholds, or manual review.","9","AI-NATIVE","archivists/volunteers -> archivists/volunteers; scans, marginalia -> CV/audio/speech/HTR interpretation or deterministic decision -> accountable next action -> human feedback/record","8","Input arrives -> system identifies the relevant condition -> user sees an accountable next action in context.","8","6","YES","MEDIUM","NONE","H/M","MEDIUM","SURVIVE","Survives the adversary: a learned model is central to interpreting variable real-world unstructured input, while the product loop ends in a reviewable action.","False"
"P182","Reconcile engineering as-built drawings to physical change control","facility team","6","facility team; diagrams, revision records, inspection","Rules, forms, database/search, checklists, audit logs, and where applicable CP-SAT/graph optimization/statistics/signal processing.","7","Known categories, structured records, deterministic constraints, and accountable workflow state.","Open-ended semantic/perceptual cases only; these are not central enough here to justify a model.","Hybrid: model handles unstructured interpretation; deterministic workflow verifies, routes, and records the action.","LLM/VLM/document model","WITHOUT THE MODEL, semantic triage or extraction would be slower and less flexible, but structured forms, retrieval, templates, and human review still solve the core need.","6","AI-HELPFUL-BUT-NOT-NECESSARY","facility team -> facility team; diagrams, revision records, inspection -> LLM/VLM/document model interpretation or deterministic decision -> accountable next action -> human feedback/record","6","Input arrives -> system identifies the relevant condition -> user sees an accountable next action in context.","6","6","YES","LOW","NONE","H/M","HIGH","BORDERLINE","A model can add meaningful semantic/perceptual interpretation, but non-AI baselines, safety constraints, product scope, or evaluation uncertainty remain material.","False"
"P183","Link field notebook observations, samples and data provenance","scientist","6","scientist; notebook pages/sample IDs/data","Rules, forms, database/search, checklists, audit logs, and where applicable CP-SAT/graph optimization/statistics/signal processing.","7","Known categories, structured records, deterministic constraints, and accountable workflow state.","Open-ended semantic/perceptual cases only; these are not central enough here to justify a model.","Hybrid: model handles unstructured interpretation; deterministic workflow verifies, routes, and records the action.","LLM/VLM/document model","WITHOUT THE MODEL, semantic triage or extraction would be slower and less flexible, but structured forms, retrieval, templates, and human review still solve the core need.","6","AI-HELPFUL-BUT-NOT-NECESSARY","scientist -> scientist; notebook pages/sample IDs/data -> LLM/VLM/document model interpretation or deterministic decision -> accountable next action -> human feedback/record","6","Input arrives -> system identifies the relevant condition -> user sees an accountable next action in context.","6","6","YES","LOW","NONE","H/M","HIGH","BORDERLINE","A model can add meaningful semantic/perceptual interpretation, but non-AI baselines, safety constraints, product scope, or evaluation uncertainty remain material.","False"
"P184","Prevent lab specimen labeling/transport error cascades","laboratory team","6","laboratory team; labels, collection/transport events","Rules, forms, database/search, checklists, audit logs, and where applicable CP-SAT/graph optimization/statistics/signal processing.","8","Known categories, structured records, deterministic constraints, and accountable workflow state.","Open-ended semantic/perceptual cases only; these are not central enough here to justify a model.","No learned model in core system; conventional software is recommended.","none","No learned capability is central; deterministic workflow software is sufficient.","3","NON-AI-BETTER","laboratory team -> laboratory team; labels, collection/transport events -> none interpretation or deterministic decision -> accountable next action -> human feedback/record","5","No convincing model-dependent demo; show the classical workflow instead.","4","6","PARTIAL","HIGH","REGULATED","H/M","HIGH","KILL","A strong classical workflow/optimization/rules system addresses the core need without a learned model. High-consequence setting requires human accountable review and safety validation.","False"
"P185","Maintain attributable lab records and required review","regulated lab","6","regulated lab; notebooks/instrument data/deviations","Rules, forms, database/search, checklists, audit logs, and where applicable CP-SAT/graph optimization/statistics/signal processing.","8","Known categories, structured records, deterministic constraints, and accountable workflow state.","Open-ended semantic/perceptual cases only; these are not central enough here to justify a model.","No learned model in core system; conventional software is recommended.","none","No learned capability is central; deterministic workflow software is sufficient.","3","NON-AI-BETTER","regulated lab -> regulated lab; notebooks/instrument data/deviations -> none interpretation or deterministic decision -> accountable next action -> human feedback/record","5","No convincing model-dependent demo; show the classical workflow instead.","4","6","PARTIAL","HIGH","REGULATED","H/M","HIGH","KILL","A strong classical workflow/optimization/rules system addresses the core need without a learned model. High-consequence setting requires human accountable review and safety validation.","False"
"P186","Capture biosafety near misses despite reporting friction","laboratory worker","8","laboratory worker; narrative/voice incident report","Rules, forms, database/search, checklists, audit logs, and where applicable CP-SAT/graph optimization/statistics/signal processing.","9","Known categories, structured records, deterministic constraints, and accountable workflow state.","Open-ended semantic/perceptual cases only; these are not central enough here to justify a model.","No learned model in core system; conventional software is recommended.","none","WITHOUT THE MODEL, the core need still works through deterministic rules, search, databases, statistics, graph algorithms, or CP-SAT.","2","NON-AI-BETTER","laboratory worker -> laboratory worker; narrative/voice incident report -> none interpretation or deterministic decision -> accountable next action -> human feedback/record","5","No convincing model-dependent demo; show the classical workflow instead.","4","8","PARTIAL","HIGH","REGULATED","H/M","HIGH","KILL","ALGORITHM_TRAP: classical systems directly solve the stated decision/workflow. High-consequence setting requires human accountable review and safety validation.","True"
